20:01,14.0,14.5,14.0,14.0,13.8,42.5,16.0,0,1028.9,86,0,90,1790971302
20:02,14.0,14.5,13.8,13.8,13.8,42.5,16.0,0,1028.9,85,0,90,1790971362
20:03,14.0,14.5,14.0,14.0,13.8,42.2,16.0,0,1028.9,86,0,90,1790971422
20:04,14.0,14.5,13.8,13.8,13.8,42.2,16.0,0,1028.9,86,0,90,1790971482
20:05,14.0,14.5,13.8,13.8,13.8,42.2,16.0,0,1028.9,86,0,90,1790971542
20:06,14.0,14.5,13.8,13.8,13.8,42.2,16.0,0,1028.9,86,0,90,1790971602
20:07,14.0,14.5,13.8,13.8,13.8,42.2,16.0,0,1028.9,86,0,90,1790971662
20:08,14.0,14.5,13.8,13.8,13.8,42.2,16.0,0,1028.9,86,0,90,1790971722
20:09,14.0,14.5,13.8,13.8,13.8,42.2,16.0,0,1028.9,86,0,90,1790971782
20:10,14.0,14.5,13.8,13.8,13.8,42.0,16.0,0,1028.9,86,0,90,1790971842
20:11,14.0,14.5,13.8,13.8,13.8,42.0,16.0,0,1029.0,86,0,90,1790971902
20:12,14.0,14.5,13.8,13.8,13.8,42.0,16.0,0,1029.0,86,0,90,1790971962
20:13,14.0,14.5,13.8,13.8,13.8,42.0,16.0,0,1029.0,86,0,90,1790972022
20:14,13.5,14.5,13.8,13.8,13.8,42.0,16.0,0,1029.0,86,0,90,1790972082
20:15,14.0,14.5,13.8,13.8,13.8,42.0,16.0,0,1029.0,86,0,90,1790972142
20:16,13.5,14.5,13.8,13.8,13.8,42.0,16.0,0,1029.0,86,0,90,1790972202
20:17,13.5,14.5,13.8,13.8,13.8,41.7,16.0,0,1029.0,86,0,90,1790972262
20:18,13.5,14.5,13.8,13.8,13.5,41.7,16.0,0,1029.0,86,0,90,1790972322
20:19,13.5,14.5,13.8,13.8,13.5,41.7,16.0,0,1029.0,86,0,90,1790972382
20:20,13.5,14.5,13.8,13.8,13.5,41.7,16.0,0,1029.0,86,0,90,1790972442
20:21,13.5,14.3,13.8,13.8,13.5,41.7,16.0,0,1029.0,86,0,90,1790972502
20:22,13.5,14.3,13.8,13.8,13.5,41.7,16.0,0,1029.0,86,0,90,1790972562
20:23,13.5,14.3,13.8,13.8,13.5,41.7,16.0,0,1029.0,86,0,90,1790972622
20:24,13.5,14.3,13.8,13.8,13.5,41.5,16.0,0,1029.0,86,0,90,1790972682
20:25,13.5,14.3,13.8,13.8,13.5,41.5,16.0,0,1029.0,86,0,90,1790972742
20:26,13.5,14.3,13.8,13.8,13.5,41.5,16.0,0,1029.0,86,0,90,1790972802
20:27,13.5,14.3,13.8,13.8,13.5,41.5,16.0,0,1029.0,86,0,90,1790972862
20:28,13.5,14.3,13.8,13.8,13.5,41.5,16.0,0,1029.0,86,0,90,1790972922
20:29,13.5,14.3,13.8,13.8,13.5,41.5,16.0,0,1028.9,86,0,90,1790972982
20:30,13.5,14.3,13.8,13.8,13.5,41.5,16.0,0,1028.9,86,0,90,1790973042
20:31,13.0,14.3,13.8,13.8,13.5,41.2,16.0,0,1028.9,86,0,90,1790973102
20:32,13.0,14.3,13.8,13.8,13.5,41.2,16.0,0,1028.9,87,0,90,1790973162
20:33,13.0,14.3,13.8,13.8,13.5,41.2,16.0,0,1028.9,87,0,90,1790973222
20:34,13.0,14.3,13.5,13.5,13.3,41.2,16.0,0,1028.9,87,0,90,1790973282
20:35,13.0,14.3,13.5,13.5,13.3,41.2,16.0,0,1028.9,86,0,90,1790973342
20:36,13.0,14.3,13.5,13.5,13.5,41.2,16.0,0,1028.9,87,0,90,1790973402
20:37,13.0,14.3,13.5,13.5,13.3,41.2,16.0,0,1028.9,86,0,90,1790973462
20:38,13.0,14.3,13.5,13.5,13.3,41.2,16.0,0,1028.9,87,0,90,1790973522
20:39,13.0,14.3,13.5,13.5,13.3,41.2,16.0,0,1028.9,86,0,90,1790973582
20:40,13.0,14.3,13.5,13.5,13.3,41.0,16.0,0,1028.8,86,0,90,1790973642
20:41,13.0,14.3,13.5,13.5,13.3,41.0,16.0,0,1028.8,86,0,90,1790973702
20:42,12.5,14.3,13.5,13.5,13.3,41.0,16.0,0,1028.8,86,0,90,1790973762
20:43,12.5,14.3,13.5,13.5,13.3,41.0,16.0,0,1028.8,87,0,90,1790973822
20:44,12.5,14.3,13.5,13.5,13.3,41.0,16.0,0,1028.8,87,0,90,1790973882
20:45,12.5,14.3,13.5,13.5,13.3,41.0,16.0,0,1028.8,87,0,90,1790973942
20:46,12.5,14.3,13.5,13.5,13.3,40.8,16.0,0,1028.8,87,0,90,1790974002
20:47,12.5,14.3,13.5,13.5,13.3,40.8,16.0,0,1028.8,87,0,90,1790974062
20:48,12.5,14.3,13.5,13.5,13.3,40.8,16.0,0,1028.8,87,0,90,1790974122
20:49,12.5,14.3,13.5,13.5,13.3,40.8,16.0,0,1028.8,87,0,90,1790974182
20:50,12.5,14.3,13.5,13.5,13.3,40.8,16.0,0,1028.8,87,0,90,1790974242
20:51,12.5,14.3,13.5,13.5,13.3,40.8,16.0,0,1028.8,87,0,90,1790974302
20:52,12.5,14.3,13.5,13.5,13.3,40.8,16.0,0,1028.8,87,0,90,1790974362
20:53,12.5,14.3,13.5,13.5,13.3,40.8,16.0,0,1028.8,87,0,90,1790974422
20:54,12.5,14.3,13.5,13.5,13.3,40.5,16.0,0,1028.8,87,0,90,1790974482
20:55,12.5,14.3,13.5,13.5,13.3,40.5,16.0,0,1028.8,87,0,90,1790974542
20:56,12.5,14.3,13.5,13.5,13.0,40.5,16.0,0,1028.8,87,0,90,1790974602
20:57,12.5,14.3,13.5,13.5,13.0,40.5,16.0,0,1028.8,87,0,90,1790974662
20:58,12.5,14.3,13.5,13.5,13.0,40.5,16.0,0,1028.8,87,0,90,1790974722
20:59,12.5,14.3,13.5,13.5,13.0,40.5,16.0,0,1028.8,87,0,90,1790974782
21:00,12.5,14.3,13.5,13.5,13.0,40.5,16.0,0,1028.8,87,0,90,1790974842
21:01,12.5,14.0,13.5,13.5,13.0,40.2,16.0,0,1028.8,87,0,90,1790974902
21:02,12.5,14.0,13.5,13.5,13.0,40.2,16.0,0,1028.8,87,0,90,1790974962
21:03,12.5,14.0,13.5,13.5,13.0,40.2,16.0,0,1028.8,87,0,90,1790975022
21:04,12.0,14.0,13.5,13.5,13.0,40.2,16.0,0,1028.8,87,0,90,1790975082
21:05,12.0,14.0,13.5,13.5,13.0,40.2,16.0,0,1028.8,87,0,90,1790975142
21:06,12.0,14.0,13.5,13.5,13.0,40.2,16.0,0,1028.8,87,0,90,1790975202
21:07,12.0,14.0,13.5,13.3,13.0,40.2,16.0,0,1028.8,87,0,90,1790975262
21:08,12.0,14.0,13.5,13.5,13.0,40.2,16.0,0,1028.8,87,0,90,1790975322
21:09,12.0,14.0,13.5,13.5,13.0,40.2,16.0,0,1028.8,87,0,90,1790975382
21:10,12.0,14.0,13.3,13.3,13.0,40.0,16.0,0,1028.8,87,0,90,1790975442
21:11,12.0,14.0,13.3,13.3,13.0,40.0,16.0,0,1028.9,87,0,90,1790975502
21:12,12.0,14.0,13.3,13.3,13.0,40.0,16.0,0,1028.9,88,0,90,1790975562
21:13,12.0,14.0,13.3,13.3,13.0,40.0,16.0,0,1028.9,88,0,90,1790975622
21:14,12.0,14.0,13.3,13.3,13.0,40.0,16.0,0,1028.9,88,0,90,1790975682
21:15,12.0,14.0,13.3,13.3,13.0,40.0,16.0,0,1028.8,88,0,90,1790975742
21:16,12.0,14.0,13.3,13.3,13.0,40.0,16.0,0,1028.8,88,0,90,1790975802
21:17,12.0,14.0,13.3,13.3,12.8,40.0,16.0,0,1028.8,88,0,90,1790975862
21:18,12.0,14.0,13.3,13.3,12.8,39.7,16.0,0,1028.8,88,0,90,1790975922
21:19,12.0,14.0,13.3,13.3,12.8,39.7,16.0,0,1028.9,88,0,90,1790975982
21:20,11.5,14.0,13.3,13.3,12.8,39.7,16.0,0,1028.8,88,0,90,1790976042
21:21,11.5,14.0,13.3,13.3,12.8,39.7,16.0,0,1028.8,88,0,90,1790976102
21:22,11.5,14.0,13.3,13.3,12.8,39.7,16.0,0,1028.9,88,0,90,1790976162
21:23,11.5,14.0,13.3,13.3,12.8,39.7,16.0,0,1028.9,88,0,90,1790976222
21:24,12.0,14.0,13.3,13.3,12.8,39.7,16.0,0,1028.9,88,0,90,1790976282
21:25,12.0,14.0,13.3,13.3,12.8,39.7,16.0,0,1028.9,88,0,90,1790976342
21:26,12.0,14.0,13.3,13.3,12.8,39.5,16.0,0,1028.9,88,0,90,1790976402
21:27,11.5,14.0,13.3,13.3,12.8,39.5,16.0,0,1028.9,88,0,90,1790976462
21:28,11.5,14.0,13.3,13.3,12.8,39.5,16.0,0,1028.9,88,0,90,1790976522
21:29,11.5,14.0,13.3,13.3,12.8,39.5,16.0,0,1028.9,88,0,90,1790976582
21:30,12.0,14.0,13.3,13.3,12.8,39.5,16.0,0,1028.9,88,0,90,1790976642
21:31,12.0,14.0,13.3,13.3,12.8,39.5,16.0,0,1028.9,88,0,90,1790976702
21:32,12.0,14.0,13.3,13.3,12.8,39.5,16.0,0,1028.9,88,0,90,1790976762
21:33,12.0,14.0,13.3,13.3,12.8,39.5,16.0,0,1028.9,88,0,90,1790976822
21:34,12.0,14.0,13.3,13.3,12.8,39.5,16.0,0,1028.9,88,0,90,1790976882
21:35,12.0,14.0,13.3,13.3,12.8,39.5,16.0,0,1028.8,88,0,90,1790976942
21:36,12.0,14.0,13.3,13.3,12.8,39.2,16.0,0,1028.8,88,0,90,1790977002
21:37,12.0,14.0,13.3,13.3,12.8,39.2,16.0,0,1028.8,88,0,90,1790977062
21:38,12.0,14.0,13.3,13.3,12.8,39.2,16.0,0,1028.8,88,0,90,1790977122
21:39,12.0,14.0,13.3,13.3,12.8,39.2,16.0,0,1028.8,88,0,90,1790977182
21:40,12.0,14.0,13.3,13.3,12.8,39.2,16.0,0,1028.8,88,0,90,1790977242
21:41,12.0,14.0,13.3,13.3,12.8,39.2,16.0,0,1028.8,88,0,90,1790977302
21:42,12.0,14.0,13.3,13.3,12.8,39.2,16.0,0,1028.8,88,0,90,1790977362
21:43,11.5,13.8,13.3,13.3,12.8,39.2,16.0,0,1028.7,88,0,90,1790977422
21:44,11.5,14.0,13.3,13.3,12.8,39.2,16.0,0,1028.7,88,0,90,1790977482
21:45,11.5,13.8,13.3,13.3,12.5,39.0,16.0,0,1028.7,88,0,90,1790977542
21:46,11.5,13.8,13.0,13.0,12.5,39.0,16.0,0,1028.7,88,0,90,1790977602
21:47,11.5,13.8,13.0,13.0,12.5,39.0,16.0,0,1028.7,88,0,90,1790977662
21:48,11.5,13.8,13.0,13.0,12.5,39.0,16.0,0,1028.7,88,0,90,1790977722
21:49,11.5,13.8,13.0,13.0,12.5,39.0,16.0,0,1028.7,88,0,90,1790977782
21:50,11.5,13.8,13.0,13.0,12.5,39.0,16.0,0,1028.7,88,0,90,1790977842
21:51,11.5,13.8,13.0,13.0,12.5,39.0,16.0,0,1028.7,88,0,90,1790977902
21:52,11.5,13.8,13.0,13.0,12.5,39.0,16.0,0,1028.7,88,0,90,1790977962
21:53,11.5,13.8,13.0,13.0,12.5,39.0,16.0,0,1028.7,88,0,90,1790978022
21:54,11.5,13.8,13.0,13.0,12.5,39.0,16.0,0,1028.7,88,0,90,1790978082
21:55,11.5,13.8,13.0,13.0,12.5,38.7,16.0,0,1028.7,88,0,90,1790978142
21:56,11.5,13.8,13.0,13.0,12.5,38.7,16.0,0,1028.8,88,0,90,1790978202
21:57,11.5,13.8,13.0,13.0,12.5,38.7,16.0,0,1028.7,89,0,90,1790978262
21:58,11.5,13.8,13.0,13.0,12.5,38.7,16.0,0,1028.7,89,0,90,1790978322
21:59,11.5,13.8,13.0,13.0,12.5,38.7,16.0,0,1028.7,89,0,90,1790978382
22:00,11.5,13.8,13.0,13.0,12.5,38.7,16.0,0,1028.7,89,0,90,1790978442
22:01,11.5,13.8,13.0,13.0,12.5,38.7,16.0,0,1028.7,89,0,90,1790978502
22:02,11.5,13.8,13.0,13.0,12.5,38.7,16.0,0,1028.7,89,0,90,1790978562
22:03,11.5,13.8,13.0,13.0,12.5,38.7,16.0,0,1028.7,89,0,90,1790978622
22:04,11.5,13.8,13.0,13.0,12.5,38.7,16.0,0,1028.8,89,0,90,1790978682
22:05,11.5,13.8,13.0,13.0,12.5,38.7,16.0,0,1028.7,89,0,90,1790978742
22:06,11.5,13.8,13.0,13.0,12.5,38.5,16.0,0,1028.7,88,0,90,1790978802
22:07,11.5,13.8,13.0,13.0,12.5,38.5,16.0,0,1028.7,88,0,90,1790978862
22:08,11.5,13.8,13.0,13.0,12.5,38.5,16.0,0,1028.7,89,0,90,1790978922
22:09,11.5,13.8,13.0,13.0,12.5,38.5,16.0,0,1028.7,89,0,90,1790978982
22:10,11.0,13.8,13.0,13.0,12.5,38.5,16.0,0,1028.7,89,0,90,1790979042
22:11,11.0,13.8,13.0,13.0,12.2,38.5,16.0,0,1028.7,89,0,90,1790979102
22:12,11.0,13.8,13.0,13.0,12.5,38.5,16.0,0,1028.7,89,0,90,1790979162
22:13,11.0,13.8,13.0,13.0,12.5,38.5,16.0,0,1028.7,89,0,90,1790979222
22:14,11.0,13.8,13.0,13.0,12.2,38.5,16.0,0,1028.7,89,0,90,1790979282
22:15,11.0,13.8,13.0,13.0,12.2,38.5,16.0,0,1028.7,89,0,90,1790979342
22:16,11.0,13.8,13.0,13.0,12.2,38.2,16.0,0,1028.7,89,0,90,1790979402
22:17,11.0,13.8,12.8,12.8,12.5,38.2,16.0,0,1028.7,89,0,90,1790979462
22:18,11.0,13.8,12.8,12.8,12.2,38.2,16.0,0,1028.7,89,0,90,1790979522
22:19,11.0,13.8,12.8,12.8,12.2,38.2,16.0,0,1028.7,89,0,90,1790979582
22:20,11.0,13.8,12.8,12.8,12.2,38.2,16.0,0,1028.7,89,0,90,1790979642
22:21,11.0,13.8,12.8,12.8,12.2,38.2,16.0,0,1028.7,89,0,90,1790979702
22:22,11.0,13.8,12.8,12.8,12.2,38.2,16.0,0,1028.7,89,0,90,1790979762
22:23,11.0,13.8,12.8,12.8,12.2,38.2,16.0,0,1028.7,89,0,90,1790979822
22:24,11.0,13.8,12.8,12.8,12.2,38.0,16.0,0,1028.7,89,0,90,1790979882
22:25,11.0,13.8,12.8,12.8,12.2,38.0,16.0,0,1028.7,89,0,90,1790979942
22:26,11.0,13.8,12.8,12.8,12.2,38.0,16.0,0,1028.7,89,0,90,1790980002
22:27,11.0,13.8,12.8,12.8,12.2,38.0,16.0,0,1028.7,89,0,90,1790980062
22:28,11.0,13.8,12.8,12.8,12.2,38.0,16.0,0,1028.7,89,0,90,1790980122
22:29,11.0,13.8,12.8,12.8,12.2,38.0,16.0,0,1028.7,89,0,90,1790980182
22:30,11.0,13.8,12.8,12.8,12.2,38.0,16.0,0,1028.7,89,0,90,1790980242
22:31,11.0,13.5,12.8,12.8,12.2,38.0,16.0,0,1028.7,89,0,90,1790980302
22:32,11.0,13.5,12.8,12.8,12.2,38.0,16.0,0,1028.6,89,0,90,1790980362
22:33,11.0,13.5,12.8,12.8,12.2,38.0,16.0,0,1028.6,89,0,90,1790980422
22:34,11.0,13.5,12.8,12.8,12.2,37.7,16.0,0,1028.6,89,0,90,1790980482
22:35,11.0,13.5,12.8,12.8,12.2,37.7,16.0,0,1028.6,89,0,90,1790980542
22:36,11.0,13.5,12.8,12.8,12.2,37.7,16.0,0,1028.6,89,0,90,1790980602
22:37,11.0,13.5,12.8,12.8,12.2,37.7,16.0,0,1028.6,89,0,90,1790980662
22:38,10.5,13.5,12.8,12.8,12.2,37.7,16.0,0,1028.6,89,0,90,1790980722
22:39,10.5,13.5,12.8,12.8,12.2,37.7,16.0,0,1028.6,89,0,90,1790980782
22:40,10.5,13.5,12.8,12.8,12.2,37.7,16.0,0,1028.6,89,0,90,1790980842
22:41,10.5,13.5,12.8,12.8,12.2,37.7,16.0,0,1028.6,89,0,90,1790980902
22:42,10.5,13.5,12.8,12.8,12.0,37.7,16.0,0,1028.6,89,0,90,1790980962
22:43,10.5,13.5,12.8,12.8,12.0,37.7,16.0,0,1028.6,89,0,90,1790981022
22:44,10.5,13.5,12.8,12.8,12.0,37.7,16.0,0,1028.6,89,0,90,1790981082
22:45,10.5,13.5,12.8,12.8,12.0,37.5,16.0,0,1028.6,89,0,90,1790981142
22:46,10.5,13.5,12.8,12.8,12.0,37.5,16.0,0,1028.6,89,0,90,1790981202
22:47,10.5,13.5,12.8,12.8,12.0,37.5,16.0,0,1028.6,89,0,90,1790981262
22:48,10.5,13.5,12.5,12.8,12.0,37.5,16.0,0,1028.6,89,0,90,1790981322
22:49,10.0,13.5,12.5,12.5,12.0,37.5,16.0,0,1028.6,89,0,90,1790981382
22:50,10.0,13.5,12.5,12.5,12.0,37.5,16.0,0,1028.6,89,0,90,1790981442
22:51,10.0,13.5,12.5,12.5,12.0,37.5,16.0,0,1028.6,89,0,90,1790981502
22:52,10.0,13.5,12.5,12.5,12.0,37.5,16.0,0,1028.6,89,0,90,1790981562
22:53,10.0,13.5,12.5,12.5,12.0,37.5,16.0,0,1028.6,89,0,90,1790981622
22:54,10.0,13.5,12.5,12.5,12.0,37.5,16.0,0,1028.6,89,0,90,1790981682
22:55,10.0,13.5,12.5,12.5,12.0,37.5,16.0,0,1028.6,89,0,90,1790981742
22:56,10.0,13.5,12.5,12.5,12.0,37.5,16.0,0,1028.6,89,0,90,1790981802
22:57,10.0,13.5,12.5,12.5,12.0,37.2,16.0,0,1028.7,89,0,90,1790981862
22:58,10.0,13.5,12.5,12.5,12.0,37.2,16.0,0,1028.7,89,0,90,1790981922
22:59,10.0,13.5,12.5,12.5,12.0,37.2,16.0,0,1028.7,89,0,90,1790981982
23:00,10.0,13.5,12.5,12.5,12.0,37.2,16.0,0,1028.7,89,0,90,1790982043
23:01,10.0,13.5,12.5,12.5,12.0,37.2,16.0,0,1028.7,89,0,90,1790982103
23:02,10.0,13.5,12.5,12.5,12.0,37.2,16.0,0,1028.7,89,0,90,1790982163
23:03,10.0,13.5,12.5,12.5,12.0,37.2,16.0,0,1028.7,89,0,90,1790982223
23:04,10.0,13.5,12.5,12.5,12.0,37.2,16.0,0,1028.7,89,0,90,1790982283
23:05,10.0,13.5,12.5,12.5,12.0,37.2,16.0,0,1028.7,89,0,90,1790982343
23:06,9.5,13.5,12.5,12.5,12.0,37.2,16.0,0,1028.7,90,0,90,1790982403
23:07,10.0,13.5,12.5,12.5,12.0,37.2,16.0,0,1028.7,90,0,90,1790982463
23:08,10.0,13.5,12.5,12.5,12.0,37.0,16.0,0,1028.7,90,0,90,1790982523
23:09,10.0,13.5,12.5,12.5,12.0,37.0,16.0,0,1028.7,90,0,90,1790982583
23:10,10.0,13.5,12.5,12.5,11.8,37.0,16.0,0,1028.7,90,0,90,1790982643
23:11,10.0,13.5,12.5,12.5,12.0,37.0,16.0,0,1028.7,90,0,90,1790982703
23:12,10.0,13.5,12.5,12.5,11.8,37.0,16.0,0,1028.7,90,0,90,1790982763
23:13,10.0,13.5,12.5,12.5,11.8,37.0,16.0,0,1028.7,90,0,90,1790982823
23:14,10.0,13.5,12.5,12.5,11.8,37.0,16.0,0,1028.7,90,0,90,1790982883
23:15,10.0,13.5,12.5,12.5,11.8,37.0,16.0,0,1028.7,90,0,90,1790982943
23:16,10.0,13.5,12.2,12.2,11.8,37.0,16.0,0,1028.7,90,0,90,1790983003
23:17,10.0,13.5,12.2,12.2,11.8,37.0,16.0,0,1028.7,90,0,90,1790983063
23:18,10.0,13.5,12.2,12.2,11.8,37.0,16.0,0,1028.7,90,0,90,1790983123
23:19,10.0,13.5,12.2,12.2,11.8,36.7,16.0,0,1028.7,90,0,90,1790983183
23:20,10.0,13.5,12.2,12.2,11.8,36.7,16.0,0,1028.7,90,0,90,1790983243
23:21,10.0,13.5,12.2,12.2,11.8,36.7,16.0,0,1028.7,90,0,90,1790983303
23:22,9.5,13.5,12.2,12.2,11.8,36.7,16.0,0,1028.7,89,0,90,1790983363
23:23,9.5,13.5,12.2,12.2,11.8,36.7,16.0,0,1028.8,89,0,90,1790983423
23:24,9.5,13.5,12.2,12.2,11.8,36.7,16.0,0,1028.8,89,0,90,1790983483
23:25,9.5,13.3,12.2,12.2,11.8,36.7,16.0,0,1028.7,90,0,90,1790983543
23:26,9.5,13.5,12.2,12.2,11.8,36.7,16.0,0,1028.7,90,0,90,1790983603
23:27,9.5,13.3,12.2,12.2,11.8,36.7,16.0,0,1028.8,90,0,90,1790983663
23:28,9.5,13.3,12.2,12.2,11.8,36.5,16.0,0,1028.8,90,0,90,1790983723
23:29,9.5,13.3,12.2,12.2,11.8,36.5,16.0,0,1028.7,90,0,90,1790983783
23:30,9.5,13.3,12.2,12.2,11.8,36.5,16.0,0,1028.8,90,0,90,1790983843
23:31,9.5,13.3,12.2,12.2,11.8,36.5,16.0,0,1028.8,90,0,90,1790983903
23:32,9.5,13.3,12.2,12.2,11.8,36.5,16.0,0,1028.8,90,0,90,1790983963
23:33,9.5,13.3,12.2,12.2,11.8,36.5,16.0,0,1028.8,90,0,90,1790984023
23:34,9.5,13.3,12.2,12.2,11.8,36.5,16.0,0,1028.8,90,0,90,1790984083
23:35,10.0,13.3,12.2,12.2,11.8,36.5,16.0,0,1028.8, 0,0,90,1790984143
23:36,9.5,13.3,12.2,12.2,11.8,36.2,16.0,0,1028.8,90,0,90,1790984203
23:37,10.0,13.3,12.2,12.2,11.8,36.2,16.0,0,1028.8,90,0,90,1790984263
23:38,10.0,13.3,12.2,12.2,11.8,36.2,16.0,0,1028.8,90,0,90,1790984323
23:39,10.0,13.3,12.2,12.2,11.8,36.2,16.0,0,1028.8,90,0,90,1790984383
23:40,10.0,13.3,12.2,12.2,11.5,36.2,16.0,0,1028.8,90,0,90,1790984443
23:41,10.0,13.3,12.2,12.2,11.5,36.2,16.0,0,1028.8,90,0,90,1790984503
23:42,10.0,13.3,12.0,12.0,11.5,36.2,16.0,0,1028.8,90,0,90,1790984563
23:43,10.0,13.3,12.0,12.0,11.5,36.2,16.0,0,1028.8,90,0,90,1790984623
23:44,10.0,13.3,12.0,12.0,11.5,36.2,16.0,0,1028.8,90,0,90,1790984683
23:45,9.5,13.3,12.0,12.0,11.5,36.2,16.0,0,1028.8,90,0,90,1790984743
23:46,9.5,13.3,12.0,12.0,11.5,36.0,16.0,0,1028.8,90,0,90,1790984803
23:47,10.0,13.3,12.0,12.0,11.5,36.0,16.0,0,1028.8,90,0,90,1790984863
23:48,10.0,13.3,12.0,12.0,11.5,36.0,16.0,0,1028.8,90,0,90,1790984923
23:49,10.0,13.3,12.0,12.0,11.5,36.0,16.0,0,1028.8,90,0,90,1790984983
23:50,10.0,13.3,12.0,12.0,11.5,36.0,16.0,0,1028.8,90,0,90,1790985043
23:51,10.0,13.3,12.0,12.0,11.5,36.0,16.0,0,1028.8,90,0,90,1790985103
23:52,10.0,13.3,12.0,12.0,11.5,36.0,16.0,0,1028.8,90,0,90,1790985163
23:53,10.0,13.3,12.0,12.0,11.5,36.0,16.0,0,1028.9,90,0,90,1790985223
23:54,10.0,13.3,12.0,12.0,11.5,36.0,16.0,0,1028.9,90,0,90,1790985283
23:55,10.0,13.3,12.0,12.0,11.5,36.0,16.0,0,1028.9,90,0,90,1790985343
23:56,9.5,13.3,12.0,12.0,11.5,35.7,16.0,0,1028.9,90,0,90,1790985403
23:57,10.0,13.3,12.0,12.0,11.5,35.7,16.0,0,1028.9,90,0,90,1790985463
23:58,10.0,13.3,12.0,12.0,11.5,35.7,16.0,0,1028.9,90,0,90,1790985523
23:59,10.0,13.3,12.0,12.0,11.5,35.7,16.0,0,1028.9,90,0,90,1790985583
00:00,10.0,13.3,12.0,12.0,11.5,35.7,16.0,0,1029.0,90,0,90,1790985643
00:01,10.0,13.3,12.0,12.0,11.5,35.7,16.0,0,1029.0,90,0,90,1790985703
00:02,10.0,13.3,12.0,12.0,11.5,35.7,16.0,0,1028.9,90,0,90,1790985763
00:03,9.5,13.3,12.0,12.0,11.5,35.7,16.0,0,1028.9,90,0,90,1790985823
00:04,9.5,13.3,12.0,12.0,11.5,35.7,16.0,0,1028.9,90,0,90,1790985883
00:05,9.5,13.3,12.0,12.0,11.5,35.7,16.0,0,1028.9,90,0,90,1790985943
00:06,9.5,13.3,12.0,12.0,11.5,35.7,16.0,0,1028.9,90,0,90,1790986003
00:07,9.5,13.3,12.0,12.0,11.5,35.7,16.0,0,1028.9,90,0,90,1790986063
00:08,9.5,13.3,11.8,11.8,11.5,35.5,16.0,0,1028.9,90,0,90,1790986123
00:09,9.5,13.3,11.8,11.8,11.3,35.5,16.0,0,1028.9,90,0,90,1790986183
00:10,9.5,13.3,11.8,11.8,11.5,35.5,16.0,0,1029.0,90,0,90,1790986243
00:11,9.5,13.3,11.8,11.8,11.5,35.5,16.0,0,1029.0,90,0,90,1790986303
00:12,9.5,13.3,11.8,11.8,11.3,35.5,16.0,0,1029.0,90,0,90,1790986363
00:13,9.5,13.3,11.8,11.8,11.3,35.5,16.0,0,1028.9,90,0,90,1790986423
00:14,9.5,13.3,11.8,11.8,11.3,35.5,16.0,0,1028.9,90,0,90,1790986483
00:15,9.5,13.3,11.8,11.8,11.3,35.5,16.0,0,1029.0,90,0,90,1790986543
00:16,9.5,13.3,11.8,11.8,11.3,35.5,16.0,0,1029.0,90,0,90,1790986603
00:17,9.5,13.3,11.8,11.8,11.3,35.5,16.0,0,1029.0,90,0,90,1790986663
00:18,9.5,13.0,11.8,11.8,11.3,35.5,16.0,0,1029.0,90,0,90,1790986723
00:19,9.5,13.0,11.8,11.8,11.3,35.2,16.0,0,1029.0,90,0,90,1790986783
00:20,9.0,13.3,11.8,11.8,11.3,35.2,16.0,0,1029.0,90,0,90,1790986843
00:21,9.0,13.0,11.8,11.8,11.3,35.2,16.0,0,1029.0,90,0,90,1790986903
00:22,9.0,13.0,11.8,11.8,11.3,35.2,16.0,0,1029.0,90,0,90,1790986963
00:23,9.5,13.0,11.8,11.8,11.3,35.2,16.0,0,1029.0,90,0,90,1790987023
00:24,9.5,13.0,11.8,11.8,11.3,35.2,16.0,0,1029.0,90,0,90,1790987083
00:25,9.5,13.0,11.8,11.8,11.3,35.2,16.0,0,1029.0,90,0,90,1790987143
00:26,9.5,13.0,11.8,11.8,11.3,35.2,16.0,0,1029.0,90,0,90,1790987203
00:27,9.5,13.0,11.8,11.8,11.3,35.2,16.0,0,1029.0,90,0,90,1790987263
00:28,9.5,13.0,11.8,11.8,11.3,35.2,16.0,0,1029.0,90,0,90,1790987323
00:29,9.5,13.0,11.8,11.8,11.3,35.2,16.0,0,1029.0,90,0,90,1790987383
00:30,9.0,13.0,11.8,11.8,11.3,35.0,16.0,0,1029.0,90,0,90,1790987443
00:31,9.5,13.0,11.8,11.8,11.3,35.0,16.0,0,1029.0,90,0,90,1790987503
00:32,9.0,13.0,11.8,11.8,11.3,35.0,16.0,0,1029.0,90,0,90,1790987563
00:33,9.0,13.0,11.8,11.8,11.3,35.0,16.0,0,1029.0,90,0,90,1790987623
00:34,9.0,13.0,11.8,11.8,11.3,35.0,16.0,0,1029.0,90,0,90,1790987683
00:35,9.0,13.0,11.8,11.8,11.3,35.0,16.0,0,1029.0,90,0,90,1790987743
00:36,9.0,13.0,11.5,11.5,11.3,35.0,16.0,0,1029.0,90,0,90,1790987803
00:37,9.0,13.0,11.5,11.5,11.3,35.0,16.0,0,1029.0,90,0,90,1790987863
00:38,9.0,13.0,11.5,11.5,11.0,35.0,16.0,0,1029.0,90,0,90,1790987923
00:39,9.0,13.0,11.5,11.5,11.3,34.7,16.0,0,1029.0,90,0,90,1790987983
00:40,9.0,13.0,11.5,11.5,11.0,34.7,16.0,0,1029.0,90,0,90,1790988043
00:41,9.0,13.0,11.5,11.5,11.0,34.7,16.0,0,1029.0,90,0,90,1790988103
00:42,9.0,13.0,11.5,11.5,11.0,34.7,16.0,0,1029.0,90,0,90,1790988163
00:43,9.0,13.0,11.5,11.5,11.0,34.7,16.0,0,1029.0,90,0,90,1790988223
00:44,9.0,13.0,11.5,11.5,11.0,34.7,16.0,0,1029.0,90,0,90,1790988283
00:45,9.0,13.0,11.5,11.5,11.0,34.7,16.0,0,1029.0,90,0,90,1790988343
00:46,9.0,13.0,11.5,11.5,11.0,34.7,16.0,0,1029.0,90,0,90,1790988403
00:47,9.0,13.0,11.5,11.5,11.0,34.7,16.0,0,1029.0,90,0,90,1790988463
00:48,9.0,13.0,11.5,11.5,11.0,34.7,16.0,0,1029.0,90,0,90,1790988523
00:49,9.0,13.0,11.5,11.5,11.0,34.7,16.0,0,1029.0,90,0,90,1790988583
00:50,9.0,13.0,11.5,11.5,11.0,34.5,16.0,0,1029.0,90,0,90,1790988643
00:51,9.0,13.0,11.5,11.5,11.0,34.5,16.0,0,1029.0,90,0,90,1790988703
00:52,9.0,13.0,11.5,11.5,11.0,34.5,16.0,0,1029.0,90,0,90,1790988763
00:53,9.0,13.0,11.5,11.5,11.0,34.5,16.0,0,1029.0,90,0,90,1790988823
00:54,9.0,13.0,11.5,11.5,11.0,34.5,16.0,0,1029.0,90,0,90,1790988883
00:55,9.0,13.0,11.5,11.5,11.0,34.5,16.0,0,1029.0,90,0,90,1790988943
00:56,9.0,13.0,11.5,11.5,11.0,34.5,16.0,0,1029.0,90,0,90,1790989003
00:57,9.0,13.0,11.5,11.5,11.0,34.5,16.0,0,1029.0,90,0,90,1790989063
00:58,9.0,13.0,11.5,11.5,11.0,34.5,16.0,0,1029.0,90,0,90,1790989123
00:59,9.0,13.0,11.5,11.5,11.0,34.5,16.0,0,1029.0,90,0,90,1790989183
01:00,9.0,13.0,11.5,11.5,11.0,34.5,16.0,0,1029.0, 0,0,90,1790989243
01:01,9.0,13.0,11.5,11.5,11.0,34.2,16.0,0,1029.0,90,0,90,1790989303
01:02,9.0,13.0,11.3,11.5,11.0,34.5,16.0,0,1029.0,90,0,90,1790989363
01:03,9.0,13.0,11.3,11.3,11.0,34.5,16.0,0,1029.0,90,0,90,1790989423
01:04,9.0,13.0,11.3,11.3,11.0,34.2,16.0,0,1029.0,90,0,90,1790989483
01:05,9.0,13.0,11.3,11.3,11.0,34.2,16.0,0,1029.0,90,0,90,1790989543
01:06,9.0,13.0,11.3,11.3,11.0,34.2,16.0,0,1029.0,90,0,90,1790989603
01:07,9.0,13.0,11.3,11.3,11.0,34.2,16.0,0,1029.0,90,0,90,1790989663
01:08,9.0,13.0,11.3,11.3,11.0,34.2,16.0,0,1029.0,90,0,90,1790989723
01:09,8.5,13.0,11.3,11.3,10.8,34.2,16.0,0,1029.0,90,0,90,1790989783
01:10,8.5,13.0,11.3,11.3,10.8,34.2,16.0,0,1029.0,90,0,90,1790989843
01:11,8.5,13.0,11.3,11.3,11.0,34.2,16.0,0,1029.0,90,0,90,1790989903
01:12,8.5,13.0,11.3,11.3,10.8,34.2,16.0,0,1029.0,90,0,90,1790989963
01:13,8.5,13.0,11.3,11.3,10.8,34.2,16.0,0,1029.0,90,0,90,1790990023
01:14,8.5,13.0,11.3,11.3,10.8,34.2,16.0,0,1029.0,90,0,90,1790990083
01:15,8.5,13.0,11.3,11.3,10.8,34.2,16.0,0,1029.0,90,0,90,1790990143
01:16,8.5,13.0,11.3,11.3,10.8,34.2,16.0,0,1029.0,90,0,90,1790990203
01:17,8.5,13.0,11.3,11.3,10.8,34.0,16.0,0,1029.0,90,0,90,1790990263
01:18,8.5,13.0,11.3,11.3,10.8,34.0,16.0,0,1029.0,91,0,90,1790990323
01:19,8.5,13.0,11.3,11.3,10.8,34.0,16.0,0,1029.0,91,0,90,1790990383
01:20,8.5,13.0,11.3,11.3,10.8,34.0,16.0,0,1029.0,90,0,90,1790990443
01:21,8.5,12.8,11.3,11.3,10.8,34.0,16.0,0,1029.0,90,0,90,1790990503
01:22,8.5,13.0,11.3,11.3,10.8,34.0,16.0,0,1029.0,90,0,90,1790990563
01:23,9.0,12.8,11.3,11.3,10.8,34.0,16.0,0,1029.0,90,0,90,1790990623
01:24,8.5,13.0,11.3,11.3,10.8,34.0,16.0,0,1029.0,90,0,90,1790990683
01:25,9.0,12.8,11.3,11.3,10.8,34.0,16.0,0,1029.0,90,0,90,1790990743
01:26,8.5,13.0,11.3,11.3,10.8,34.0,16.0,0,1029.0,90,0,90,1790990803
01:27,8.5,12.8,11.0,11.0,10.8,34.0,16.0,0,1029.0,90,0,90,1790990863
01:28,9.0,12.8,11.0,11.0,10.8,33.7,16.0,0,1029.0,90,0,90,1790990923
01:29,8.5,12.8,11.0,11.0,10.8,33.7,16.0,0,1029.0,90,0,90,1790990983
01:30,8.5,12.8,11.3,11.3,10.8,33.7,16.0,0,1029.0,90,0,90,1790991043
01:31,8.5,12.8,11.0,11.0,10.8,33.7,16.0,0,1028.9,90,0,90,1790991103
01:32,8.5,12.8,11.0,11.0,10.8,33.7,16.0,0,1028.9,90,0,90,1790991163
01:33,8.5,12.8,11.0,11.0,10.8,33.7,16.0,0,1028.9,90,0,90,1790991223
01:34,8.5,12.8,11.0,11.0,10.8,33.7,16.0,0,1028.9,90,0,90,1790991283
01:35,8.5,12.8,11.0,11.0,10.8,33.7,16.0,0,1028.9,90,0,90,1790991343
01:36,8.5,12.8,11.0,11.0,10.8,33.7,16.0,0,1028.9,90,0,90,1790991403
01:37,8.5,12.8,11.0,11.0,10.8,33.7,16.0,0,1028.9,90,0,90,1790991464
01:38,8.5,12.8,11.0,11.0,10.8,33.5,16.0,0,1028.9,90,0,90,1790991524
01:39,8.5,12.8,11.0,11.0,10.8,33.5,16.0,0,1028.9,90,0,90,1790991584
01:40,8.5,12.8,11.0,11.0,10.8,33.5,16.0,0,1028.9,90,0,90,1790991644
01:41,8.5,12.8,11.0,11.0,10.5,33.5,16.0,0,1028.9,90,0,90,1790991704
01:42,8.5,12.8,11.0,11.0,10.5,33.5,16.0,0,1028.9,90,0,90,1790991764
01:43,8.5,12.8,11.0,11.0,10.5,33.5,16.0,0,1028.9,90,0,90,1790991824
01:44,8.5,12.8,11.0,11.0,10.5,33.5,16.0,0,1028.9,90,0,90,1790991884
01:45,8.5,12.8,11.0,11.0,10.5,33.5,16.0,0,1028.9,90,0,90,1790991944
01:46,8.5,12.8,11.0,11.0,10.5,33.5,16.0,0,1028.9,90,0,90,1790992004
01:47,8.5,12.8,11.0,11.0,10.5,33.5,16.0,0,1028.9,90,0,90,1790992064
01:48,8.5,12.8,11.0,11.0,10.5,33.5,16.0,0,1028.9,90,0,90,1790992124
01:49,8.5,12.8,11.0,11.0,10.5,33.5,16.0,0,1028.9,90,0,90,1790992184
01:50,8.5,12.8,11.0,11.0,10.5,33.2,16.0,0,1028.9,90,0,90,1790992244
01:51,8.5,12.8,10.8,10.8,10.5,33.2,16.0,0,1028.9,90,0,90,1790992304
01:52,8.5,12.8,10.8,10.8,10.5,33.2,16.0,0,1028.8,90,0,90,1790992364
01:53,8.5,12.8,10.8,10.8,10.5,33.2,16.0,0,1028.9,90,0,90,1790992424
01:54,8.5,12.8,10.8,10.8,10.5,33.2,16.0,0,1028.8,90,0,90,1790992484
01:55,8.5,12.8,10.8,10.8,10.5,33.2,16.0,0,1028.8,90,0,90,1790992544
01:56,8.5,12.8,10.8,10.8,10.5,33.2,16.0,0,1028.9,90,0,90,1790992604
01:57,8.5,12.8,10.8,10.8,10.5,33.2,16.0,0,1028.8,90,0,90,1790992664
01:58,8.5,12.8,10.8,10.8,10.5,33.2,16.0,0,1028.8,90,0,90,1790992724
01:59,8.5,12.8,10.8,10.8,10.5,33.2,16.0,0,1028.8,90,0,90,1790992784
02:00,8.5,12.8,10.8,10.8,10.5,33.2,16.0,0,1028.9,90,0,90,1790992844
02:01,8.5,12.8,10.8,10.8,10.5,33.0,16.0,0,1028.8,90,0,90,1790992904
02:02,8.5,12.8,10.8,10.8,10.5,33.0,16.0,0,1028.8,90,0,90,1790992964
02:03,8.5,12.8,10.8,10.8,10.5,33.0,16.0,0,1028.8,90,0,90,1790993024
02:04,8.0,12.8,10.8,10.8,10.5,33.0,16.0,0,1028.8,90,0,90,1790993084
02:05,8.0,12.8,10.8,10.8,10.5,33.0,15.5,0,1028.8,90,0,90,1790993144
02:06,8.5,12.8,10.8,10.8,10.5,33.0,16.0,0,1028.8,90,0,90,1790993204
02:07,8.0,12.8,10.8,10.8,10.5,33.0,16.0,0,1028.8, 0,0,90,1790993264
02:08,8.0,12.8,10.8,10.8,10.5,33.0,16.0,0,1028.8,90,0,90,1790993324
02:09,8.5,12.8,10.8,10.8,10.5,33.0,15.5,0,1028.8,90,0,90,1790993384
02:10,8.5,12.8,10.8,10.8,10.3,33.0,16.0,0,1028.7,90,0,90,1790993444
02:11,8.5,12.8,10.8,10.8,10.5,33.0,16.0,0,1028.7,90,0,90,1790993504
02:12,8.5,12.8,10.8,10.8,10.3,33.0,16.0,0,1028.7,90,0,90,1790993564
02:13,8.0,12.8,10.8,10.8,10.3,33.0,16.0,0,1028.7,90,0,90,1790993624
02:14,8.0,12.8,10.8,10.8,10.3,32.7,16.0,0,1028.7,90,0,90,1790993684
02:15,8.0,12.8,10.8,10.8,10.3,33.0,16.0,0,1028.7,90,0,90,1790993744
02:16,8.0,12.8,10.8,10.8,10.3,32.7,16.0,0,1028.7,90,0,90,1790993804
02:17,8.0,12.8,10.8,10.8,10.3,32.7,16.0,0,1028.7,90,0,90,1790993864
02:18,8.0,12.8,10.5,10.5,10.3,32.7,16.0,0,1028.7,91,0,90,1790993924
02:19,8.0,12.8,10.5,10.5,10.3,32.7,15.5,0,1028.7,91,0,90,1790993984
02:20,8.0,12.8,10.5,10.5,10.3,32.7,16.0,0,1028.7,90,0,90,1790994044
02:21,8.0,12.8,10.5,10.5,10.3,32.7,16.0,0,1028.7,90,0,90,1790994104
02:22,8.0,12.8,10.5,10.5,10.3,32.7,16.0,0,1028.7,90,0,90,1790994164
02:23,8.0,12.8,10.5,10.5,10.3,32.7,16.0,0,1028.7,91,0,90,1790994224
02:24,8.0,12.8,10.5,10.5,10.3,32.7,16.0,0,1028.7,90,0,90,1790994284
02:25,8.0,12.8,10.5,10.5,10.3,32.7,16.0,0,1028.7,91,0,90,1790994344
02:26,8.0,12.8,10.5,10.5,10.3,32.7,15.5,0,1028.7,90,0,90,1790994404
02:27,8.0,12.8,10.5,10.5,10.3,32.7,16.0,0,1028.7,91,0,90,1790994464
02:28,8.0,12.8,10.5,10.5,10.3,32.7,16.0,0,1028.7,90,0,90,1790994524
02:29,8.0,12.8,10.5,10.5,10.3,32.5,16.0,0,1028.7,90,0,90,1790994584
02:30,8.0,12.8,10.5,10.5,10.3,32.5,16.0,0,1028.7,90,0,90,1790994644
02:31,8.0,12.8,10.5,10.5,10.3,32.5,15.5,0,1028.7,90,0,90,1790994704
02:32,8.0,12.8,10.5,10.5,10.3,32.5,15.5,0,1028.7,91,0,90,1790994764
02:33,8.0,12.5,10.5,10.5,10.3,32.5,16.0,0,1028.7,91,0,90,1790994824
02:34,8.0,12.5,10.5,10.5,10.3,32.5,16.0,0,1028.7,91,0,90,1790994884
02:35,8.0,12.5,10.5,10.5,10.3,32.5,16.0,0,1028.7,91,0,90,1790994944
02:36,8.0,12.5,10.5,10.5,10.3,32.5,16.0,0,1028.7,91,0,90,1790995004
02:37,8.0,12.5,10.5,10.5,10.3,32.5,16.0,0,1028.6,91,0,90,1790995064
02:38,8.0,12.5,10.5,10.5,10.3,32.5,16.0,0,1028.6,91,0,90,1790995124
02:39,8.0,12.5,10.5,10.5,10.3,32.2,15.5,0,1028.6,91,0,90,1790995184
02:40,8.0,12.5,10.5,10.5,10.3,32.2,15.5,0,1028.6,91,0,90,1790995244
02:41,8.0,12.5,10.3,10.3,10.0,32.2,15.5,0,1028.6,90,0,90,1790995304
02:42,8.0,12.5,10.5,10.5,10.0,32.2,16.0,0,1028.6,90,0,90,1790995364
02:43,8.0,12.5,10.3,10.3,10.0,32.2,15.5,0,1028.6,90,0,90,1790995424
02:44,8.0,12.5,10.3,10.3,10.0,32.2,15.5,0,1028.6,90,0,90,1790995484
02:45,8.0,12.5,10.3,10.3,10.0,32.2,15.5,0,1028.5,91,0,90,1790995544
02:46,8.0,12.5,10.3,10.3,10.0,32.2,16.0,0,1028.5,90,0,90,1790995604
02:47,8.0,12.5,10.3,10.3,10.0,32.2,15.5,0,1028.5,90,0,90,1790995664
02:48,8.0,12.5,10.3,10.3,10.0,32.2,15.5,0,1028.5,90,0,90,1790995724
02:49,8.0,12.5,10.3,10.3,10.0,32.2,15.5,0,1028.5,90,0,90,1790995784
02:50,8.0,12.5,10.3,10.3,10.0,32.2,15.5,0,1028.6,90,0,90,1790995844
02:51,8.0,12.5,10.3,10.3,10.0,32.2,15.5,0,1028.5,90,0,90,1790995904
02:52,8.0,12.5,10.3,10.3,10.0,32.0,15.5,0,1028.6,90,0,90,1790995964
02:53,8.0,12.5,10.3,10.3,10.0,32.0,15.5,0,1028.6,90,0,90,1790996024
02:54,8.0,12.5,10.3,10.3,10.0,32.0,15.5,0,1028.5,90,0,90,1790996084
02:55,8.0,12.5,10.3,10.3,10.0,32.0,15.5,0,1028.5,90,0,90,1790996144
02:56,7.5,12.5,10.3,10.3,10.0,32.0,15.5,0,1028.5,90,0,90,1790996204
02:57,7.5,12.5,10.3,10.3,10.0,32.0,15.5,0,1028.5,90,0,90,1790996264
02:58,7.5,12.5,10.3,10.3,10.0,32.0,16.0,0,1028.5,90,0,90,1790996324
02:59,7.5,12.5,10.3,10.3,10.0,32.0,16.0,0,1028.5,90,0,90,1790996384
03:00,7.5,12.5,10.3,10.3,10.0,32.0,16.0,0,1028.5,90,0,90,1790996444
03:01,7.5,12.5,10.3,10.3,10.0,32.0,16.0,0,1028.5,90,0,90,1790996504
03:02,7.5,12.5,10.3,10.3,10.0,32.0,15.5,0,1028.5,90,0,90,1790996564
03:03,7.5,12.5,10.3,10.3,10.0,32.0,15.5,0,1028.5,90,0,90,1790996624
03:04,7.5,12.5,10.3,10.3,10.0,31.8,15.5,0,1028.5, 0,0,90,1790996684
03:05,7.5,12.5,10.3,10.3,10.0,31.8,15.5,0,1028.5,90,0,90,1790996744
03:06,7.5,12.5,10.3,10.3,10.0,31.8,15.5,0,1028.5,90,0,90,1790996804
03:07,7.5,12.5,10.3,10.3,9.8,31.8,16.0,0,1028.5,90,0,90,1790996864
03:08,7.5,12.5,10.3,10.3,9.8,31.8,15.5,0,1028.4,90,0,90,1790996924
03:09,7.5,12.5,10.0,10.0,10.0,31.8,15.5,0,1028.4,90,0,90,1790996984
03:10,7.5,12.5,10.3,10.3,9.8,31.8,15.5,0,1028.4,90,0,90,1790997044
03:11,7.5,12.5,10.0,10.0,9.8,31.8,15.5,0,1028.4,90,0,90,1790997104
03:12,7.5,12.5,10.0,10.0,9.8,31.8,15.5,0,1028.4,90,0,90,1790997164
03:13,7.5,12.5,10.0,10.0,9.8,31.8,15.5,0,1028.4,90,0,90,1790997224
03:14,7.5,12.5,10.0,10.0,9.8,31.8,15.5,0,1028.4,90,0,90,1790997284
03:15,7.5,12.5,10.0,10.0,9.8,31.5,15.5,0,1028.4,90,0,90,1790997344
03:16,7.5,12.5,10.0,10.0,9.8,31.5,15.5,0,1028.4,90,0,90,1790997404
03:17,7.5,12.5,10.0,10.0,9.8,31.5,15.5,0,1028.4,90,0,90,1790997464
03:18,7.5,12.5,10.0,10.0,9.8,31.5,15.5,0,1028.4,90,0,90,1790997524
03:19,7.5,12.5,10.0,10.0,9.8,31.5,15.5,0,1028.4,90,0,90,1790997584
03:20,7.5,12.5,10.0,10.0,9.8,31.5,15.5,0,1028.4,90,0,90,1790997644
03:21,7.5,12.5,10.0,10.0,9.8,31.5,15.5,0,1028.4,90,0,90,1790997704
03:22,7.5,12.5,10.0,10.0,9.8,31.5,15.5,0,1028.4,90,0,90,1790997764
03:23,7.5,12.5,10.0,10.0,9.8,31.5,15.5,0,1028.4,90,0,90,1790997824
03:24,7.5,12.5,10.0,10.0,9.8,31.5,15.5,0,1028.4,90,0,90,1790997884
03:25,7.5,12.5,10.0,10.0,9.8,31.5,15.5,0,1028.4,90,0,90,1790997944
03:26,7.5,12.5,10.0,10.0,9.8,31.5,15.5,0,1028.4,90,0,90,1790998004
03:27,7.5,12.5,10.0,10.0,9.8,31.5,15.5,0,1028.4,90,0,90,1790998064
03:28,7.5,12.5,10.0,10.0,9.8,31.5,15.5,0,1028.5,90,0,90,1790998124
03:29,7.5,12.5,10.0,10.0,9.8,31.5,15.5,0,1028.5,90,0,90,1790998184
03:30,7.5,12.5,10.0,9.8,9.8,31.5,15.5,0,1028.4,90,0,90,1790998244
03:31,7.5,12.5,9.8,9.8,9.8,31.5,15.5,0,1028.4,90,0,90,1790998304
03:32,7.5,12.2,9.8,9.8,9.8,31.2,15.5,0,1028.4,90,0,90,1790998364
03:33,7.5,12.2,9.8,9.8,9.8,31.2,15.5,0,1028.4,90,0,90,1790998424
03:34,7.5,12.2,9.8,9.8,9.8,31.2,15.5,0,1028.4,90,0,90,1790998484
03:35,7.5,12.2,9.8,9.8,9.8,31.2,16.0,0,1028.4,90,0,90,1790998544
03:36,7.5,12.2,9.8,9.8,9.8,31.2,15.5,0,1028.4,90,0,90,1790998604
03:37,7.5,12.2,9.8,9.8,9.8,31.2,15.5,0,1028.4,90,0,90,1790998664
03:38,7.5,12.2,9.8,9.8,9.8,31.2,15.5,0,1028.4,90,0,90,1790998724
03:39,7.5,12.2,9.8,9.8,9.8,31.2,15.5,0,1028.4,90,0,90,1790998784
03:40,7.5,12.2,9.8,9.8,9.5,31.2,15.5,0,1028.4,90,0,90,1790998844
03:41,7.5,12.2,9.8,9.8,9.5,31.2,15.5,0,1028.4,90,0,90,1790998904
03:42,7.5,12.2,9.8,9.8,9.5,31.2,15.5,0,1028.4,90,0,90,1790998964
03:43,7.5,12.2,9.8,9.8,9.5,31.2,15.5,0,1028.4,90,0,90,1790999024
03:44,7.5,12.2,9.8,9.8,9.5,31.2,15.5,0,1028.4,90,0,90,1790999084
03:45,7.5,12.2,9.8,9.8,9.5,31.0,15.5,0,1028.4,90,0,90,1790999144
03:46,7.5,12.2,9.8,9.8,9.5,31.0,15.5,0,1028.4,90,0,90,1790999204
03:47,7.5,12.2,9.8,9.8,9.5,31.0,15.5,0,1028.4,90,0,90,1790999264
03:48,7.5,12.2,9.8,9.8,9.5,31.0,15.5,0,1028.5,90,0,90,1790999324
03:49,7.5,12.2,9.8,9.8,9.5,31.0,15.5,0,1028.4,90,0,90,1790999384
03:50,7.5,12.2,9.8,9.8,9.5,31.0,15.5,0,1028.5,90,0,90,1790999444
03:51,7.5,12.2,9.8,9.8,9.5,31.0,15.5,0,1028.5,90,0,90,1790999504
03:52,7.5,12.2,9.8,9.8,9.5,31.0,15.5,0,1028.4,90,0,90,1790999564
03:53,7.0,12.2,9.5,9.5,9.5,31.0,15.5,0,1028.4,90,0,90,1790999624
03:54,7.5,12.2,9.8,9.8,9.5,31.0,16.0,0,1028.4,90,0,90,1790999684
03:55,7.5,12.2,9.5,9.5,9.5,31.0,15.5,0,1028.4,90,0,90,1790999744
03:56,7.0,12.2,9.5,9.5,9.5,31.0,15.5,0,1028.4,90,0,90,1790999804
03:57,7.0,12.2,9.5,9.5,9.5,31.0,15.5,0,1028.3,90,0,90,1790999864
03:58,7.0,12.2,9.5,9.5,9.5,31.0,15.5,0,1028.3,90,0,90,1790999924
03:59,7.0,12.2,9.5,9.5,9.5,31.0,15.5,0,1028.3,90,0,90,1790999984
04:00,7.0,12.2,9.5,9.5,9.5,31.0,15.5,0,1028.4,90,0,90,1791000044
04:01,7.0,12.2,9.5,9.5,9.5,30.8,15.5,0,1028.4,90,0,90,1791000104
04:02,7.0,12.2,9.5,9.5,9.5,30.8,15.5,0,1028.4,90,0,90,1791000164
04:03,7.0,12.2,9.5,9.5,9.5,30.8,15.5,0,1028.4,90,0,90,1791000224
04:04,7.0,12.2,9.5,9.5,9.5,30.8,15.5,0,1028.3,90,0,90,1791000284
04:05,7.0,12.2,9.5,9.5,9.5,30.8,15.5,0,1028.3,90,0,90,1791000344
04:06,7.0,12.2,9.5,9.5,9.5,30.8,15.5,0,1028.3,90,0,90,1791000404
04:07,7.0,12.2,9.5,9.5,9.5,30.8,15.5,0,1028.3,90,0,90,1791000464
04:08,7.0,12.2,9.5,9.5,9.5,30.8,15.5,0,1028.3,90,0,90,1791000524
04:09,7.0,12.2,9.5,9.5,9.3,30.8,15.5,0,1028.3,90,0,90,1791000584
04:10,7.0,12.2,9.5,9.5,9.3,30.8,15.5,0,1028.3,90,0,90,1791000644
04:11,7.0,12.2,9.5,9.5,9.3,30.8,15.5,0,1028.3,90,0,90,1791000704
04:12,7.0,12.2,9.5,9.5,9.3,30.8,15.5,0,1028.3,90,0,90,1791000764
04:13,7.0,12.2,9.5,9.5,9.3,30.8,15.5,0,1028.3,90,0,90,1791000824
04:14,7.0,12.2,9.5,9.5,9.3,30.8,15.5,0,1028.3,90,0,90,1791000884
04:15,7.0,12.2,9.5,9.5,9.3,30.5,15.5,0,1028.3,90,0,90,1791000944
04:16,7.0,12.2,9.5,9.5,9.3,30.5,15.5,0,1028.3,90,0,90,1791001004
04:17,7.0,12.2,9.3,9.3,9.3,30.5,15.5,0,1028.3,90,0,90,1791001064
04:18,7.0,12.2,9.5,9.5,9.3,30.5,15.5,0,1028.3,90,0,90,1791001124
04:19,7.0,12.2,9.5,9.5,9.3,30.5,15.5,0,1028.3,90,0,90,1791001184
04:20,7.0,12.2,9.3,9.3,9.3,30.5,15.5,0,1028.3,90,0,90,1791001244
04:21,7.0,12.2,9.3,9.3,9.3,30.5,15.5,0,1028.3,90,0,90,1791001304
04:22,7.0,12.2,9.3,9.3,9.3,30.5,15.5,0,1028.3,90,0,90,1791001364
04:23,7.0,12.2,9.3,9.3,9.3,30.5,15.5,0,1028.3,90,0,90,1791001424
04:24,7.0,12.2,9.3,9.3,9.3,30.5,15.5,0,1028.3,90,0,90,1791001484
04:25,7.0,12.2,9.3,9.3,9.3,30.5,15.5,0,1028.3,90,0,90,1791001544
04:26,7.0,12.2,9.3,9.3,9.3,30.5,15.5,0,1028.3,91,0,90,1791001604
04:27,7.0,12.2,9.3,9.3,9.3,30.5,15.5,0,1028.3,91,0,90,1791001664
04:28,7.0,12.2,9.3,9.3,9.3,30.5,15.5,0,1028.2,91,0,90,1791001724
04:29,7.0,12.2,9.3,9.3,9.3,30.5,15.5,0,1028.2,91,0,90,1791001784
04:30,7.0,12.2,9.3,9.3,9.3,30.5,15.5,0,1028.2,91,0,90,1791001844
04:31,7.0,12.2,9.3,9.3,9.3,30.5,15.5,0,1028.2,90,0,90,1791001904
04:32,7.0,12.2,9.3,9.3,9.3,30.3,15.5,0,1028.2,91,0,90,1791001964
04:33,7.0,12.2,9.3,9.3,9.3,30.3,15.5,0,1028.2,91,0,90,1791002024
04:34,7.0,12.2,9.3,9.3,9.3,30.3,15.5,0,1028.2,90,0,90,1791002084
04:35,7.0,12.2,9.3,9.3,9.3,30.3,15.5,0,1028.2,91,0,90,1791002144
04:36,7.0,12.2,9.3,9.3,9.3,30.3,15.5,0,1028.2,91,0,90,1791002204
04:37,7.0,12.2,9.3,9.3,9.3,30.3,15.5,0,1028.2,91,0,90,1791002264
04:38,7.0,12.2,9.3,9.3,9.3,30.3,15.5,0,1028.2,91,0,90,1791002324
04:39,7.0,12.2,9.3,9.3,9.3,30.3,15.5,0,1028.2,91,0,90,1791002384
04:40,7.0,12.2,9.3,9.3,9.3,30.3,15.5,0,1028.3,91,0,90,1791002444
04:41,7.0,12.2,9.3,9.3,9.3,30.3,15.5,0,1028.2,91,0,90,1791002504
04:42,7.0,12.2,9.3,9.3,9.3,30.3,15.5,0,1028.3,91,0,90,1791002564
04:43,7.0,12.2,9.3,9.3,9.3,30.3,15.5,0,1028.3,91,0,90,1791002624
04:44,7.0,12.2,9.3,9.3,9.3,30.3,15.5,0,1028.3,90,0,90,1791002684
04:45,7.0,12.2,9.3,9.3,9.3,30.3,15.5,0,1028.2,91,0,90,1791002744
04:46,7.0,12.2,9.0,9.0,9.0,30.3,15.5,0,1028.3,91,0,90,1791002804
04:47,7.0,12.2,9.0,9.0,9.0,30.3,15.5,0,1028.2,90,0,90,1791002864
04:48,7.0,12.2,9.3,9.3,9.0,30.3,15.5,0,1028.2,90,0,90,1791002924
04:49,7.0,12.0,9.0,9.0,9.0,30.0,15.5,0,1028.3,90,0,90,1791002984
04:50,7.0,12.0,9.0,9.0,9.0,30.0,15.5,0,1028.3,90,0,90,1791003044
04:51,7.0,12.2,9.0,9.0,9.0,30.0,15.5,0,1028.3,90,0,90,1791003104
04:52,7.0,12.0,9.0,9.0,9.0,30.0,15.5,0,1028.3,90,0,90,1791003164
04:53,7.0,12.0,9.0,9.0,9.0,30.0,15.5,0,1028.3,91,0,90,1791003224
04:54,7.0,12.0,9.0,9.0,9.0,30.0,15.5,0,1028.3,90,0,90,1791003284
04:55,7.0,12.0,9.0,9.0,9.0,30.0,15.5,0,1028.3,90,0,90,1791003344
04:56,6.5,12.0,9.0,9.0,9.0,30.0,15.5,0,1028.3,90,0,90,1791003404
04:57,7.0,12.0,9.0,9.0,9.0,30.0,15.5,0,1028.3,90,0,90,1791003464
04:58,6.5,12.0,9.0,9.0,9.0,30.0,15.5,0,1028.3,90,0,90,1791003524
04:59,6.5,12.0,9.0,9.0,9.0,30.0,15.5,0,1028.3,90,0,90,1791003584
05:00,6.5,12.0,9.0,9.0,9.0,29.8,15.5,0,1028.3,90,0,90,1791003644
05:01,6.5,12.0,9.0,9.0,9.0,29.8,15.5,0,1028.3,90,0,90,1791003704
05:02,6.5,12.0,9.0,9.0,9.0,29.8,15.5,0,1028.3,90,0,90,1791003764
05:03,6.5,12.0,9.0,9.0,9.0,29.8,15.5,0,1028.3,90,0,90,1791003824
05:04,6.5,12.0,9.0,9.0,9.0,29.8,15.5,0,1028.3,90,0,90,1791003884
05:05,6.5,12.0,9.0,9.0,9.0,29.8,15.5,0,1028.3,90,0,90,1791003944
05:06,6.5,12.0,9.0,9.0,9.0,29.8,15.5,0,1028.3,90,0,90,1791004004
05:07,6.5,12.0,9.0,9.0,9.0,29.8,15.5,0,1028.3,90,0,90,1791004064
05:08,6.5,12.0,9.0,9.0,9.0,29.8,15.5,0,1028.3,91,0,90,1791004124
05:09,6.5,12.0,9.0,9.0,9.0,29.8,15.5,0,1028.3,91,0,90,1791004184
05:10,6.5,12.0,9.0,9.0,9.0,29.8,15.5,0,1028.3,91,0,90,1791004244
05:11,6.5,12.0,9.0,9.0,9.0,29.8,15.5,0,1028.3,91,0,90,1791004304
05:12,6.5,12.0,9.0,9.0,9.0,29.8,15.5,0,1028.3,91,0,90,1791004364
05:13,6.5,12.0,9.0,9.0,8.8,29.8,15.5,0,1028.3,91,0,90,1791004424
05:14,6.5,12.0,9.0,9.0,8.8,29.8,15.5,0,1028.3,91,0,90,1791004484
05:15,6.5,12.0,8.8,8.8,8.8,29.8,15.5,0,1028.3,91,0,90,1791004544
05:16,6.5,12.0,8.8,8.8,8.8,29.8,15.5,0,1028.3,91,0,90,1791004604
05:17,6.5,12.0,8.8,8.8,8.8,29.5,15.5,0,1028.3,91,0,90,1791004664
05:18,6.5,12.0,8.8,8.8,8.8,29.5,15.5,0,1028.3,91,0,90,1791004724
05:19,6.5,12.0,8.8,8.8,8.8,29.5,15.5,0,1028.3,91,0,90,1791004784
05:20,6.5,12.0,8.8,8.8,8.8,29.5,15.5,0,1028.3,91,0,90,1791004844
05:21,6.5,12.0,8.8,8.8,8.8,29.5,15.5,0,1028.3,91,0,90,1791004904
05:22,6.5,12.0,8.8,8.8,8.8,29.5,15.5,0,1028.3,91,0,90,1791004964
05:23,6.5,12.0,8.8,8.8,8.8,29.5,15.5,0,1028.3,91,0,90,1791005024
05:24,6.5,12.0,8.8,8.8,8.8,29.5,15.5,0,1028.3,91,0,90,1791005084
05:25,6.5,12.0,8.8,8.8,8.8,29.5,15.5,0,1028.3,91,0,90,1791005144
05:26,6.5,12.0,8.8,8.8,8.8,29.5,15.5,0,1028.3,91,0,90,1791005205
05:27,6.5,12.0,8.8,8.8,8.8,29.5,15.5,0,1028.3,91,0,90,1791005265
05:28,6.5,12.0,8.8,8.8,8.8,29.5,15.5,0,1028.3,91,0,90,1791005325
05:29,6.5,12.0,8.8,8.8,8.8,29.5,15.5,0,1028.3,91,0,90,1791005385
05:30,6.5,12.0,8.8,8.8,8.8,29.5,15.5,0,1028.3,91,0,90,1791005445
05:31,6.5,12.0,8.8,8.8,8.8,29.5,15.5,0,1028.3,91,0,90,1791005505
05:32,6.5,12.0,8.8,8.8,8.8,29.5,15.5,0,1028.3,91,0,90,1791005565
05:33,6.5,12.0,8.8,8.8,8.8,29.5,15.5,0,1028.3,90,0,90,1791005625
05:34,6.5,12.0,8.8,8.8,8.8,29.3,15.5,0,1028.3,90,0,90,1791005685
05:35,6.5,12.0,8.8,8.8,8.8,29.3,15.5,0,1028.3,90,0,90,1791005745
05:36,6.5,12.0,8.5,8.5,8.8,29.3,15.5,0,1028.3,90,0,90,1791005805
05:37,6.5,12.0,8.5,8.5,8.8,29.3,15.5,0,1028.3, 0,0,90,1791005865
05:38,6.5,12.0,8.5,8.5,8.8,29.3,15.5,0,1028.3,90,0,90,1791005925
05:39,6.5,12.0,8.5,8.5,8.8,29.3,15.5,0,1028.3,91,0,90,1791005985
05:40,6.5,12.0,8.5,8.5,8.8,29.3,15.5,0,1028.3,91,0,90,1791006045
05:41,6.5,12.0,8.5,8.5,8.8,29.3,15.5,0,1028.3, 0,0,90,1791006105
05:42,6.5,12.0,8.5,8.5,8.8,29.3,15.5,0,1028.3,91,0,90,1791006165
05:43,6.5,12.0,8.5,8.5,8.8,29.3,15.5,0,1028.3,91,0,90,1791006225
05:44,6.5,12.0,8.5,8.5,8.8,29.3,15.5,0,1028.3,91,0,90,1791006285
05:45,6.5,12.0,8.5,8.5,8.5,29.0,15.5,0,1028.3,90,0,90,1791006345
05:46,6.5,12.0,8.5,8.5,8.5,29.0,15.5,0,1028.3,91,0,90,1791006405
05:47,6.5,12.0,8.5,8.5,8.5,29.0,15.5,0,1028.3,91,0,90,1791006465
05:48,6.5,12.0,8.5,8.5,8.5,29.0,15.5,0,1028.3,91,0,90,1791006525
05:49,6.5,11.8,8.5,8.5,8.5,29.0,15.5,0,1028.3,91,0,90,1791006585
05:50,6.5,12.0,8.5,8.5,8.5,29.0,15.5,0,1028.3,91,0,90,1791006645
05:51,6.5,12.0,8.5,8.5,8.5,29.0,15.5,0,1028.3,90,0,90,1791006705
05:52,6.5,12.0,8.5,8.5,8.5,29.0,15.5,0,1028.3,91,0,90,1791006765
05:53,6.0,12.0,8.5,8.5,8.5,29.0,15.5,0,1028.3,90,0,90,1791006825
05:54,6.0,11.8,8.5,8.5,8.5,29.0,15.5,0,1028.3,90,0,90,1791006885
05:55,6.0,11.8,8.5,8.5,8.5,29.0,15.5,0,1028.2,91,0,90,1791006945
05:56,6.0,11.8,8.5,8.5,8.5,29.0,15.5,0,1028.2,90,0,90,1791007005
05:57,6.0,11.8,8.5,8.5,8.5,29.0,15.5,0,1028.2,90,0,90,1791007065
05:58,6.0,11.8,8.5,8.5,8.5,29.0,15.5,0,1028.2,90,0,90,1791007125
05:59,6.0,11.8,8.5,8.5,8.5,29.0,15.5,0,1028.2,90,0,90,1791007185
06:00,6.0,11.8,8.5,8.5,8.5,29.0,15.5,0,1028.2,90,0,90,1791007245
06:01,6.0,11.8,8.5,8.5,8.5,29.0,15.5,0,1028.2,90,0,90,1791007305
06:02,6.0,11.8,8.5,8.5,8.5,29.0,15.5,0,1028.2,91,0,90,1791007365
06:03,6.0,11.8,8.3,8.3,8.5,28.7,15.5,0,1028.2,91,0,90,1791007425
06:04,6.5,11.8,8.3,8.3,8.5,28.7,15.5,0,1028.2,91,0,90,1791007485
06:05,6.5,11.8,8.5,8.5,8.5,28.7,15.5,0,1028.1,91,0,90,1791007545
06:06,6.5,11.8,8.5,8.5,8.5,28.7,15.5,0,1028.2,91,0,90,1791007605
06:07,6.5,11.8,8.3,8.3,8.5,28.7,15.5,0,1028.2,91,0,90,1791007665
06:08,6.0,11.8,8.3,8.3,8.5,28.7,15.5,0,1028.2,91,0,90,1791007725
06:09,6.0,11.8,8.3,8.3,8.5,28.7,15.5,0,1028.1,91,0,90,1791007785
06:10,6.0,11.8,8.3,8.3,8.5,28.7,15.5,0,1028.2,91,0,90,1791007845
06:11,6.0,11.8,8.3,8.3,8.5,28.7,15.5,0,1028.2,91,0,90,1791007905
06:12,6.0,11.8,8.3,8.3,8.5,28.7,15.5,0,1028.2,90,0,90,1791007965
06:13,6.0,11.8,8.3,8.3,8.5,28.7,15.5,0,1028.2,90,0,90,1791008025
06:14,6.0,11.8,8.3,8.3,8.3,28.7,15.5,0,1028.2,90,0,90,1791008085
06:15,6.0,11.8,8.3,8.3,8.5,28.7,15.5,0,1028.2,90,0,90,1791008145
06:16,6.0,11.8,8.3,8.3,8.5,28.7,15.5,0,1028.2,90,0,90,1791008205
06:17,6.0,11.8,8.3,8.3,8.5,28.7,15.5,0,1028.2,90,0,90,1791008265
06:18,6.0,11.8,8.3,8.3,8.3,28.7,15.5,0,1028.2,90,0,90,1791008325
06:19,6.0,11.8,8.3,8.3,8.3,28.5,15.5,0,1028.2,90,0,90,1791008385
06:20,6.5,11.8,8.3,8.3,8.3,28.5,15.5,0,1028.2,90,0,90,1791008445
06:21,6.5,11.8,8.3,8.3,8.3,28.5,15.5,0,1028.2,90,0,90,1791008505
06:22,6.5,11.8,8.3,8.3,8.3,28.5,15.5,0,1028.2, 0,0,90,1791008565
06:23,6.5,11.8,8.3,8.3,8.3,28.5,15.5,0,1028.2,90,0,90,1791008625
06:24,6.5,11.8,8.3,8.3,8.3,28.5,15.5,0,1028.2,90,0,90,1791008685
06:25,6.5,11.8,8.3,8.3,8.3,28.5,15.5,0,1028.2,90,0,90,1791008745
06:26,6.5,11.8,8.3,8.3,8.3,28.5,15.5,0,1028.2, 0,0,90,1791008805
06:27,6.5,11.8,8.3,8.3,8.3,28.5,15.5,0,1028.2,90,0,90,1791008865
06:28,6.5,11.8,8.3,8.3,8.3,28.5,15.5,0,1028.2,91,0,90,1791008925
06:29,6.5,11.8,8.3,8.3,8.3,28.5,15.5,0,1028.2,91,0,90,1791008985
06:30,6.5,11.8,8.3,8.3,8.3,28.5,15.5,0,1028.2,90,0,90,1791009045
06:31,6.5,11.8,8.3,8.3,8.3,28.5,15.5,0,1028.2,91,0,90,1791009105
06:32,6.5,11.8,8.0,8.3,8.3,28.5,15.5,0,1028.2,90,0,90,1791009165
06:33,6.5,11.8,8.3,8.3,8.3,28.5,15.5,0,1028.2,91,0,90,1791009225
06:34,6.5,11.8,8.3,8.3,8.3,28.5,15.5,0,1028.2,91,0,90,1791009285
06:35,6.5,11.8,8.3,8.3,8.3,28.5,15.5,0,1028.2,91,0,90,1791009345
06:36,6.5,11.8,8.0,8.0,8.3,28.5,15.5,0,1028.2,90,0,90,1791009405
06:37,6.5,11.8,8.0,8.0,8.3,28.5,15.5,0,1028.2,91,0,90,1791009465
06:38,6.5,11.8,8.0,8.0,8.3,28.5,15.5,0,1028.2,91,0,90,1791009525
06:39,6.5,11.8,8.0,8.0,8.3,28.5,15.5,0,1028.2,91,0,90,1791009585
06:40,6.5,11.8,8.0,8.0,8.3,28.5,15.5,0,1028.2,91,0,90,1791009645
06:41,6.5,11.8,8.0,8.0,8.3,28.3,15.5,0,1028.3,91,0,90,1791009705
06:42,6.5,11.8,8.0,8.0,8.3,28.3,15.5,0,1028.3,91,0,90,1791009765
06:43,6.5,11.8,8.0,8.0,8.3,28.3,15.5,0,1028.3,91,0,90,1791009825
06:44,6.5,11.8,8.0,8.0,8.3,28.3,15.5,0,1028.3,91,0,90,1791009885
06:45,6.5,11.8,8.0,8.0,8.3,28.3,15.5,0,1028.3,91,0,90,1791009945
06:46,6.5,11.8,8.0,8.0,8.3,28.3,15.5,0,1028.3,91,0,90,1791010005
06:47,6.5,11.8,8.0,8.0,8.3,28.3,15.5,0,1028.3,91,0,90,1791010065
06:48,6.5,11.8,8.0,8.0,8.3,28.3,15.5,0,1028.3,91,0,90,1791010125
06:49,6.5,11.8,8.0,8.0,8.3,28.3,15.5,0,1028.3,91,0,90,1791010185
06:50,6.5,11.8,8.0,8.0,8.3,28.3,15.5,0,1028.3,91,0,90,1791010245
06:51,6.5,11.8,8.0,8.0,8.3,28.3,15.5,0,1028.3,91,0,90,1791010305
06:52,6.5,11.8,8.0,8.0,8.3,28.3,15.5,0,1028.3,91,0,90,1791010365
06:53,6.5,11.8,8.0,8.0,8.3,28.3,15.5,0,1028.3,91,0,90,1791010425
06:54,6.0,11.8,8.0,8.0,8.3,28.3,15.5,0,1028.3,91,0,90,1791010485
06:55,6.5,11.8,8.0,8.0,8.3,28.3,15.5,0,1028.3,91,0,90,1791010545
06:56,6.5,11.8,8.0,8.0,8.3,28.3,15.5,0,1028.3,91,0,90,1791010605
06:57,6.0,11.8,8.0,8.0,8.3,28.3,15.5,0,1028.3,91,0,90,1791010665
06:58,6.0,11.8,8.0,8.0,8.3,28.3,15.5,0,1028.3,91,0,90,1791010725
06:59,6.5,11.8,8.0,8.0,8.3,28.3,15.5,0,1028.4,91,0,90,1791010785
07:00,6.5,11.8,8.0,8.0,8.0,28.3,15.5,0,1028.4,91,0,90,1791010845
07:01,6.0,11.8,8.0,8.0,8.0,28.3,15.5,0,1028.4,91,0,90,1791010905
07:02,6.5,11.8,8.0,8.0,8.0,28.3,15.5,0,1028.4,91,0,90,1791010965
07:03,6.5,11.8,8.0,8.0,8.0,28.3,15.5,0,1028.4,91,0,90,1791011025
07:04,6.5,11.8,8.0,8.0,8.0,28.3,15.5,0,1028.4, 0,0,90,1791011085
07:05,6.5,11.8,8.0,8.0,8.0,28.3,15.5,0,1028.4,91,0,90,1791011145
07:06,6.5,11.8,8.0,8.0,8.0,28.3,15.5,0,1028.4,91,0,90,1791011205
07:07,6.5,11.8,7.7,7.7,8.0,28.3,15.5,0,1028.4,91,0,90,1791011265
07:08,6.5,11.8,8.0,8.0,8.0,28.3,15.5,0,1028.4, 0,0,90,1791011325
07:09,6.5,11.8,8.0,8.0,8.0,28.3,15.5,0,1028.4,91,0,90,1791011385
07:10,6.5,11.8,8.0,8.0,8.0,28.3,15.5,0,1028.4,91,0,90,1791011445
07:11,6.5,11.8,7.7,7.7,8.0,28.3,15.5,0,1028.4,91,0,90,1791011505
07:12,6.5,11.5,7.7,7.7,8.0,28.3,15.5,0,1028.4,91,0,90,1791011565
07:13,6.5,11.8,7.7,7.7,8.0,28.3,15.5,0,1028.4,91,0,90,1791011625
07:14,6.5,11.8,7.7,7.7,8.0,28.3,15.5,0,1028.4,91,0,90,1791011685
07:15,6.5,11.5,7.7,7.7,8.0,28.3,15.5,0,1028.4,91,0,90,1791011745
07:16,6.5,11.5,7.7,7.7,8.0,28.3,15.5,0,1028.4,91,0,90,1791011805
07:17,6.5,11.5,7.7,7.7,8.0,28.3,15.5,0,1028.4,91,0,90,1791011865
07:18,6.5,11.8,7.7,7.7,8.0,28.3,15.5,0,1028.4,92,0,90,1791011925
07:19,7.0,11.5,7.7,7.7,8.0,28.3,15.5,0,1028.4, 0,0,90,1791011985
07:20,6.5,11.8,7.7,7.7,8.0,28.3,15.5,0,1028.4,92,0,90,1791012045
07:21,7.0,11.8,7.7,7.7,8.0,28.3,15.5,0,1028.4,92,0,90,1791012105
07:22,7.0,11.5,7.7,7.7,8.0,28.3,15.5,0,1028.4,92,0,90,1791012165
07:23,7.0,11.5,7.7,7.7,8.0,28.3,15.5,0,1028.4,92,0,90,1791012225
07:24,7.0,11.5,7.7,7.7,8.0,28.3,15.5,0,1028.4,92,0,90,1791012285
07:25,7.0,11.5,7.7,7.7,8.0,28.3,15.5,0,1028.4,92,0,90,1791012345
07:26,7.0,11.5,7.7,7.7,8.0,28.3,15.5,0,1028.4,92,0,90,1791012405
07:27,7.5,11.5,7.7,7.7,8.0,28.3,15.5,0,1028.4,92,0,90,1791012465
07:28,7.5,11.8,7.7,7.7,8.0,28.3,15.5,0,1028.4,92,0,90,1791012525
07:29,7.5,11.5,7.7,7.7,8.0,28.3,15.5,0,1028.4,92,0,90,1791012585
07:30,7.5,11.5,7.7,7.7,8.0,28.3,15.5,0,1028.4,92,0,90,1791012645
07:31,7.5,11.5,7.7,7.7,8.0,28.0,15.5,0,1028.5,93,0,90,1791012705
07:32,7.5,11.5,7.7,7.7,8.0,28.3,15.5,0,1028.5,92,0,90,1791012765
07:33,7.5,11.5,7.7,7.7,8.0,28.3,15.5,0,1028.5,92,0,90,1791012825
07:34,7.5,11.5,7.7,7.7,8.0,28.3,15.5,0,1028.5,93,0,90,1791012885
07:35,7.5,11.5,7.7,7.7,8.0,28.3,15.5,0,1028.5,93,0,90,1791012945
07:36,7.5,11.5,7.7,7.7,8.0,28.3,15.5,0,1028.5,93,0,90,1791013005
07:37,7.5,11.5,7.7,7.7,8.0,28.3,15.5,0,1028.5,93,0,90,1791013065
07:38,7.5,11.8,7.7,7.7,8.0,28.3,15.5,0,1028.5,93,0,90,1791013125
07:39,7.5,11.5,7.7,7.7,8.0,28.3,15.5,0,1028.5,93,0,90,1791013185
07:40,7.5,11.8,7.7,7.7,8.0,28.3,15.5,0,1028.5,93,0,90,1791013245
07:41,7.5,11.8,7.7,7.7,8.0,28.3,15.5,0,1028.5,93,0,90,1791013305
07:42,7.5,11.8,7.7,7.7,8.0,28.5,15.5,0,1028.5,93,0,90,1791013365
07:43,8.0,11.8,7.7,7.7,8.0,28.5,15.5,0,1028.5,93,0,90,1791013425
07:44,8.0,11.5,7.7,7.7,8.0,28.5,15.5,0,1028.5,93,0,90,1791013485
07:45,8.0,11.8,7.7,7.7,8.0,28.5,15.5,0,1028.5,93,0,90,1791013545
07:46,8.0,11.8,7.7,7.7,8.0,28.7,15.5,0,1028.5,93,0,90,1791013605
07:47,8.0,11.8,7.7,7.7,8.0,28.7,15.5,0,1028.5,93,0,90,1791013665
07:48,8.5,11.8,7.7,7.7,8.0,28.7,15.5,0,1028.5,93,0,90,1791013725
07:49,8.5,11.8,7.7,7.7,8.0,29.0,15.5,0,1028.5,93,0,90,1791013785
07:50,8.5,11.8,7.7,7.7,8.0,29.0,15.5,0,1028.5,93,0,90,1791013845
07:51,8.5,11.8,7.7,7.7,8.0,29.0,15.5,0,1028.5,93,0,90,1791013905
07:52,8.5,11.8,7.7,7.7,8.0,29.0,15.5,0,1028.5,93,0,90,1791013965
07:53,8.5,11.8,7.7,7.7,8.0,29.3,15.5,0,1028.5,93,0,90,1791014025
07:54,8.5,11.8,7.7,7.7,8.0,29.3,15.5,0,1028.5,93,0,90,1791014085
07:55,8.5,11.8,7.7,7.7,8.0,29.3,15.5,0,1028.5,93,0,90,1791014145
07:56,8.5,11.8,7.7,7.7,8.0,29.5,15.5,0,1028.5,93,0,90,1791014205
07:57,8.5,11.8,7.7,7.7,8.0,29.5,15.5,0,1028.5,93,0,90,1791014265
07:58,9.0,11.8,7.7,7.7,8.0,29.5,15.5,0,1028.5,93,0,90,1791014325
07:59,9.0,11.8,7.7,7.7,8.0,29.5,15.5,0,1028.5,93,0,90,1791014385
08:00,9.0,11.8,7.7,7.7,8.0,29.8,15.5,0,1028.5,93,0,90,1791014445
08:01,9.0,11.8,7.7,7.7,8.0,29.8,15.5,0,1028.5,93,0,90,1791014505
08:02,9.0,11.8,7.7,7.7,8.0,29.8,15.5,0,1028.5,93,0,90,1791014565
08:03,9.0,11.8,7.7,7.7,8.0,29.8,15.5,0,1028.5,93,0,90,1791014625
08:04,9.5,11.8,7.7,7.7,8.0,30.0,15.5,0,1028.5,93,0,90,1791014685
08:05,9.0,11.8,7.7,7.7,8.0,30.0,15.5,0,1028.5,93,0,90,1791014745
08:06,9.0,11.8,7.7,7.7,8.0,30.0,15.5,0,1028.5,93,0,90,1791014805
08:07,9.0,11.8,7.7,7.7,8.0,30.0,15.5,0,1028.5,93,0,90,1791014865
08:08,9.5,11.8,7.7,7.7,8.0,30.3,15.5,0,1028.5, 0,0,90,1791014925
08:09,9.0,11.8,7.7,7.7,8.3,30.3,15.5,0,1028.5,93,0,90,1791014985
08:10,9.0,11.8,7.7,7.7,8.3,30.3,15.5,0,1028.5,93,0,90,1791015045
08:11,9.5,11.8,7.7,7.7,8.3,30.3,15.5,0,1028.5,93,0,90,1791015105
08:12,9.5,11.8,7.7,7.7,8.3,30.3,15.5,0,1028.5,93,0,90,1791015165
08:13,9.0,11.8,7.7,7.7,8.3,30.3,15.5,0,1028.5,93,0,90,1791015225
08:14,9.0,11.8,7.7,7.7,8.3,30.5,15.5,0,1028.5,94,0,90,1791015285
08:15,9.0,11.8,7.7,7.7,8.3,30.5,15.5,0,1028.5,94,0,90,1791015345
08:16,9.0,11.8,7.7,7.7,8.3,30.5,15.5,0,1028.5,94,0,90,1791015405
08:17,9.5,11.8,7.7,7.7,8.3,30.5,15.5,0,1028.5,94,0,90,1791015465
08:18,9.5,11.8,7.7,7.7,8.3,30.5,15.5,0,1028.5,94,0,90,1791015525
08:19,9.5,11.8,7.7,7.7,8.3,30.5,15.5,0,1028.5,94,0,90,1791015585
08:20,9.5,11.8,7.7,7.7,8.3,30.8,15.5,0,1028.5,94,0,90,1791015645
08:21,9.5,11.8,7.7,7.7,8.3,30.8,15.5,0,1028.5,94,0,90,1791015705
08:22,10.0,11.8,7.7,7.7,8.3,30.8,15.5,0,1028.5,94,0,90,1791015765
08:23,10.0,11.8,7.7,7.7,8.3,30.8,15.5,0,1028.5,94,0,90,1791015825
08:24,10.0,11.8,7.7,7.7,8.3,30.8,15.5,0,1028.5,94,0,90,1791015885
08:25,10.0,11.8,7.7,7.7,8.3,30.8,15.5,0,1028.6,94,0,90,1791015945
08:26,10.5,11.8,7.7,7.7,8.3,30.8,15.5,0,1028.6,94,0,90,1791016005
08:27,10.5,11.8,7.7,7.7,8.3,30.8,15.5,0,1028.6,94,0,90,1791016065
08:28,10.5,11.8,7.7,7.7,8.3,30.8,15.5,0,1028.6,94,0,90,1791016125
08:29,10.5,11.8,7.7,7.7,8.3,30.8,15.5,0,1028.6,94,0,90,1791016185
08:30,10.5,11.8,7.7,7.7,8.3,30.8,15.5,0,1028.6,94,0,90,1791016245
08:31,10.5,11.8,7.7,7.7,8.3,30.8,15.5,0,1028.6,94,0,90,1791016305
08:32,10.5,11.8,7.7,7.7,8.3,30.8,15.5,0,1028.7,94,0,90,1791016365
08:33,10.5,11.8,7.7,7.7,8.3,30.8,15.5,0,1028.6,94,0,90,1791016425
08:34,10.5,11.8,7.7,7.7,8.3,30.8,15.5,0,1028.6,94,0,90,1791016485
08:35,11.0,11.8,7.7,7.7,8.3,30.8,15.5,0,1028.6,94,0,90,1791016545
08:36,10.5,11.8,7.7,7.7,8.3,30.8,15.5,0,1028.6,94,0,90,1791016605
08:37,10.5,11.8,7.7,7.7,8.3,30.8,15.5,0,1028.6,94,0,90,1791016665
08:38,11.0,11.8,7.7,7.7,8.3,30.8,15.5,0,1028.6,94,0,90,1791016725
08:39,10.5,11.8,7.7,7.7,8.3,30.8,15.5,0,1028.6,94,0,90,1791016785
08:40,11.0,11.8,7.7,7.7,8.3,30.5,15.5,0,1028.6,94,0,90,1791016845
08:41,10.5,11.8,7.7,7.7,8.3,30.5,15.5,0,1028.6,94,0,90,1791016905
08:42,11.0,11.8,7.7,7.7,8.3,30.5,15.5,0,1028.6,94,0,90,1791016965
08:43,11.0,11.8,7.7,7.7,8.5,30.5,15.5,0,1028.6,94,0,90,1791017025
08:44,11.0,11.8,7.7,7.7,8.5,30.5,15.5,0,1028.6,94,0,90,1791017085
08:45,11.0,12.0,7.7,7.7,8.5,30.5,15.5,0,1028.6,94,0,90,1791017145
08:46,11.0,11.8,7.7,7.7,8.5,30.5,15.5,0,1028.6,94,0,90,1791017205
08:47,11.0,11.8,7.7,7.7,8.5,30.5,15.5,0,1028.6,94,0,90,1791017265
08:48,11.0,11.8,7.7,7.7,8.5,30.5,15.5,0,1028.6,94,0,90,1791017325
08:49,11.5,11.8,7.7,7.7,8.5,30.5,15.5,0,1028.6,94,0,90,1791017385
08:50,11.5,12.0,7.7,7.7,8.5,30.5,15.5,0,1028.6,94,0,90,1791017445
08:51,11.5,12.0,7.7,7.7,8.5,30.5,15.5,0,1028.6,94,0,90,1791017505
08:52,11.5,12.0,7.7,7.7,8.5,30.5,15.5,0,1028.6,94,0,90,1791017565
08:53,11.5,12.0,7.7,7.7,8.5,30.5,15.5,0,1028.6,94,0,90,1791017625
08:54,11.5,12.0,7.7,7.7,8.5,30.5,15.5,0,1028.6,94,0,90,1791017685
08:55,12.0,12.0,7.7,7.7,8.5,30.5,15.5,0,1028.6,94,0,90,1791017745
08:56,12.0,12.0,7.7,7.7,8.5,30.5,15.5,0,1028.6,94,0,90,1791017805
08:57,12.0,12.0,7.7,7.7,8.5,30.8,15.5,0,1028.6,94,0,90,1791017865
08:58,12.0,12.0,7.7,7.7,8.5,30.8,15.5,0,1028.6,94,0,90,1791017925
08:59,12.0,12.0,8.0,7.7,8.5,30.8,15.5,0,1028.6,94,0,90,1791017985
09:00,12.0,12.0,7.7,7.7,8.5,30.8,15.5,0,1028.6,94,0,90,1791018046
09:01,12.0,12.0,8.0,8.0,8.5,30.8,15.5,0,1028.6,94,0,90,1791018106
09:02,12.5,12.0,8.0,8.0,8.5,30.8,15.5,0,1028.6,94,0,90,1791018166
09:03,12.5,12.0,8.0,8.0,8.5,30.8,15.5,0,1028.6,94,0,90,1791018226
09:04,12.5,12.0,8.0,8.0,8.5,30.8,15.5,0,1028.7,94,0,90,1791018286
09:05,12.5,12.0,8.0,8.0,8.5,30.8,15.5,0,1028.7,93,0,90,1791018346
09:06,12.5,12.0,8.0,8.0,8.5,30.8,15.5,0,1028.7,94,0,90,1791018406
09:07,12.5,12.0,8.0,8.0,8.5,30.8,15.5,0,1028.7,93,0,90,1791018466
09:08,13.0,12.0,8.0,8.0,8.5,30.8,15.5,0,1028.7,93,0,90,1791018526
09:09,13.0,12.0,8.0,8.0,8.8,30.8,15.5,0,1028.7,93,0,90,1791018586
09:10,13.0,12.0,8.0,8.0,8.5,31.0,15.5,0,1028.8,93,0,90,1791018646
09:11,13.0,12.0,8.0,8.0,8.5,31.0,15.5,0,1028.8,93,0,90,1791018706
09:12,13.0,12.0,8.0,8.0,8.8,31.0,15.5,0,1028.8,93,0,90,1791018766
09:13,13.0,12.0,8.0,8.0,8.8,31.0,15.5,0,1028.8,93,0,90,1791018826
09:14,13.0,12.0,8.0,8.0,8.8,31.0,15.5,0,1028.8,93,0,90,1791018886
09:15,13.0,12.0,8.0,8.0,8.8,31.0,15.5,0,1028.7,93,0,90,1791018946
09:16,13.0,12.0,8.0,8.0,8.8,31.2,15.5,0,1028.7,93,0,90,1791019006
09:17,13.0,12.0,8.0,8.0,8.8,31.2,15.5,0,1028.7,93,0,90,1791019066
09:18,13.0,12.0,8.0,8.0,8.8,31.2,15.5,0,1028.7,93,0,90,1791019126
09:19,13.0,12.0,8.0,8.0,8.8,31.2,15.5,0,1028.7,92,0,90,1791019186
09:20,13.0,12.0,8.0,8.0,8.8,31.2,15.5,0,1028.7,92,0,90,1791019246
09:21,13.5,12.0,8.0,8.0,8.8,31.5,15.5,0,1028.7,92,0,90,1791019306
09:22,13.0,12.0,8.0,8.0,8.8,31.5,15.5,0,1028.7,92,0,90,1791019366
09:23,13.5,12.0,8.0,8.0,8.8,31.5,15.5,0,1028.7,92,0,90,1791019426
09:24,13.5,12.0,8.0,8.0,8.8,31.5,15.5,0,1028.7,91,0,90,1791019486
09:25,13.5,12.0,8.0,8.0,8.8,31.8,15.5,0,1028.7,91,0,90,1791019546
09:26,13.5,12.0,8.0,8.0,8.8,31.8,15.5,0,1028.7,91,0,90,1791019606
09:27,13.5,12.0,8.0,8.0,8.8,31.8,15.5,0,1028.7,91,0,90,1791019666
09:28,13.5,12.0,8.0,8.0,8.8,31.8,15.5,0,1028.8,91,0,90,1791019726
09:29,13.5,12.0,8.0,8.0,8.8,32.0,15.5,0,1028.8,91,0,90,1791019786
09:30,13.5,12.0,8.0,8.0,8.8,32.0,15.5,0,1028.7,91,0,90,1791019846
09:31,13.5,12.0,8.0,8.0,8.8,32.0,15.5,0,1028.8,90,0,90,1791019906
09:32,13.5,12.2,8.0,8.0,8.8,32.0,15.5,0,1028.8,90,0,90,1791019966
09:33,13.5,12.2,8.0,8.0,8.8,32.0,15.5,0,1028.8,90,0,90,1791020026
09:34,14.0,12.2,8.0,8.0,8.8,32.2,15.5,0,1028.8,90,0,90,1791020086
09:35,14.0,12.2,8.0,8.0,8.8,32.2,15.5,0,1028.8,90,0,90,1791020146
09:36,14.0,12.2,8.0,8.0,9.0,32.2,15.5,0,1028.8,90,0,90,1791020206
09:37,14.0,12.2,8.0,8.0,9.0,32.2,15.5,0,1028.8,90,0,90,1791020266
09:38,14.0,12.2,8.0,8.0,8.8,32.2,15.5,0,1028.8,90,0,90,1791020326
09:39,14.5,12.2,8.0,8.0,9.0,32.5,15.5,0,1028.7,90,0,90,1791020386
09:40,14.5,12.2,8.0,8.0,9.0,32.5,15.5,0,1028.7,90,0,90,1791020446
09:41,14.5,12.2,8.0,8.0,9.0,32.5,15.5,0,1028.7,89,0,90,1791020506
09:42,14.5,12.2,8.0,8.0,9.0,32.5,15.5,0,1028.8,89,0,90,1791020566
09:43,14.5,12.2,8.3,8.3,9.0,32.5,15.5,0,1028.8,89,0,90,1791020626
09:44,14.5,12.2,8.3,8.3,9.0,32.7,15.5,0,1028.8,89,0,90,1791020686
09:45,14.5,12.2,8.3,8.3,9.0,32.7,15.5,0,1028.8,89,0,90,1791020746
09:46,14.5,12.2,8.3,8.3,9.0,32.7,15.5,0,1028.8,89,0,90,1791020806
09:47,14.0,12.2,8.3,8.3,9.0,32.7,15.5,0,1028.8,89,0,90,1791020866
09:48,14.5,12.2,8.3,8.3,9.0,32.7,15.5,0,1028.8,89,0,90,1791020926
09:49,14.5,12.2,8.3,8.3,9.0,32.7,15.5,0,1028.8, 0,0,90,1791020986
09:50,14.5,12.2,8.3,8.3,9.0,33.0,15.5,0,1028.8,89,0,90,1791021046
09:51,15.0,12.2,8.3,8.3,9.0,33.0,15.5,0,1028.7,89,0,90,1791021106
09:52,15.0,12.2,8.3,8.3,9.0,33.0,15.5,0,1028.7,89,0,90,1791021166
09:53,15.0,12.2,8.3,8.3,9.0,33.0,15.5,0,1028.8,89,0,90,1791021226
09:54,15.0,12.2,8.3,8.3,9.0,33.0,15.5,0,1028.7,89,0,90,1791021286
09:55,15.0,12.2,8.3,8.3,9.0,33.0,15.5,0,1028.8,89,0,90,1791021346
09:56,15.0,12.2,8.3,8.3,9.0,33.0,15.5,0,1028.7,89,0,90,1791021406
09:57,15.0,12.5,8.3,8.3,9.0,33.0,15.5,0,1028.7,89,0,90,1791021466
09:58,15.0,12.5,8.3,8.3,9.3,33.0,15.5,0,1028.7,89,0,90,1791021526
09:59,15.5,12.5,8.3,8.3,9.0,33.2,15.5,0,1028.7,88,0,90,1791021586
10:00,15.5,12.5,8.3,8.3,9.3,33.2,15.5,0,1028.7,88,0,90,1791021646
10:01,15.5,12.5,8.3,8.3,9.3,33.2,15.5,0,1028.7,88,0,90,1791021706
10:02,15.5,12.5,8.3,8.3,9.3,33.2,15.5,0,1028.8,88,0,90,1791021766
10:03,15.5,12.5,8.3,8.3,9.3,33.2,15.5,0,1028.8,88,0,90,1791021826
10:04,15.0,12.5,8.5,8.5,9.3,33.2,15.5,0,1028.8,88,0,90,1791021886
10:05,15.5,12.5,8.5,8.5,9.3,33.2,15.5,0,1028.7,88,0,90,1791021946
10:06,15.5,12.5,8.5,8.5,9.3,33.2,15.5,0,1028.7,88,0,90,1791022006
10:07,15.5,12.5,8.5,8.5,9.3,33.5,15.5,0,1028.7,88,0,90,1791022066
10:08,15.5,12.5,8.5,8.5,9.3,33.2,15.5,0,1028.7,88,0,90,1791022126
10:09,16.0,12.5,8.5,8.5,9.3,33.5,15.5,0,1028.7,88,0,90,1791022186
10:10,16.0,12.5,8.5,8.5,9.3,33.5,15.5,0,1028.7,88,0,90,1791022246
10:11,16.0,12.5,8.5,8.5,9.3,33.5,15.5,0,1028.8,88,0,90,1791022306
10:12,15.5,12.5,8.5,8.5,9.3,33.2,15.5,0,1028.7,87,0,90,1791022366
10:13,16.0,12.5,8.5,8.5,9.3,33.2,15.5,0,1028.8,87,0,90,1791022426
10:14,16.0,12.8,8.5,8.5,9.3,33.2,15.5,0,1028.7,87,0,90,1791022486
10:15,16.0,12.8,8.5,8.5,9.5,33.2,15.5,0,1028.8,86,0,90,1791022546
10:16,16.0,12.8,8.5,8.5,9.5,33.5,15.5,0,1028.8,86,0,90,1791022606
10:17,16.0,12.8,8.5,8.5,9.5,33.5,15.5,0,1028.8,87,0,90,1791022666
10:18,16.0,12.8,8.5,8.5,9.5,33.5,15.5,0,1028.8,87,0,90,1791022726
10:19,16.0,12.8,8.5,8.5,9.5,33.5,15.5,0,1028.7,86,0,90,1791022786
10:20,16.0,12.8,8.8,8.8,9.5,33.5,15.5,0,1028.8,86,0,90,1791022846
10:21,16.5,12.8,8.8,8.8,9.5,33.5,15.5,0,1028.7,86,0,90,1791022906
10:22,16.5,12.8,8.8,8.8,9.5,33.5,15.5,0,1028.7,86,0,90,1791022966
10:23,16.5,12.8,8.8,8.8,9.5,33.5,15.5,0,1028.7,86,0,90,1791023026
10:24,16.5,12.8,8.8,8.8,9.5,33.7,15.5,0,1028.7,85,0,90,1791023086
10:25,16.5,13.0,8.8,8.8,9.5,33.7,15.5,0,1028.7,85,0,90,1791023146
10:26,16.5,13.0,8.8,8.8,9.5,33.7,15.5,0,1028.7,84,0,90,1791023206
10:27,16.5,13.0,8.8,8.8,9.5,33.7,15.5,0,1028.7,84,0,90,1791023266
10:28,16.5,13.0,8.8,8.8,9.8,33.7,15.5,0,1028.7,84,0,90,1791023326
10:29,16.5,13.0,8.8,8.8,9.8,34.0,15.5,0,1028.7,84,0,90,1791023386
10:30,17.0,13.0,8.8,8.8,9.8,34.0,15.5,0,1028.7,84,0,90,1791023446
10:31,17.0,13.0,8.8,8.8,9.8,34.0,15.5,0,1028.7,84,0,90,1791023506
10:32,17.0,13.0,9.0,9.0,9.8,34.2,15.5,0,1028.7,83,0,90,1791023566
10:33,17.0,13.0,9.0,9.0,9.8,34.2,15.5,0,1028.7,83,0,90,1791023626
10:34,17.0,13.0,9.0,9.0,9.8,34.2,15.5,0,1028.7,83,0,90,1791023686
10:35,17.0,13.0,9.0,9.0,9.8,34.2,15.5,0,1028.7,83,0,90,1791023746
10:36,17.0,13.0,9.0,9.0,9.8,34.2,15.5,0,1028.7,83,0,90,1791023806
10:37,17.0,13.0,9.0,9.0,9.8,34.5,15.5,0,1028.7,83,0,90,1791023866
10:38,17.0,13.3,9.0,9.0,9.8,34.5,15.5,0,1028.7,83,0,90,1791023926
10:39,17.0,13.3,9.0,9.0,9.8,34.5,15.5,0,1028.8,83,0,90,1791023986
10:40,17.5,13.3,9.0,9.0,9.8,34.5,15.5,0,1028.7,82,0,90,1791024046
10:41,17.5,13.3,9.0,9.0,9.8,34.5,15.5,0,1028.7,83,0,90,1791024106
10:42,17.5,13.3,9.0,9.0,10.0,34.5,15.5,0,1028.7,82,0,90,1791024166
10:43,18.0,13.3,9.0,9.0,10.0,34.7,15.5,0,1028.7,83,0,90,1791024226
10:44,18.0,13.3,9.0,9.0,10.0,34.7,15.5,0,1028.7,83,0,90,1791024286
10:45,18.0,13.3,9.0,9.0,10.0,34.7,15.5,0,1028.7,83,0,90,1791024346
10:46,18.0,13.3,9.3,9.3,10.0,35.0,15.5,0,1028.7,82,0,90,1791024406
10:47,18.0,13.3,9.3,9.3,10.0,35.0,15.5,0,1028.7,82,0,90,1791024466
10:48,17.5,13.3,9.3,9.3,10.0,35.0,15.5,0,1028.7,81,0,90,1791024526
10:49,18.0,13.5,9.3,9.3,10.0,35.0,15.5,0,1028.7,81,0,90,1791024586
10:50,18.0,13.5,9.3,9.3,10.0,35.2,15.5,0,1028.7,81,0,90,1791024646
10:51,18.0,13.5,9.3,9.3,10.0,35.2,15.5,0,1028.7,81,0,90,1791024706
10:52,18.0,13.5,9.3,9.3,10.0,35.2,15.5,0,1028.7,81,0,90,1791024766
10:53,18.0,13.5,9.3,9.3,10.3,35.5,15.5,0,1028.7,81,0,90,1791024826
10:54,18.5,13.5,9.3,9.3,10.3,35.5,15.5,0,1028.7,81,0,90,1791024886
10:55,18.5,13.5,9.3,9.3,10.3,35.5,15.5,0,1028.7,81,0,90,1791024946
10:56,18.5,13.5,9.3,9.3,10.3,35.7,15.5,0,1028.7,81,0,90,1791025006
10:57,18.5,13.5,9.5,9.5,10.3,35.7,15.5,0,1028.7,81,0,90,1791025066
10:58,18.5,13.5,9.5,9.5,10.3,35.7,15.5,0,1028.7,81,0,90,1791025126
10:59,18.5,13.8,9.5,9.5,10.3,36.0,15.5,0,1028.7,81,0,90,1791025186
11:00,18.5,13.8,9.5,9.5,10.3,36.0,15.5,0,1028.7,81,0,90,1791025246
11:01,18.5,13.8,9.5,9.5,10.3,36.0,15.5,0,1028.7,80,0,90,1791025306
11:02,18.5,13.8,9.5,9.5,10.3,36.2,15.5,0,1028.7,80,0,90,1791025366
11:03,18.5,13.8,9.5,9.5,10.3,36.2,15.5,0,1028.7,80,0,90,1791025426
11:04,19.0,13.8,9.5,9.5,10.5,36.2,15.5,0,1028.7,81,0,90,1791025486
11:05,19.0,13.8,9.5,9.5,10.5,36.5,15.5,0,1028.7,80,0,90,1791025546
11:06,18.5,13.8,9.5,9.5,10.5,36.5,15.5,0,1028.6,80,0,90,1791025606
11:07,19.0,13.8,9.5,9.5,10.5,36.7,15.5,0,1028.6,80,0,90,1791025666
11:08,19.0,13.8,9.5,9.5,10.5,36.7,15.5,0,1028.6,80,0,90,1791025726
11:09,19.0,13.8,9.5,9.5,10.5,36.7,15.5,0,1028.6,80,0,90,1791025786
11:10,19.0,13.8,9.8,9.8,10.5,37.0,15.5,0,1028.6,80,0,90,1791025846
11:11,19.0,14.0,9.8,9.8,10.5,37.0,15.5,0,1028.5,80,0,90,1791025906
11:12,19.0,14.0,9.8,9.8,10.5,37.0,15.5,0,1028.5,79,0,90,1791025966
11:13,19.0,14.0,9.8,9.8,10.5,37.2,15.5,0,1028.5,79,0,90,1791026026
11:14,19.0,14.0,9.8,9.8,10.5,37.2,15.5,0,1028.5,79,0,90,1791026086
11:15,19.0,14.0,9.8,9.8,10.5,37.2,15.5,0,1028.5,80,0,90,1791026146
11:16,19.5,14.0,9.8,9.8,10.5,37.5,15.5,0,1028.5,79,0,90,1791026206
11:17,19.0,14.0,9.8,9.8,10.8,37.5,15.5,0,1028.5,79,0,90,1791026266
11:18,19.0,14.0,9.8,9.8,10.8,37.5,15.5,0,1028.5,79,0,90,1791026326
11:19,19.5,14.0,9.8,9.8,10.8,37.7,15.5,0,1028.5,78,0,90,1791026386
11:20,19.0,14.0,9.8,9.8,10.8,37.7,15.5,0,1028.5,80,0,90,1791026446
11:21,19.5,14.0,10.0,10.0,10.8,37.7,15.5,0,1028.4,79,0,90,1791026506
11:22,19.5,14.0,10.0,10.0,10.8,38.0,15.5,0,1028.4,78,0,90,1791026566
11:23,19.5,14.0,10.0,10.0,10.8,38.0,15.5,0,1028.4,78,0,90,1791026626
11:24,19.5,14.0,10.0,10.0,10.8,38.0,15.5,0,1028.4,78,0,90,1791026686
11:25,19.5,14.3,10.0,10.0,10.8,38.2,15.5,0,1028.4,78,0,90,1791026746
11:26,19.5,14.3,10.0,10.0,10.8,38.2,15.5,0,1028.4,77,0,90,1791026806
11:27,19.5,14.3,10.0,10.0,11.0,38.2,15.5,0,1028.4,77,0,90,1791026866
11:28,19.5,14.3,10.0,10.0,11.0,38.2,15.5,0,1028.4,77,0,90,1791026926
11:29,19.5,14.3,10.0,10.0,11.0,38.5,15.5,0,1028.4,77,0,90,1791026986
11:30,19.5,14.3,10.0,10.0,11.0,38.5,15.5,0,1028.4,77,0,90,1791027046
11:31,19.5,14.3,10.3,10.3,11.0,38.5,15.5,0,1028.4,77,0,90,1791027106
11:32,19.5,14.3,10.3,10.3,11.0,38.7,15.5,0,1028.3,76,0,90,1791027166
11:33,20.0,14.3,10.3,10.3,11.0,38.7,15.5,0,1028.3,76,0,90,1791027226
11:34,20.0,14.3,10.3,10.3,11.0,38.7,15.5,0,1028.3,77,0,90,1791027286
11:35,20.0,14.3,10.3,10.3,11.0,39.0,15.5,0,1028.3,77,0,90,1791027346
11:36,20.5,14.3,10.3,10.3,11.0,39.0,15.5,0,1028.3,77,0,90,1791027406
11:37,20.5,14.3,10.3,10.3,11.0,39.0,15.5,0,1028.3,77,0,90,1791027466
11:38,20.5,14.3,10.3,10.3,11.0,39.2,15.5,0,1028.3,77,0,90,1791027526
11:39,20.5,14.3,10.3,10.3,11.3,39.2,15.5,0,1028.3,77,0,90,1791027586
11:40,20.5,14.3,10.3,10.3,11.0,39.5,15.5,0,1028.3,76,0,90,1791027646
11:41,20.5,14.5,10.3,10.3,11.3,39.5,15.5,0,1028.3,77,0,90,1791027706
11:42,20.5,14.3,10.3,10.3,11.3,39.5,15.5,0,1028.3,77,0,90,1791027766
11:43,20.5,14.5,10.3,10.5,11.3,39.7,15.5,0,1028.3,77,0,90,1791027826
11:44,20.5,14.5,10.5,10.5,11.3,39.7,15.5,0,1028.3,77,0,90,1791027886
11:45,20.5,14.5,10.5,10.5,11.3,40.0,15.5,0,1028.3,76,0,90,1791027946
11:46,20.5,14.5,10.5,10.5,11.3,40.0,15.5,0,1028.3,76,0,90,1791028006
11:47,20.5,14.5,10.5,10.5,11.3,40.0,15.5,0,1028.3,77,0,90,1791028066
11:48,20.5,14.5,10.5,10.5,11.3,40.2,15.5,0,1028.3,77,0,90,1791028126
11:49,20.5,14.5,10.5,10.5,11.3,40.2,15.5,0,1028.3,76,0,90,1791028186
11:50,20.5,14.5,10.5,10.5,11.5,40.2,15.5,0,1028.3,75,0,90,1791028246
11:51,20.5,14.5,10.5,10.5,11.5,40.5,15.5,0,1028.3,76,93,90,1791028306
11:52,20.5,14.5,10.5,10.5,11.5,40.5,15.5,0,1028.3,76,93,90,1791028366
11:53,20.5,14.5,10.5,10.5,11.5,40.5,15.5,0,1028.3,76,93,90,1791028426
11:54,21.0,14.5,10.8,10.8,11.5,40.5,15.5,0,1028.3,75,93,90,1791028486
11:55,21.0,14.5,10.8,10.8,11.5,40.5,15.5,0,1028.3,75,93,90,1791028547
11:56,21.0,14.5,10.8,10.8,11.5,40.8,15.5,0,1028.3,74,93,90,1791028606
11:57,21.0,14.5,10.8,10.8,11.5,40.8,15.5,0,1028.3,75,93,90,1791028666
11:58,21.0,14.5,10.8,10.8,11.5,40.8,15.5,0,1028.3,75,93,90,1791028726
11:59,21.0,14.5,10.8,10.8,11.5,40.8,15.5,0,1028.2,75,93,90,1791028786
12:00,21.0,14.5,10.8,10.8,11.5,41.0,15.5,0,1028.2,75,93,90,1791028847
12:01,21.0,14.5,10.8,10.8,11.5,41.0,15.5,0,1028.2,74,93,90,1791028907
12:02,21.0,14.7,10.8,10.8,11.5,41.0,15.5,0,1028.2,74,93,90,1791028967
12:03,21.5,14.5,10.8,10.8,11.8,41.2,15.5,0,1028.2,75,93,90,1791029027
12:04,21.5,14.7,10.8,10.8,11.8,41.2,15.5,0,1028.2,74,93,90,1791029087
12:05,21.5,14.7,11.0,11.0,11.8,41.2,15.5,0,1028.2,75,93,90,1791029147
12:06,21.0,14.7,11.0,11.0,11.8,41.2,15.5,0,1028.2,72,93,90,1791029207
12:07,21.5,14.7,11.0,11.0,11.8,41.2,15.5,0,1028.2,73,93,90,1791029267
12:08,21.5,14.7,11.0,11.0,11.8,41.5,15.5,0,1028.2,74,93,90,1791029327
12:09,21.5,14.7,11.0,11.0,11.8,41.5,15.5,0,1028.2,74,93,90,1791029387
12:10,21.5,14.7,11.0,11.0,11.8,41.5,15.5,0,1028.2,74,93,90,1791029447
12:11,21.5,14.7,11.0,11.0,11.8,41.5,15.5,0,1028.1,73,93,90,1791029507
12:12,21.5,14.7,11.0,11.0,11.8,41.5,15.5,0,1028.1,73,93,90,1791029567
12:13,21.5,14.7,11.0,11.0,11.8,41.7,15.5,0,1028.1,74,93,90,1791029627
12:14,21.5,14.7,11.0,11.0,12.0,41.7,15.5,0,1028.1,74,93,90,1791029687
12:15,21.5,14.7,11.3,11.0,12.0,41.7,15.5,0,1028.1,72,93,90,1791029747
12:16,21.5,14.7,11.3,11.3,12.0,41.7,15.5,0,1028.1,72,93,90,1791029807
12:17,21.5,14.7,11.3,11.3,12.0,42.0,15.5,0,1028.1,71,93,90,1791029867
12:18,22.0,14.7,11.3,11.3,12.0,42.0,15.5,0,1028.1,71,93,90,1791029927
12:19,21.5,14.7,11.3,11.3,12.0,42.0,15.5,0,1028.1,71,93,90,1791029987
12:20,21.5,14.7,11.3,11.3,12.0,42.2,15.5,0,1028.1,71,93,90,1791030047
12:21,21.5,14.7,11.3,11.3,12.0,42.2,15.5,0,1028.1,71,93,90,1791030107
12:22,21.5,14.7,11.3,11.3,12.0,42.2,15.5,0,1028.1,70,93,90,1791030167
12:23,21.5,14.7,11.3,11.3,12.0,42.2,15.5,0,1028.0,70,93,90,1791030227
12:24,21.5,15.0,11.3,11.3,12.0,42.5,15.5,0,1028.0,70,93,90,1791030287
12:25,21.5,15.0,11.3,11.5,12.0,42.5,15.5,0,1028.0,70,93,90,1791030347
12:26,22.0,15.0,11.5,11.5,12.2,42.5,15.5,0,1028.0,70,93,90,1791030407
12:27,22.0,15.0,11.5,11.5,12.2,42.5,15.5,0,1028.0,70,93,90,1791030467
12:28,22.0,15.0,11.5,11.5,12.2,42.7,15.5,0,1028.0,69,93,90,1791030527
12:29,22.0,15.0,11.5,11.5,12.2,42.7,15.5,0,1028.0,68,93,90,1791030587
12:30,22.0,15.0,11.5,11.5,12.2,42.7,15.5,0,1027.9,68,93,90,1791030647
12:31,22.0,15.0,11.5,11.5,12.2,42.7,15.5,0,1027.9,68,93,90,1791030707
12:32,22.0,15.0,11.5,11.5,12.2,42.7,15.5,0,1027.9,69,93,90,1791030767
12:33,22.0,15.0,11.5,11.5,12.2,42.7,15.5,0,1027.9,66,93,90,1791030827
12:34,22.0,15.0,11.5,11.5,12.2,43.0,15.5,0,1027.9,66,93,90,1791030887
12:35,22.5,15.0,11.5,11.5,12.2,43.0,15.5,0,1027.9,66,93,90,1791030947
12:36,22.5,15.0,11.8,11.8,12.2,43.0,15.5,0,1027.9,67,93,90,1791031007
12:37,22.5,15.0,11.8,11.8,12.2,43.0,15.5,0,1027.9,69,93,90,1791031067
12:38,22.5,15.0,11.8,11.8,12.5,43.3,15.5,0,1027.8,66,93,90,1791031127
12:39,22.5,15.0,11.8,11.8,12.5,43.3,15.5,0,1027.8,65,93,90,1791031187
12:40,22.5,15.0,11.8,11.8,12.5,43.3,15.5,0,1027.9,65,93,90,1791031247
12:41,22.0,15.0,11.8,11.8,12.5,43.3,15.5,0,1027.8,64,93,90,1791031307
12:42,22.0,15.0,11.8,11.8,12.5,43.5,15.5,0,1027.8,64,93,90,1791031367
12:43,22.5,15.0,11.8,11.8,12.5,43.5,15.5,0,1027.8,64,93,90,1791031427
12:44,22.5,15.0,11.8,11.8,12.5,43.5,15.5,0,1027.8,64,93,90,1791031487
12:45,22.5,15.0,11.8,11.8,12.5,43.5,15.5,0,1027.8,61,93,90,1791031547
12:46,22.5,15.0,12.0,12.0,12.5,43.5,15.5,0,1027.8,62,93,90,1791031607
12:47,22.5,15.0,12.0,12.0,12.5,43.5,15.5,0,1027.8,63,93,90,1791031667
12:48,22.5,15.3,12.0,12.0,12.5,43.5,15.5,0,1027.8,64,93,90,1791031727
12:49,22.5,15.3,12.0,12.0,12.5,43.5,15.5,0,1027.8,65,93,90,1791031787
12:50,22.5,15.3,12.0,12.0,12.5,43.5,15.5,0,1027.8,64,93,90,1791031847
12:51,22.5,15.3,12.0,12.0,12.8,43.5,15.5,0,1027.8,64,93,90,1791031907
12:52,22.5,15.3,12.0,12.0,12.8,43.5,15.5,0,1027.8,63,93,90,1791031967
12:53,22.5,15.3,12.0,12.0,12.8,43.5,15.5,0,1027.8,61,93,90,1791032027
12:54,22.5,15.3,12.2,12.2,12.8,43.5,15.5,0,1027.8,63,93,90,1791032087
12:55,22.5,15.3,12.2,12.2,12.8,43.7,15.5,0,1027.8,62,93,90,1791032147
12:56,22.5,15.3,12.2,12.2,12.8,43.5,15.5,0,1027.8,61,93,90,1791032207
12:57,22.5,15.3,12.2,12.2,12.8,43.7,15.5,0,1027.8,61,93,90,1791032267
12:58,22.5,15.3,12.2,12.2,12.8,43.7,15.5,0,1027.8,58,93,90,1791032327
12:59,22.5,15.3,12.2,12.2,12.8,43.7,15.5,0,1027.8,58,93,90,1791032387
13:00,22.5,15.3,12.2,12.2,12.8,43.7,15.5,0,1027.8,61,93,90,1791032447
13:01,22.5,15.3,12.2,12.5,12.8,43.7,15.5,0,1027.8,63,93,90,1791032507
13:02,22.5,15.3,12.5,12.5,12.8,43.7,15.5,0,1027.7,62,93,90,1791032567
13:03,22.5,15.3,12.5,12.5,12.8,43.7,15.5,0,1027.7,60,93,90,1791032627
13:04,23.0,15.3,12.5,12.5,13.0,43.7,15.5,0,1027.7,62,93,90,1791032687
13:05,23.0,15.3,12.5,12.5,13.0,43.7,15.5,0,1027.7,63,93,90,1791032747
13:06,23.0,15.3,12.5,12.5,13.0,44.0,15.5,0,1027.7,62,93,90,1791032807
13:07,23.0,15.3,12.5,12.5,13.0,44.0,15.5,0,1027.7,61,93,90,1791032867
13:08,23.0,15.3,12.5,12.5,13.0,44.0,15.5,0,1027.7,61,93,90,1791032927
13:09,23.0,15.3,12.8,12.8,13.0,44.0,15.5,0,1027.7,60,93,90,1791032987
13:10,23.0,15.3,12.8,12.8,13.0,44.0,15.5,0,1027.7,60,93,90,1791033047
13:11,23.0,15.3,12.8,12.8,13.0,44.0,15.5,0,1027.6,61,93,90,1791033107
13:12,23.0,15.3,12.8,12.8,13.0,44.2,15.5,0,1027.6,61,93,90,1791033167
13:13,23.0,15.3,12.8,12.8,13.0,44.2,15.5,0,1027.7,61,93,90,1791033227
13:14,23.0,15.3,12.8,12.8,13.0,44.2,15.5,0,1027.6,61,93,90,1791033287
13:15,23.0,15.5,13.0,13.0,13.0,44.2,15.5,0,1027.7,62,93,90,1791033347
13:16,23.0,15.5,13.0,13.0,13.3,44.2,15.5,0,1027.6,61,93,90,1791033407
13:17,22.5,15.5,13.0,13.0,13.3,44.2,15.5,0,1027.6,60,93,90,1791033467
13:18,22.5,15.5,13.0,13.0,13.3,44.2,15.5,0,1027.6,60,93,90,1791033527
13:19,22.5,15.5,13.0,13.0,13.3,44.5,15.5,0,1027.6,60,93,90,1791033587
13:20,23.0,15.5,13.3,13.0,13.3,44.5,15.5,0,1027.6,60,93,90,1791033647
13:21,23.0,15.5,13.3,13.3,13.3,44.5,15.5,0,1027.6,61,93,90,1791033707
13:22,23.0,15.5,13.3,13.3,13.3,44.5,15.5,0,1027.6,62,93,90,1791033767
13:23,23.0,15.5,13.3,13.3,13.3,44.5,15.5,0,1027.6,62,93,90,1791033827
13:24,23.0,15.5,13.5,13.5,13.3,44.7,15.5,0,1027.6,62,93,90,1791033887
13:25,23.0,15.5,13.5,13.5,13.3,44.7,15.5,0,1027.6,63,93,90,1791033947
13:26,23.0,15.5,13.5,13.5,13.3,44.7,15.5,0,1027.6,61,93,90,1791034007
13:27,23.0,15.5,13.8,13.8,13.3,44.7,15.5,0,1027.6,61,93,90,1791034067
13:28,23.0,15.5,13.8,13.8,13.3,44.7,15.5,0,1027.5,62,93,90,1791034127
13:29,23.0,15.5,13.8,13.8,13.3,44.7,15.5,0,1027.5,62,93,90,1791034187
13:30,23.5,15.5,14.0,14.0,13.3,44.7,15.5,0,1027.5,62,93,90,1791034247
13:31,23.5,15.5,14.0,14.0,13.5,45.0,15.5,0,1027.5,62,93,90,1791034307
13:32,23.5,15.5,14.0,14.0,13.5,45.0,15.5,0,1027.5,62,93,90,1791034367
13:33,23.5,15.5,14.3,14.3,13.5,45.0,15.5,0,1027.5,62,93,90,1791034427
13:34,23.5,15.5,14.3,14.3,13.5,45.0,15.5,0,1027.5,62,93,90,1791034487
13:35,23.0,15.5,14.5,14.5,13.5,45.0,15.5,0,1027.5,63,93,90,1791034547
13:36,23.5,15.5,14.5,14.5,13.5,45.0,15.5,0,1027.4,63,93,90,1791034607
13:37,23.0,15.5,14.5,14.5,13.5,45.2,15.5,0,1027.4,62,93,90,1791034667
13:38,23.0,15.5,14.5,14.5,13.5,45.2,15.5,0,1027.4,62,93,90,1791034727
13:39,23.5,15.5,14.7,14.7,13.5,45.2,15.5,0,1027.4,62,93,90,1791034787
13:40,23.5,15.5,14.7,14.7,13.5,45.2,15.5,0,1027.4,62,93,90,1791034847
13:41,23.5,15.5,14.7,14.7,13.5,45.2,15.5,0,1027.4,62,93,90,1791034907
13:42,23.5,15.5,14.7,14.7,13.5,45.5,15.5,0,1027.4,62,93,90,1791034967
13:43,23.5,15.5,14.7,14.7,13.5,45.5,15.5,0,1027.4,62,93,90,1791035027
13:44,23.5,15.5,14.7,14.7,13.5,45.5,15.5,0,1027.4,62,93,90,1791035087
13:45,23.5,15.8,14.7,14.7,13.5,45.5,15.5,0,1027.4,61,93,90,1791035147
13:46,23.5,15.8,14.7,14.7,13.8,45.8,15.5,0,1027.4,61,93,90,1791035207
13:47,23.0,15.8,14.7,14.7,13.8,45.8,15.5,0,1027.4,62,93,90,1791035267
13:48,23.5,15.8,14.7,14.7,13.8,45.8,15.5,0,1027.4,63,93,90,1791035327
13:49,23.0,15.8,14.7,14.7,13.8,45.8,15.5,0,1027.3,62,93,90,1791035387
13:50,23.0,15.8,14.7,14.7,13.8,46.0,16.0,0,1027.3,61,93,90,1791035447
13:51,23.0,15.8,14.7,14.7,13.8,46.0,16.0,0,1027.3,60,93,90,1791035507
13:52,23.0,15.8,14.7,14.7,13.8,46.0,16.0,0,1027.3,60,93,90,1791035567
13:53,23.0,15.8,14.7,14.7,13.8,46.0,16.0,0,1027.3,60,93,90,1791035627
13:54,23.0,15.8,14.7,14.7,13.8,46.0,16.0,0,1027.3,60,93,90,1791035687
13:55,23.5,15.8,14.7,14.7,13.8,46.2,16.0,0,1027.3,61,93,90,1791035747
13:56,23.5,15.8,14.7,14.7,13.8,46.2,16.0,0,1027.3,63,93,90,1791035807
13:57,23.5,15.8,14.7,14.7,13.8,46.2,16.0,0,1027.3,63,93,90,1791035867
13:58,23.5,15.8,14.7,14.7,13.8,46.2,16.0,0,1027.3,60,93,90,1791035927
13:59,23.5,15.8,14.7,14.7,13.8,46.2,16.0,0,1027.3,60,93,90,1791035987
14:00,24.0,15.8,14.7,14.7,13.8,46.5,16.0,0,1027.3,62,93,90,1791036047
14:01,24.0,15.8,14.7,14.7,13.8,46.5,16.0,0,1027.3,62,93,90,1791036107
14:02,24.0,15.8,14.7,14.7,13.8,46.5,16.0,0,1027.2,62,93,90,1791036167
14:03,24.0,15.8,14.7,14.7,14.0,46.5,16.0,0,1027.2,62,93,90,1791036227
14:04,24.0,15.8,14.7,14.7,14.0,46.5,16.0,0,1027.2,62,93,90,1791036287
14:05,23.5,15.8,14.7,14.7,14.0,46.7,16.0,0,1027.2,61,93,90,1791036347
14:06,24.0,15.8,14.7,14.7,14.0,46.7,16.0,0,1027.2,61,93,90,1791036407
14:07,24.0,15.8,14.7,14.7,14.0,46.7,16.0,0,1027.3,61,93,90,1791036467
14:08,24.0,15.8,14.7,14.7,14.0,46.7,16.0,0,1027.3,61,93,90,1791036527
14:09,24.0,15.8,14.7,14.7,14.0,46.7,16.0,0,1027.3,61,93,90,1791036587
14:10,24.0,15.8,14.7,14.7,14.0,47.0,16.0,0,1027.2,62,93,90,1791036647
14:11,24.0,15.8,14.7,14.7,14.0,47.0,16.5,0,1027.2,61,93,90,1791036707
14:12,24.0,15.8,14.7,14.7,14.0,47.0,16.0,0,1027.2,62,93,90,1791036767
14:13,24.0,15.8,14.7,14.7,14.0,47.0,16.0,0,1027.2,63,93,90,1791036827
14:14,24.5,15.8,14.7,14.7,14.0,47.2,16.5,0,1027.2,63,93,90,1791036887
14:15,24.0,15.8,14.7,14.7,14.0,47.2,16.5,0,1027.2,63,93,90,1791036947
14:16,24.0,15.8,14.7,14.7,14.0,47.2,16.5,0,1027.2,62,93,90,1791037007
14:17,24.0,15.8,14.7,14.7,14.0,47.2,16.5,0,1027.2,62,93,90,1791037067
14:18,23.5,15.8,14.7,14.7,14.0,47.2,16.5,0,1027.2,60,93,90,1791037127
14:19,24.0,15.8,14.7,14.7,14.0,47.2,16.5,0,1027.2,60,93,90,1791037187
14:20,24.0,15.8,14.7,14.7,14.0,47.5,16.5,0,1027.2,60,93,90,1791037247
14:21,23.5,15.8,14.7,14.7,14.0,47.5,16.5,0,1027.1,60,93,90,1791037307
14:22,23.5,15.8,14.7,14.7,14.0,47.5,16.5,0,1027.1,61,93,90,1791037367
14:23,24.0,15.8,14.7,14.7,14.0,47.5,16.5,0,1027.1,62,93,90,1791037427
14:24,24.0,15.8,14.7,14.7,14.0,47.5,16.5,0,1027.1,62,93,90,1791037487
14:25,24.0,15.8,14.7,14.7,14.3,47.7,16.5,0,1027.1,63,93,90,1791037547
14:26,24.0,15.8,14.7,14.7,14.3,47.7,16.5,0,1027.1,61,93,90,1791037607
14:27,24.0,15.8,14.7,14.7,14.3,47.7,16.5,0,1027.1,59,93,90,1791037667
14:28,24.0,15.8,14.7,14.7,14.3,47.7,16.5,0,1027.1,60,93,90,1791037727
14:29,24.0,15.8,14.7,14.7,14.3,47.7,16.5,0,1027.1,60,93,90,1791037787
14:30,24.0,15.8,14.7,14.7,14.3,47.7,16.5,0,1027.0,60,93,90,1791037847
14:31,24.0,15.8,14.7,14.7,14.3,48.0,16.5,0,1027.0,61,93,90,1791037907
14:32,24.0,15.8,14.7,14.7,14.3,48.0,16.5,0,1027.0,60,93,90,1791037967
14:33,24.0,15.8,14.7,14.7,14.3,48.0,16.5,0,1027.0,60,93,90,1791038027
14:34,24.0,15.8,14.7,14.7,14.3,48.0,16.0,0,1027.0,61,93,90,1791038087
14:35,24.5,15.8,14.7,14.7,14.3,48.0,16.0,0,1027.0,62,93,90,1791038147
14:36,24.0,15.8,14.7,14.7,14.3,48.3,16.0,0,1027.0,61,93,90,1791038207
14:37,24.5,15.8,14.7,14.7,14.3,48.3,16.0,0,1027.0,61,93,90,1791038267
14:38,24.0,15.8,14.7,14.7,14.3,48.3,16.0,0,1027.0,60,93,90,1791038327
14:39,24.0,15.8,14.7,14.7,14.3,48.3,16.0,0,1027.0,60,93,90,1791038387
14:40,24.0,15.8,14.7,14.7,14.3,48.3,16.0,0,1027.0,61,93,90,1791038447
14:41,24.0,15.8,14.7,14.7,14.3,48.5,16.0,0,1027.0,61,93,90,1791038507
14:42,24.0,15.8,14.7,14.7,14.3,48.5,16.0,0,1027.0,61,93,90,1791038567
14:43,24.0,15.8,14.7,14.7,14.3,48.5,16.0,0,1026.9,60,93,90,1791038627
14:44,24.5,15.8,14.7,14.7,14.3,48.5,16.0,0,1026.9,60,93,90,1791038687
14:45,24.0,15.8,14.7,14.7,14.3,48.5,16.0,0,1026.9,61,93,90,1791038747
14:46,24.0,15.8,14.7,14.7,14.3,48.5,16.0,0,1026.9,60,93,90,1791038807
14:47,24.0,15.8,14.7,14.7,14.3,48.7,16.0,0,1026.9,61,93,90,1791038867
14:48,24.0,15.8,14.7,14.7,14.3,48.7,16.0,0,1026.9,61,93,90,1791038927
14:49,24.0,15.8,14.7,14.7,14.3,48.7,16.0,0,1026.9,61,93,90,1791038987
14:50,24.5,15.8,14.7,14.7,14.3,48.7,16.0,0,1026.8,62,93,90,1791039047
14:51,24.0,15.8,14.7,14.7,14.3,48.7,16.0,0,1026.8,59,93,90,1791039107
14:52,23.5,15.8,14.7,14.7,14.3,48.7,16.0,0,1026.8,58,93,90,1791039167
14:53,23.5,15.8,14.7,14.7,14.3,48.7,16.0,0,1026.8,59,93,90,1791039227
14:54,24.0,15.8,14.7,14.7,14.3,48.7,16.0,0,1026.8,60,93,90,1791039287
14:55,24.0,15.8,14.7,14.7,14.3,49.0,16.0,0,1026.8,60,93,90,1791039347
14:56,24.0,15.8,14.7,14.7,14.3,49.0,16.0,0,1026.8,60,93,90,1791039407
14:57,24.0,15.8,14.7,14.7,14.3,49.0,16.0,0,1026.8,60,93,90,1791039467
14:58,24.0,15.8,14.7,14.7,14.5,49.0,16.0,0,1026.7,59,93,90,1791039528
14:59,24.0,15.8,14.7,14.7,14.3,49.0,16.0,0,1026.7,60,93,90,1791039588
15:00,24.0,15.8,15.0,15.0,14.5,49.0,16.0,0,1026.7,61,93,90,1791039648
15:01,24.0,15.8,14.7,14.7,14.5,49.0,16.0,0,1026.7,59,93,90,1791039708
15:02,24.0,15.8,14.7,14.7,14.5,49.0,16.0,0,1026.7,60,93,90,1791039768
15:03,24.0,15.8,14.7,14.7,14.5,49.0,16.0,0,1026.7,60,93,90,1791039828
15:04,24.0,15.8,14.7,14.7,14.5,49.2,16.0,0,1026.7,60,93,90,1791039888
15:05,24.5,15.8,14.7,14.7,14.5,49.2,16.0,0,1026.7,60,93,90,1791039948
15:06,24.5,15.8,15.0,14.7,14.5,49.2,16.0,0,1026.7,60,93,90,1791040008
15:07,24.5,15.8,15.0,15.0,14.5,49.2,16.0,0,1026.7,60,93,90,1791040068
15:08,24.5,15.8,15.0,15.0,14.5,49.2,16.0,0,1026.7,60,79,90,1791040128
15:09,24.5,15.8,15.0,14.7,14.5,49.2,16.0,0,1026.6,60,79,90,1791040188
15:10,24.5,15.8,15.0,15.0,14.5,49.2,16.0,0,1026.6,61,79,90,1791040248
15:11,24.5,15.8,15.0,15.0,14.5,49.2,16.0,0,1026.6,60,79,90,1791040308
15:12,24.5,15.8,14.7,15.0,14.5,49.2,16.0,0,1026.6,60,79,90,1791040368
15:13,24.5,15.8,15.0,15.0,14.5,49.2,16.0,0,1026.6,60,79,90,1791040428
15:14,24.5,15.8,15.0,15.0,14.5,49.2,16.0,0,1026.6,60,79,90,1791040488
15:15,24.5,15.8,15.0,15.0,14.5,49.2,15.5,0,1026.6, 0,79,90,1791040548
15:16,24.5,15.8,15.0,15.0,14.5,49.2,16.0,0,1026.6,60,79,90,1791040608
15:17,24.5,15.8,15.0,15.0,14.5,49.2,16.0,0,1026.5,61,79,90,1791040668
15:18,24.5,15.5,15.0,15.0,14.5,49.2,16.0,0,1026.5,60,79,90,1791040728
15:19,24.5,15.8,15.0,15.0,14.5,49.2,16.0,0,1026.6,60,79,90,1791040788
15:20,24.5,15.8,15.0,15.0,14.5,49.0,16.0,0,1026.5,61,79,90,1791040848
15:21,24.5,15.5,15.0,15.0,14.5,49.0,16.0,0,1026.5,60,79,90,1791040908
15:22,24.5,15.5,15.0,15.0,14.5,49.0,16.0,0,1026.5,59,73,90,1791040968
15:23,24.5,15.5,15.0,15.0,14.5,48.7,16.0,0,1026.5,59,122,90,1791041028
15:24,25.0,15.5,15.0,15.0,14.5,48.7,16.0,0,1026.5,59,122,90,1791041088
15:25,24.5,15.5,15.0,15.0,14.5,48.7,16.0,0,1026.5,59,122,90,1791041148
15:26,24.5,15.5,15.0,15.0,14.5,48.5,16.0,0,1026.5,58,122,90,1791041208
15:27,24.0,15.5,15.0,15.0,14.5,48.5,16.0,0,1026.5,57,122,90,1791041268
15:28,24.5,15.5,15.0,15.0,14.5,48.5,15.5,0,1026.5,58,122,90,1791041328
15:29,24.5,15.5,15.0,15.0,14.5,48.3,15.5,0,1026.4,58,122,90,1791041388
15:30,24.5,15.5,15.0,15.0,14.5,48.3,16.0,0,1026.4,59,122,90,1791041448
15:31,24.5,15.5,15.0,15.0,14.5,48.0,16.0,0,1026.4,59,122,90,1791041508
15:32,24.5,15.5,15.0,15.0,14.5,48.0,15.5,0,1026.4,60,122,90,1791041568
15:33,24.5,15.5,15.0,15.0,14.5,48.0,15.5,0,1026.4,60,126,90,1791041628
15:34,24.5,15.5,15.0,15.0,14.5,47.7,15.5,0,1026.4,59,126,90,1791041688
15:35,24.5,15.5,15.0,15.0,14.5,47.7,15.5,0,1026.4,59,126,90,1791041748
15:36,24.5,15.5,15.0,15.0,14.5,47.7,15.5,0,1026.4,60,126,90,1791041808
15:37,24.5,15.5,15.0,15.0,14.5,47.7,15.5,0,1026.4,59,126,90,1791041868
15:38,24.5,15.5,15.0,15.0,14.5,47.5,15.5,0,1026.4,59,126,90,1791041928
15:39,24.5,15.5,15.0,15.0,14.5,47.5,15.5,0,1026.4,59,126,90,1791041988
15:40,24.5,15.5,15.0,15.0,14.5,47.5,15.5,0,1026.4,59,126,90,1791042048
15:41,24.5,15.5,15.0,15.0,14.5,47.5,15.5,0,1026.4,59,126,90,1791042108
15:42,24.5,15.5,15.0,15.0,14.5,47.2,15.5,0,1026.4,59,126,90,1791042168
15:43,24.5,15.5,15.0,15.0,14.5,47.2,15.5,0,1026.4,59,68,90,1791042228
15:44,24.5,15.5,15.0,15.0,14.5,47.2,15.5,0,1026.4,59,0,90,1791042288
15:45,24.5,15.5,15.0,15.0,14.5,47.2,15.5,0,1026.3,59,0,90,1791042348
15:46,24.5,15.5,15.0,15.0,14.5,47.0,15.5,0,1026.3,60,0,90,1791042408
15:47,24.5,15.5,15.0,15.0,14.5,47.0,15.5,0,1026.3, 0,0,90,1791042468
15:48,24.5,15.5,15.0,15.0,14.5,47.0,15.5,0,1026.3,60,0,90,1791042528
15:49,24.5,15.5,15.0,15.0,14.5,47.0,15.5,0,1026.3,60,0,90,1791042588
15:50,24.5,15.5,15.0,15.0,14.5,47.0,15.5,0,1026.3,61,0,90,1791042648
15:51,24.5,15.5,15.0,15.0,14.7,47.0,15.5,0,1026.3,62,0,90,1791042708
15:52,24.5,15.5,15.0,15.0,14.7,46.7,15.5,0,1026.3,62,0,90,1791042768
15:53,24.5,15.5,15.0,15.0,14.7,46.7,15.5,0,1026.3,61,0,90,1791042828
15:54,24.5,15.5,15.0,15.0,14.7,46.7,15.5,0,1026.3,60,0,90,1791042888
15:55,25.0,15.5,15.0,15.0,14.7,46.7,15.5,0,1026.3,60,0,90,1791042948
15:56,24.5,15.5,15.0,15.0,14.7,46.7,15.5,0,1026.3,60,0,90,1791043008
15:57,24.5,15.5,15.0,15.0,14.7,46.7,15.5,0,1026.3,60,0,90,1791043068
15:58,24.5,15.5,15.0,15.0,14.7,46.7,15.5,0,1026.3,60,0,90,1791043128
15:59,24.5,15.5,15.0,15.0,14.7,46.5,15.5,0,1026.3,60,0,90,1791043188
16:00,24.5,15.5,15.0,15.0,14.7,46.5,15.5,0,1026.3,60,0,90,1791043248
16:01,25.0,15.5,15.0,15.0,14.7,46.5,15.5,0,1026.3,60,0,90,1791043308
16:02,24.5,15.5,15.0,15.0,14.7,46.5,15.5,0,1026.3,61,0,90,1791043368
16:03,24.5,15.5,15.0,15.0,14.7,46.5,15.5,0,1026.3,60,0,90,1791043428
16:04,24.5,15.5,15.0,15.0,14.7,46.5,15.5,0,1026.3,60,0,90,1791043488
16:05,24.5,15.5,15.0,15.0,14.7,46.5,15.5,0,1026.3,61,0,90,1791043548
16:06,24.5,15.5,15.0,15.0,14.7,46.5,15.5,0,1026.3,62,0,90,1791043608
16:07,24.5,15.5,15.0,15.0,14.7,46.5,15.5,0,1026.3,62,0,90,1791043668
16:08,24.5,15.5,15.0,15.0,14.7,46.7,15.5,0,1026.3,62,0,90,1791043728
16:09,24.5,15.5,15.0,15.0,14.7,46.7,15.5,0,1026.3,62,0,90,1791043788
16:10,24.5,15.5,15.0,15.0,14.7,46.7,15.5,0,1026.3,62,0,90,1791043848
16:11,24.5,15.5,15.0,15.0,14.7,46.7,15.5,0,1026.2,62,0,90,1791043908
16:12,24.5,15.5,15.0,15.0,14.7,46.7,15.5,0,1026.3,61,0,90,1791043968
16:13,24.5,15.5,15.0,15.0,14.7,46.7,15.5,0,1026.2,62,0,90,1791044028
16:14,24.5,15.5,15.0,15.0,14.7,46.7,15.5,0,1026.2,62,0,90,1791044088
16:15,24.5,15.5,15.0,15.0,14.7,46.7,15.5,0,1026.2,62,0,90,1791044148
16:16,24.5,15.5,15.0,15.0,14.7,46.7,15.5,0,1026.2,62,0,90,1791044208
16:17,24.5,15.5,15.0,15.0,14.7,46.7,15.5,0,1026.2,62,0,90,1791044268
16:18,24.5,15.5,15.0,15.0,14.7,46.7,15.5,0,1026.2,62,0,90,1791044328
16:19,24.5,15.5,15.0,15.0,14.7,46.7,15.5,0,1026.2,63,0,90,1791044388
16:20,24.0,15.5,15.0,15.0,14.7,46.7,15.5,0,1026.2,62,0,90,1791044448
16:21,24.0,15.5,15.0,15.0,14.7,46.5,15.5,0,1026.2,62,0,90,1791044508
16:22,24.5,15.5,15.0,15.0,14.7,46.5,15.5,0,1026.2,63,0,90,1791044568
16:23,24.0,15.5,15.0,15.0,14.7,46.5,15.5,0,1026.1,62,0,90,1791044628
16:24,24.0,15.5,15.0,15.0,14.7,46.5,15.5,0,1026.1,62,0,90,1791044688
16:25,24.0,15.5,15.0,15.0,14.7,46.5,15.5,0,1026.1,62,0,90,1791044748
16:26,24.0,15.5,15.0,15.0,14.7,46.5,15.5,0,1026.1,62,0,90,1791044808
16:27,24.5,15.5,15.0,15.0,14.7,46.5,15.5,0,1026.1,62,0,90,1791044868
16:28,24.0,15.5,15.0,15.0,14.7,46.2,15.5,0,1026.1,64,0,90,1791044928
16:29,24.0,15.5,15.0,15.0,14.7,46.2,15.5,0,1026.1,63,0,90,1791044988
16:30,24.5,15.5,15.0,15.0,14.7,46.2,15.5,0,1026.1,64,0,90,1791045048
16:31,24.5,15.5,15.0,15.0,14.7,46.2,15.5,0,1026.1,63,0,90,1791045108
16:32,24.0,15.5,15.0,15.0,14.7,46.2,15.5,0,1026.1,63,0,90,1791045168
16:33,24.5,15.5,15.0,15.0,14.7,46.2,15.5,0,1026.1,64,0,90,1791045228
16:34,24.0,15.5,15.0,15.0,14.7,46.2,15.5,0,1026.1,64,0,90,1791045288
16:35,24.0,15.5,15.0,15.0,14.7,46.2,15.5,0,1026.1,62,0,90,1791045348
16:36,24.0,15.5,15.0,15.0,14.7,46.2,15.5,0,1026.1,62,61,90,1791045408
16:37,24.0,15.5,15.0,15.0,14.7,46.2,15.5,0,1026.1,62,61,90,1791045468
16:38,24.0,15.5,15.0,15.0,14.7,46.2,15.5,0,1026.1,63,61,90,1791045528
16:39,24.0,15.5,15.0,15.0,14.7,46.2,15.5,0,1026.1,63,61,90,1791045588
16:40,24.0,15.5,15.0,15.0,14.7,46.0,15.5,0,1026.1,63,61,90,1791045648
16:41,24.0,15.5,15.0,15.0,14.7,46.0,15.5,0,1026.1,62,61,90,1791045708
16:42,24.0,15.5,15.0,15.0,14.7,46.0,15.5,0,1026.1,62,61,90,1791045768
16:43,24.0,15.5,15.0,15.0,14.7,46.0,15.5,0,1026.1,62,61,90,1791045828
16:44,24.0,15.5,15.0,15.0,14.7,46.0,15.5,0,1026.1,63,61,90,1791045888
16:45,24.0,15.5,15.0,15.0,14.7,46.0,15.5,0,1026.1,64,61,90,1791045948
16:46,24.0,15.5,15.0,15.0,14.7,46.0,15.5,0,1026.1,64,61,90,1791046008
16:47,23.5,15.5,15.0,15.0,14.7,46.0,15.5,0,1026.0,63,61,90,1791046068
16:48,24.0,15.5,15.0,15.0,14.7,46.0,15.5,0,1026.0,64,61,90,1791046128
16:49,24.0,15.5,15.0,15.0,14.7,46.0,15.5,0,1026.0,64,61,90,1791046188
16:50,24.0,15.5,15.0,15.0,14.7,46.0,15.5,0,1026.0,64,61,90,1791046248
16:51,24.0,15.5,15.0,15.0,14.7,46.0,15.5,0,1026.0,64,61,90,1791046308
16:52,24.0,15.5,15.0,15.0,14.7,46.0,15.5,0,1026.0,65,61,90,1791046368
16:53,23.5,15.5,15.0,15.0,14.7,46.0,15.5,0,1026.0,64,61,90,1791046428
16:54,23.5,15.5,15.0,15.0,14.7,46.0,15.5,0,1026.0,63,61,90,1791046488
16:55,23.5,15.5,15.0,15.0,14.7,46.0,15.5,0,1026.0,64,61,90,1791046548
16:56,23.5,15.5,15.0,15.0,14.7,46.0,15.5,0,1026.0,64,61,90,1791046608
16:57,24.0,15.5,15.0,15.0,14.7,46.0,15.5,0,1026.0,64,61,90,1791046668
16:58,24.0,15.5,15.0,15.0,14.7,46.0,15.5,0,1026.0,64,61,90,1791046728
16:59,23.5,15.5,15.0,15.0,14.7,46.0,15.5,0,1026.0,65,61,90,1791046788
17:00,23.5,15.3,15.0,15.0,14.7,45.8,15.5,0,1026.0,65,61,90,1791046848
17:01,23.5,15.5,15.0,15.0,14.7,45.8,15.5,0,1026.0,65,61,90,1791046908
17:02,23.5,15.3,15.0,15.0,14.7,45.8,15.5,0,1026.0,64,61,90,1791046968
17:03,23.5,15.3,15.0,15.0,14.7,45.8,15.5,0,1026.0,65,61,90,1791047028
17:04,23.5,15.3,15.0,15.0,14.7,45.8,15.5,0,1026.0,66,61,90,1791047088
17:05,23.5,15.3,15.0,15.0,14.7,45.8,15.5,0,1026.0,65,61,90,1791047148
17:06,23.5,15.3,15.0,15.0,14.7,45.8,15.5,0,1026.0,65,61,90,1791047208
17:07,37.5,15.3,15.0,15.0,14.7,45.8,15.5,0,1025.9,66,61,90,1791047268
17:08,37.5,15.3,15.0,15.0,14.7,45.8,15.5,0,1025.9,67,61,90,1791047328
17:09,37.5,15.3,15.0,15.0,14.7,45.8,15.5,0,1025.9,67,61,90,1791047388
17:10,37.5,15.3,15.0,15.0,14.7,45.8,15.5,0,1025.9,69,61,90,1791047448
17:11,37.5,15.3,15.0,15.0,14.7,45.8,15.5,0,1025.9,68,61,90,1791047508
17:12,37.5,15.3,15.0,15.0,14.7,45.8,15.5,0,1025.9,68,61,90,1791047568
17:13,37.5,15.3,15.0,15.0,14.7,45.8,15.5,0,1025.9,67,61,90,1791047628
17:14,37.5,15.3,15.0,15.0,14.7,45.8,15.5,0,1025.9,68,61,90,1791047688
17:15,37.5,15.3,15.0,15.0,14.7,45.8,15.5,0,1025.9,69,61,90,1791047748
17:16,37.5,15.3,15.0,15.0,14.7,45.8,15.5,0,1025.9,67,61,90,1791047808
17:17,37.5,15.3,15.0,15.0,14.7,45.8,15.5,0,1025.9,68,61,90,1791047868
17:18,37.5,15.3,15.0,15.0,14.7,45.8,15.5,0,1025.9,70,61,90,1791047928
17:19,37.5,15.3,15.0,15.0,14.7,45.8,15.5,0,1025.9,70,61,90,1791047988
17:20,37.5,15.3,15.0,15.0,14.7,45.5,15.5,0,1025.9,70,61,90,1791048048
17:21,37.5,15.3,15.0,15.0,14.7,45.5,15.5,0,1025.9,71,61,90,1791048108
17:22,37.5,15.3,15.0,15.0,14.7,45.5,15.5,0,1025.9,72,61,90,1791048168
17:23,37.5,15.3,15.0,15.0,14.7,45.5,15.5,0,1025.9,73,61,90,1791048228
17:24,37.5,15.3,15.0,15.0,14.7,45.5,15.5,0,1025.9,73,61,90,1791048288
17:25,37.5,15.3,15.0,15.0,14.7,45.5,15.5,0,1025.9,73,61,90,1791048348
17:26,37.5,15.3,15.0,15.0,14.7,45.5,15.5,0,1025.9,73,61,90,1791048408
17:27,37.5,15.3,15.0,15.0,14.7,45.5,15.5,0,1025.9,72,61,90,1791048468
17:28,37.5,15.3,15.0,15.0,14.7,45.5,15.5,0,1025.9,73,61,90,1791048528
17:29,37.5,15.3,15.0,15.0,14.7,45.5,15.5,0,1025.9,73,61,90,1791048588
17:30,37.5,15.3,15.0,15.0,14.7,45.5,15.5,0,1025.9,73,61,90,1791048648
17:31,37.5,15.3,15.0,15.0,14.7,45.5,15.5,0,1025.9,74,61,90,1791048708
17:32,37.5,15.3,15.0,15.0,14.7,45.5,15.5,0,1025.9,75,61,90,1791048768
17:33,37.5,15.3,15.0,15.0,14.7,45.5,15.5,0,1025.9,75,61,90,1791048828
17:34,37.5,15.3,15.0,15.0,14.7,45.2,15.5,0,1025.9,75,61,90,1791048888
17:35,37.5,15.3,15.0,15.0,14.7,45.2,15.5,0,1025.9,75,61,90,1791048948
17:36,37.5,15.3,14.7,14.7,14.7,45.2,15.5,0,1025.9,75,61,90,1791049008
17:37,37.5,15.3,15.0,15.0,14.7,45.2,15.5,0,1026.0,75,61,90,1791049068
17:38,37.5,15.0,14.7,14.7,14.7,45.2,15.5,0,1026.0,76,61,90,1791049128
17:39,37.5,15.0,14.7,14.7,14.7,45.2,15.5,0,1026.0,76,61,90,1791049188
17:40,37.5,15.0,14.7,14.7,14.7,45.2,15.5,0,1026.0,76,61,90,1791049248
17:41,37.5,15.0,14.7,14.7,14.7,45.2,15.5,0,1026.0,77,61,90,1791049308
17:42,37.5,15.0,14.7,14.7,14.7,45.2,15.5,0,1026.0,77,61,90,1791049368
17:43,37.5,15.0,14.7,14.7,14.7,45.0,15.5,0,1026.0,77,61,90,1791049428
17:44,37.5,15.0,14.7,14.7,14.7,45.0,15.5,0,1026.0,77,61,90,1791049488
17:45,37.5,15.0,14.7,14.7,14.5,45.0,15.5,0,1026.0, 0,61,90,1791049548
17:46,37.5,15.0,14.7,14.7,14.5,45.0,15.5,0,1026.0,78,61,90,1791049602
17:47,37.5,15.0,14.7,14.7,14.5,45.0,15.5,0,1026.0,78,61,90,1791049662
17:48,37.5,15.0,14.7,14.7,14.5,45.0,15.5,0,1026.0,78,61,90,1791049722
17:49,37.5,15.0,14.7,14.7,14.5,45.0,15.5,0,1026.0,78,61,90,1791049783
17:50,37.5,15.0,14.7,14.7,14.5,45.0,15.5,0,1026.0,78,61,90,1791049843
17:51,37.5,15.0,14.7,14.7,14.5,44.7,15.5,0,1026.0,78,61,90,1791049903
17:52,37.5,15.0,14.7,14.7,14.5,44.7,15.5,0,1026.0,78,61,90,1791049963
17:53,37.5,15.0,14.7,14.7,14.5,44.7,15.5,0,1026.0,78,61,90,1791050023
17:54,37.5,15.0,14.7,14.7,14.5,44.7,15.5,0,1026.0,78,61,90,1791050083
17:55,37.5,15.0,14.7,14.7,14.5,44.7,15.5,0,1026.0,78,61,90,1791050143
17:56,37.5,15.0,14.7,14.7,14.5,44.7,15.5,0,1026.0,78,61,90,1791050203
17:57,37.5,15.0,14.7,14.7,14.5,44.5,15.5,0,1026.0,78,61,90,1791050263
17:58,37.5,15.0,14.7,14.7,14.5,44.5,15.5,0,1026.0,78,61,90,1791050323
17:59,37.5,15.0,14.7,14.7,14.5,44.5,15.5,0,1026.0,78,61,90,1791050383
18:00,37.5,15.0,14.7,14.7,14.5,44.5,15.5,0,1026.0,78,61,90,1791050443
18:01,37.5,15.0,14.7,14.7,14.5,44.5,15.5,0,1026.0,78,61,90,1791050503
18:02,37.5,15.0,14.7,14.7,14.5,44.5,15.5,0,1026.0,78,61,90,1791050563
18:03,37.5,15.0,14.7,14.7,14.5,44.5,15.5,0,1026.0,78,61,90,1791050623
18:04,37.5,15.0,14.7,14.7,14.5,44.2,15.5,0,1026.0,79,61,90,1791050683
18:05,37.5,15.0,14.7,14.7,14.5,44.2,15.5,0,1026.1,79,61,90,1791050743
18:06,37.5,15.0,14.7,14.7,14.5,44.2,15.5,0,1026.1,79,61,90,1791050803
18:07,20.5,14.7,14.7,14.7,14.5,44.2,15.5,0,1026.1,79,61,90,1791050863
18:08,20.5,14.7,14.7,14.7,14.5,44.2,15.5,0,1026.1,79,61,90,1791050923
18:09,20.5,14.7,14.7,14.7,14.5,44.2,15.5,0,1026.1,79,61,90,1791050983
18:10,20.5,14.7,14.7,14.7,14.5,44.2,15.5,0,1026.1,79,61,90,1791051043
18:11,20.5,14.7,14.7,14.7,14.5,44.0,15.5,0,1026.1,79,61,90,1791051103
18:12,20.0,14.7,14.5,14.5,14.5,44.0,15.5,0,1026.1,79,61,90,1791051163
18:13,20.0,14.7,14.5,14.5,14.5,44.0,15.5,0,1026.1,79,61,90,1791051223
18:14,20.0,14.7,14.5,14.5,14.5,44.0,15.5,0,1026.1,79,61,90,1791051283
18:15,20.0,14.7,14.5,14.5,14.5,44.0,15.5,0,1026.1,79,61,90,1791051343
18:16,20.0,14.7,14.5,14.5,14.5,44.0,15.5,0,1026.1,80,61,90,1791051403
18:17,20.0,14.7,14.5,14.5,14.5,43.7,15.5,0,1026.1,80,61,90,1791051463
18:18,20.0,14.7,14.5,14.5,14.5,43.7,15.5,0,1026.1,81,61,90,1791051523
18:19,19.5,14.7,14.5,14.5,14.5,43.7,15.5,0,1026.1,81,61,90,1791051583
18:20,19.5,14.7,14.5,14.5,14.5,43.7,15.5,0,1026.1,81,61,90,1791051643
18:21,19.5,14.7,14.5,14.5,14.5,43.7,15.5,0,1026.1,81,61,90,1791051703
18:22,19.0,14.7,14.5,14.5,14.5,43.7,15.5,0,1026.1,82,61,90,1791051763
18:23,19.0,14.7,14.5,14.5,14.5,43.7,15.5,0,1026.1,82,61,90,1791051823
18:24,19.0,14.7,14.5,14.5,14.5,43.7,15.5,0,1026.1,82,61,90,1791051883
18:25,19.0,14.7,14.5,14.5,14.5,43.7,15.5,0,1026.1,82,61,90,1791051943
18:26,18.5,14.7,14.5,14.5,14.3,43.5,15.5,0,1026.1,83,61,90,1791052003
18:27,18.5,14.7,14.5,14.5,14.3,43.5,15.5,0,1026.1,83,61,90,1791052063
18:28,19.0,14.7,14.5,14.5,14.3,43.5,15.5,0,1026.1,83,61,90,1791052123
18:29,18.5,14.7,14.5,14.5,14.3,43.5,15.5,0,1026.1,83,61,90,1791052183
18:30,18.5,14.7,14.5,14.5,14.3,43.5,15.5,0,1026.1,83,61,90,1791052243
18:31,18.5,14.7,14.5,14.5,14.3,43.5,15.5,0,1026.1,83,61,90,1791052303
18:32,18.5,14.7,14.5,14.5,14.3,43.5,15.5,0,1026.2,83,61,90,1791052363
18:33,18.5,14.7,14.5,14.5,14.3,43.5,15.5,0,1026.1,83,61,90,1791052423
18:34,18.5,14.7,14.5,14.5,14.3,43.5,15.5,0,1026.1,83,61,90,1791052483
18:35,18.5,14.7,14.5,14.5,14.3,43.5,15.5,0,1026.1,83,61,90,1791052543
18:36,18.5,14.7,14.5,14.5,14.3,43.5,15.5,0,1026.1,83,61,90,1791052603
18:37,18.5,14.5,14.5,14.5,14.3,43.3,15.5,0,1026.1,83,61,90,1791052663
18:38,18.5,14.5,14.3,14.3,14.3,43.3,15.5,0,1026.1,83,61,90,1791052723
18:39,18.5,14.5,14.3,14.3,14.3,43.3,15.5,0,1026.1,83,61,90,1791052783
18:40,18.5,14.5,14.3,14.3,14.3,43.3,15.5,0,1026.1,83,61,90,1791052843
18:41,18.5,14.5,14.3,14.3,14.3,43.3,15.5,0,1026.1,83,61,90,1791052903
18:42,18.5,14.5,14.3,14.3,14.3,43.3,15.5,0,1026.1,83,61,90,1791052963
18:43,18.0,14.5,14.3,14.3,14.3,43.3,15.5,0,1026.0,83,61,90,1791053023
18:44,18.0,14.5,14.3,14.3,14.3,43.3,15.5,0,1026.0,83,61,90,1791053083
18:45,18.0,14.5,14.3,14.3,14.3,43.3,15.5,0,1026.0,84,61,90,1791053143
18:46,17.5,14.5,14.3,14.3,14.3,43.3,15.5,0,1026.0,84,61,90,1791053203
18:47,17.5,14.5,14.3,14.3,14.3,43.0,15.5,0,1026.0,84,61,90,1791053263
18:48,17.5,14.5,14.3,14.3,14.3,43.0,15.5,0,1026.0,84,61,90,1791053323
18:49,17.5,14.5,14.3,14.3,14.3,43.0,15.5,0,1026.0,84,61,90,1791053383
18:50,17.5,14.5,14.3,14.3,14.3,43.0,15.5,0,1026.0,84,61,90,1791053443
18:51,17.5,14.5,14.3,14.3,14.3,43.0,15.5,0,1026.0,84,61,90,1791053503
18:52,17.5,14.5,14.3,14.3,14.3,43.0,15.5,0,1026.0,84,61,90,1791053563
18:53,17.0,14.5,14.3,14.3,14.3,43.0,15.5,0,1026.0,85,61,90,1791053623
18:54,17.5,14.5,14.3,14.3,14.3,43.0,15.5,0,1026.0,85,61,90,1791053683
18:55,17.5,14.5,14.3,14.3,14.3,43.0,15.5,0,1026.0,85,61,90,1791053743
18:56,17.5,14.5,14.3,14.3,14.3,42.7,15.5,0,1026.0,85,61,90,1791053803
18:57,17.5,14.5,14.3,14.3,14.0,42.7,15.5,0,1026.0,85,61,90,1791053863
18:58,17.5,14.5,14.3,14.3,14.3,42.7,15.5,0,1026.0,85,61,90,1791053923
18:59,17.5,14.5,14.3,14.3,14.0,42.7,15.5,0,1026.0,85,61,90,1791053983
19:00,17.0,14.5,14.3,14.0,14.0,42.7,15.5,0,1026.0,86,61,90,1791054043
19:01,17.0,14.5,14.0,14.0,14.0,42.7,15.5,0,1026.1,85,61,90,1791054103
19:02,17.0,14.5,14.0,14.0,14.0,42.5,15.5,0,1026.1,85,61,90,1791054163
19:03,17.0,14.5,14.0,14.0,14.0,42.5,15.5,0,1026.1,85,61,90,1791054223
19:04,17.5,14.5,14.0,14.0,14.0,42.5,15.5,0,1026.1,85,61,90,1791054283
19:05,17.0,14.5,14.0,14.0,14.0,42.5,15.5,0,1026.1,85,61,90,1791054343
19:06,17.0,14.5,14.0,14.0,14.0,42.5,15.5,0,1026.1,85,61,90,1791054403
19:07,17.0,14.5,14.0,14.0,14.0,42.2,15.5,0,1026.1,85,61,90,1791054463
19:08,17.0,14.5,14.0,14.0,14.0,42.2,15.5,0,1026.1,85,61,90,1791054523
19:09,17.0,14.3,14.0,14.0,14.0,42.2,15.5,0,1026.1,86,61,90,1791054583
19:10,17.0,14.3,14.0,14.0,14.0,42.2,15.5,0,1026.1,86,61,90,1791054643
19:11,17.0,14.3,14.0,14.0,14.0,42.2,15.5,0,1026.1,86,61,90,1791054703
19:12,17.0,14.3,14.0,14.0,14.0,42.0,15.5,0,1026.1,86,61,90,1791054763
19:13,17.0,14.3,14.0,14.0,14.0,42.0,15.5,0,1026.1,86,61,90,1791054823
19:14,17.0,14.3,14.0,14.0,14.0,42.0,15.5,0,1026.1,85,61,90,1791054883
19:15,17.0,14.3,14.0,14.0,14.0,42.0,15.5,0,1026.1,86,61,90,1791054943
19:16,17.0,14.3,14.0,14.0,14.0,41.7,15.5,0,1026.1, 0,61,90,1791055003
19:17,17.0,14.3,14.0,14.0,14.0,41.7,15.5,0,1026.0,86,61,90,1791055063
19:18,17.0,14.3,14.0,14.0,14.0,41.7,15.5,0,1026.0,87,61,90,1791055123
19:19,17.0,14.3,14.0,14.0,14.0,41.5,15.5,0,1026.0,86,61,90,1791055183
19:20,17.0,14.3,14.0,14.0,14.0,41.5,15.5,0,1026.1,86,61,90,1791055243
19:21,17.0,14.3,14.0,14.0,14.0,41.5,15.5,0,1026.0,86,61,90,1791055303
19:22,17.0,14.3,14.0,14.0,14.0,41.2,15.5,0,1026.1,86,61,90,1791055363
19:23,17.0,14.3,13.8,13.8,14.0,41.2,15.5,0,1026.0,86,61,90,1791055423
19:24,17.0,14.3,13.8,13.8,13.8,41.2,15.5,0,1026.0, 0,61,90,1791055483
19:25,17.0,14.3,13.8,13.8,13.8,41.0,15.5,0,1026.0,86,61,90,1791055543
19:26,17.0,14.3,13.8,13.8,13.8,41.0,15.5,0,1026.0,86,61,90,1791055603
19:27,17.0,14.3,13.8,13.8,13.8,41.0,15.5,0,1026.0,86,61,90,1791055663
19:28,17.0,14.3,13.8,13.8,13.8,40.8,15.5,0,1026.0,87,61,90,1791055723
19:29,17.0,14.3,13.8,13.8,13.8,40.8,15.5,0,1026.0,86,61,90,1791055783
19:30,16.5,14.3,13.8,13.8,13.8,40.8,15.5,0,1026.0,87,61,90,1791055843
19:31,16.5,14.3,13.8,13.8,13.8,40.5,15.5,0,1026.0,87,61,90,1791055903
19:32,16.5,14.3,13.8,13.8,13.8,40.5,15.5,0,1026.0,87,61,90,1791055963
19:33,16.5,14.3,13.8,13.8,13.8,40.5,15.5,0,1025.9,87,61,90,1791056023
19:34,16.5,14.3,13.8,13.8,13.8,40.2,15.5,0,1025.9,87,61,90,1791056083
19:35,16.5,14.3,13.8,13.8,13.8,40.2,15.5,0,1025.9,87,61,90,1791056143
19:36,16.5,14.3,13.8,13.8,13.8,40.2,15.5,0,1025.9,87,61,90,1791056203
19:37,16.5,14.3,13.8,13.8,13.8,40.0,15.5,0,1025.9,87,61,90,1791056263
19:38,16.5,14.3,13.8,13.8,13.8,40.0,15.5,0,1026.0,87,61,90,1791056323
19:39,16.0,14.3,13.8,13.8,13.8,39.7,15.5,0,1026.0,87,61,90,1791056383
19:40,16.0,14.3,13.8,13.8,13.8,39.7,15.5,0,1026.0,87,61,90,1791056443
19:41,16.0,14.3,13.8,13.8,13.8,39.7,15.5,0,1026.0,87,61,90,1791056503
19:42,16.0,14.3,13.8,13.8,13.8,39.7,15.5,0,1026.0,87,61,90,1791056563
19:43,37.5,14.3,13.8,13.8,13.8,39.5,15.5,0,1026.0,87,61,90,1791056623
19:44,37.5,14.3,13.8,13.8,13.8,39.5,15.5,0,1026.0,87,61,90,1791056683
19:45,37.5,14.3,13.5,13.5,13.8,39.5,15.5,0,1026.0,87,61,90,1791056743
19:46,37.5,14.3,13.5,13.5,13.8,39.2,15.5,0,1026.0,88,61,90,1791056803
19:47,37.5,14.3,13.5,13.5,13.8,39.2,15.5,0,1026.0,88,61,90,1791056863
19:48,37.5,14.0,13.5,13.5,13.8,39.2,15.5,0,1026.0,88,61,90,1791056923
19:49,37.5,14.0,13.5,13.5,13.8,39.0,15.5,0,1026.0,88,61,90,1791056983
19:50,37.5,14.0,13.5,13.5,13.8,39.0,15.5,0,1026.0,88,61,90,1791057043
19:51,37.5,14.0,13.5,13.5,13.8,39.0,15.5,0,1026.0,88,61,90,1791057103
19:52,37.5,14.0,13.5,13.5,13.5,38.7,15.5,0,1026.0,88,61,90,1791057163
19:53,37.5,14.0,13.5,13.5,13.5,38.7,15.5,0,1026.1,88,61,90,1791057223
19:54,37.5,14.0,13.5,13.5,13.5,38.7,15.5,0,1026.1,88,61,90,1791057283
19:55,37.5,14.0,13.5,13.5,13.5,38.5,15.5,0,1026.1,88,61,90,1791057343
19:56,37.5,14.0,13.5,13.5,13.5,38.5,15.5,0,1026.1,88,61,90,1791057403
19:57,37.5,14.0,13.5,13.5,13.5,38.5,15.5,0,1026.1,88,61,90,1791057463
19:58,37.5,14.0,13.5,13.5,13.5,38.2,15.5,0,1026.1,88,61,90,1791057523
19:59,37.5,14.0,13.5,13.5,13.5,38.2,15.5,0,1026.1,88,61,90,1791057583
20:00,37.5,14.0,13.5,13.5,13.5,38.2,15.5,0,1026.1,89,61,90,1791057643
20:01,37.5,14.0,13.5,13.5,13.5,38.2,15.5,0,1026.1,89,61,90,1791057703
20:02,37.5,14.0,13.5,13.5,13.5,38.0,15.5,0,1026.1,89,61,90,1791057763
20:03,37.5,14.0,13.5,13.5,13.5,38.0,15.5,0,1026.1,89,61,90,1791057823
20:04,37.5,14.0,13.5,13.5,13.5,38.0,15.5,0,1026.1,89,61,90,1791057883
20:05,37.5,14.0,13.5,13.5,13.5,37.7,15.5,0,1026.0,89,61,90,1791057943
20:06,37.5,14.0,13.5,13.5,13.5,37.7,15.5,0,1026.0,89,61,90,1791058003
20:07,37.5,14.0,13.5,13.5,13.5,37.7,15.5,0,1026.0,89,61,90,1791058063
20:08,37.5,14.0,13.5,13.5,13.5,37.7,15.5,0,1026.0,89,61,90,1791058123
20:09,37.5,14.0,13.3,13.5,13.5,37.5,15.5,0,1026.0,89,61,90,1791058183
20:10,37.5,14.0,13.3,13.3,13.5,37.5,15.5,0,1026.0,89,61,90,1791058243
20:11,37.5,14.0,13.3,13.3,13.5,37.5,15.5,0,1026.1,90,61,90,1791058303
20:12,37.5,14.0,13.3,13.3,13.5,37.2,15.5,0,1026.1,89,61,90,1791058363
20:13,37.5,14.0,13.3,13.3,13.5,37.2,15.5,0,1026.1,89,61,90,1791058423
20:14,37.5,14.0,13.3,13.3,13.5,37.2,15.5,0,1026.1,89,61,90,1791058483
20:15,37.5,14.0,13.3,13.3,13.5,37.2,15.5,0,1026.1,89,61,90,1791058543
20:16,37.5,14.0,13.3,13.3,13.3,37.0,15.5,0,1026.1,89,61,90,1791058603
20:17,26.0,14.0,13.3,13.3,13.3,37.0,15.5,0,1026.1,89,61,90,1791058663
20:18,-16.0,14.0,13.3,13.3,13.3,37.0,15.5,0,1026.0,89,61,90,1791058723
20:19,-16.0,14.0,13.3,13.3,13.3,36.7,15.5,0,1026.0,89,61,90,1791058783
20:20,-16.0,14.0,13.3,13.3,13.3,36.7,15.5,0,1026.0,89,61,90,1791058843
20:21,-16.0,14.0,13.3,13.3,13.3,36.7,15.5,0,1026.0,89,61,90,1791058903
20:22,-16.0,14.0,13.3,13.3,13.3,36.5,15.5,0,1026.0,89,61,90,1791058963
20:23,-16.0,14.0,13.3,13.3,13.3,36.5,15.5,0,1026.0,89,61,90,1791059023
20:24,-16.0,14.0,13.3,13.3,13.3,36.5,15.5,0,1026.0,89,61,90,1791059083
20:25,-16.0,14.0,13.3,13.3,13.3,36.5,15.5,0,1026.0,89,61,90,1791059143
20:26,-16.0,14.0,13.3,13.3,13.3,36.2,15.5,0,1026.0, 0,61,90,1791059203
20:27,-16.0,14.0,13.3,13.3,13.3,36.2,15.5,0,1026.0,89,61,90,1791059263
20:28,-16.0,14.0,13.3,13.3,13.3,36.2,15.5,0,1026.0,89,61,90,1791059323
20:29,-16.0,14.0,13.3,13.3,13.3,36.0,15.5,0,1026.0,89,61,90,1791059383
20:30,-16.0,14.0,13.3,13.3,13.3,36.0,15.5,0,1026.0,89,61,90,1791059443
20:31,-16.0,14.0,13.3,13.3,13.3,36.0,15.5,0,1026.0,90,61,90,1791059503
20:32,-16.0,14.0,13.0,13.0,13.3,36.0,15.5,0,1026.0,90,61,90,1791059563
20:33,-16.0,14.0,13.0,13.0,13.3,35.7,15.5,0,1026.0,90,61,90,1791059623
20:34,-16.0,13.8,13.0,13.0,13.3,35.7,15.5,0,1026.0,90,61,90,1791059683
20:35,-16.0,14.0,13.0,13.0,13.3,35.7,15.5,0,1026.0,90,61,90,1791059743
20:36,-16.0,13.8,13.0,13.0,13.3,35.7,15.5,0,1026.0,90,61,90,1791059803
20:37,-16.0,13.8,13.0,13.0,13.3,35.5,15.5,0,1026.0,89,61,90,1791059863
20:38,-16.0,13.8,13.0,13.0,13.3,35.5,15.5,0,1026.0,90,61,90,1791059923
20:39,-16.0,13.8,13.0,13.0,13.3,35.5,15.5,0,1026.0,89,61,90,1791059983
20:40,-16.0,13.8,13.0,13.0,13.0,35.5,15.5,0,1026.0,89,61,90,1791060043
20:41,-16.0,13.8,13.0,13.0,13.0,35.2,15.5,0,1026.0,89,61,90,1791060103
20:42,-16.0,13.8,13.0,13.0,13.0,35.2,15.5,0,1026.0,89,61,90,1791060163
20:43,-16.0,13.8,13.0,13.0,13.0,35.2,15.5,0,1026.0,89,61,90,1791060223
20:44,-16.0,13.8,13.0,13.0,13.0,35.2,15.5,0,1026.0,90,61,90,1791060283
20:45,-16.0,13.8,13.0,13.0,13.0,35.0,15.5,0,1026.0,90,61,90,1791060343
20:46,-16.0,13.8,13.0,13.0,13.0,35.0,15.5,0,1026.0,90,61,90,1791060403
20:47,-16.0,13.8,13.0,13.0,13.0,35.0,15.5,0,1026.0,90,61,90,1791060463
20:48,14.5,42.0,13.0,13.0,13.0,35.0,15.5,0,1026.0,90,61,90,1791060523
20:49,14.5,13.8,13.0,13.0,13.0,34.7,15.5,0,1026.0,90,61,90,1791060583
20:50,14.0,13.8,13.0,13.0,13.0,34.7,15.5,0,1026.0,90,61,90,1791060643
20:51,14.0,13.8,13.0,13.0,13.0,34.7,15.5,0,1026.0,90,61,90,1791060703
20:52,14.5,13.8,13.0,13.0,13.0,34.7,15.5,0,1025.9,90,61,90,1791060763
20:53,14.5,13.8,13.0,13.0,13.0,34.5,15.5,0,1025.9,90,61,90,1791060823
20:54,14.5,13.8,13.0,13.0,13.0,34.5,15.5,0,1025.9,90,61,90,1791060883
20:55,14.5,13.8,13.0,13.0,13.0,34.5,15.5,0,1025.9,90,61,90,1791060943
20:56,14.5,13.8,13.0,13.0,13.0,34.5,15.5,0,1025.9,90,61,90,1791061003
20:57,14.5,13.8,13.0,13.0,13.0,34.5,15.5,0,1025.9,90,61,90,1791061063
20:58,14.0,13.8,13.0,13.0,13.0,34.2,15.5,0,1025.9,90,61,90,1791061123
20:59,14.0,13.8,13.0,13.0,13.0,34.2,15.5,0,1026.0,90,61,90,1791061183
21:00,14.0,13.8,13.0,13.0,13.0,34.2,15.5,0,1026.0,90,61,90,1791061243
21:01,14.0,13.8,13.0,13.0,13.0,34.2,15.5,0,1026.0,90,61,90,1791061303
21:02,14.0,13.8,13.0,12.8,13.0,34.0,15.5,0,1026.0,90,61,90,1791061363
21:03,14.0,13.8,13.0,13.0,13.0,34.0,15.5,0,1025.9,90,61,90,1791061423
21:04,14.0,13.8,12.8,12.8,12.8,34.0,15.5,0,1026.0,90,61,90,1791061483
21:05,14.0,13.8,12.8,12.8,12.8,34.0,15.5,0,1026.0,90,61,90,1791061543
