13.09 19:00,20.7,19.5,22.0,22.9,22.8,23.0,16.5,16.3,16.8,16.5,16.3,16.8,16.8,16.8,17.0,37.9,37.5,38.5,18.0,18.0,18.0,1015.6,1015.6,1015.8,81, 0,86,0,0,0,8,8,8,1789326000
13.09 20:00,19.2,19.0,19.5,22.6,22.5,22.8,16.1,16.0,16.3,17.7,16.0,20.0,16.4,16.3,16.5,37.0,37.0,37.2,18.0,18.0,18.0,1015.8,1015.7,1015.9,85, 0,88,0,0,0,8,8,8,1789329600
13.09 21:00,19.0,19.0,19.0,22.4,22.2,22.5,15.8,15.8,16.0,15.8,15.8,16.0,16.2,16.0,16.3,36.7,36.5,37.0,18.0,18.0,18.0,1015.9,1015.8,1015.9,89,88,89,0,0,0,8,8,8,1789333200
13.09 22:00,18.5,18.0,19.0,22.2,22.2,22.2,15.5,15.5,15.5,20.0,20.0,20.0,16.0,16.0,16.0,36.5,36.5,36.5,18.0,18.0,18.0,1015.7,1015.7,1015.7,91,90,92,0,0,0,8,8,8,1789336800
13.09 23:00,18.6,18.0,19.0,22.1,22.0,22.2,15.4,15.3,15.5,16.0,15.3,20.0,16.0,15.8,16.0,36.3,36.0,36.5,18.0,18.0,18.0,1015.6,1015.5,1015.7,88, 0,92,0,0,0,8,8,8,1789340400
14.09 00:00,18.2,18.0,18.5,22.0,21.8,22.0,15.3,15.3,15.3,15.3,15.3,15.3,15.8,15.8,15.8,35.7,35.5,36.0,18.0,18.0,18.0,1015.4,1015.3,1015.5,90, 0,92,0,0,0,8,8,8,1789344000
14.09 01:00,17.8,17.5,18.0,21.8,21.8,21.8,15.0,15.0,15.3,15.0,15.0,15.3,15.8,15.8,15.8,35.3,35.2,35.5,18.0,18.0,18.0,1015.3,1015.3,1015.4,91, 0,93,0,0,0,8,8,8,1789347600
14.09 02:00,17.8,17.0,18.0,21.6,21.5,21.8,15.0,14.7,15.0,15.0,15.0,15.0,15.6,15.5,15.8,34.9,34.7,35.2,18.0,18.0,18.0,1015.4,1015.3,1015.4,89, 0,93,0,0,0,8,8,8,1789351200
14.09 03:00,16.8,16.0,17.5,21.4,21.2,21.5,14.7,14.7,14.7,18.5,14.7,20.0,15.5,15.5,15.5,34.7,34.5,34.7,18.0,18.0,18.0,1015.7,1015.6,1015.7,94,94,94,0,0,0,8,8,8,1789354800
14.09 04:00,17.1,16.5,17.5,21.2,21.2,21.2,14.7,14.7,14.7,18.3,14.7,20.0,15.5,15.5,15.5,34.5,34.5,34.5,18.0,18.0,18.0,1015.5,1015.5,1015.6,92, 0,95,0,0,0,8,8,8,1789358400
14.09 05:00,17.3,16.5,17.5,21.2,21.0,21.2,14.7,14.7,14.7,16.9,14.7,20.0,15.3,15.3,15.5,34.1,34.0,34.2,18.0,18.0,18.0,1015.6,1015.6,1015.7,93, 0,96,0,0,0,8,8,8,1789362000
14.09 06:00,16.9,15.5,17.5,21.0,21.0,21.0,14.7,14.5,14.7,17.3,14.5,20.0,15.3,15.3,15.3,33.7,33.7,33.7,18.0,18.0,18.0,1015.8,1015.8,1015.9,97,97,98,0,0,0,8,8,8,1789365600
14.09 07:00,17.2,16.5,17.5,21.0,21.0,21.0,14.5,14.5,14.7,14.5,14.5,14.7,15.3,15.3,15.3,33.7,33.5,33.7,18.0,18.0,18.0,1016.1,1015.9,1016.2,95, 0,99,0,0,0,8,8,8,1789369200
14.09 08:00,17.6,17.0,18.0,20.9,20.8,21.0,14.5,14.5,14.7,14.5,14.5,14.7,15.3,15.3,15.5,33.6,33.5,33.7,18.0,18.0,18.0,1016.4,1016.2,1016.6,99,99,99,0,0,0,8,8,8,1789372800
01.01 00:00,22.4,22.0,23.0,20.5,20.5,20.5,17.7,17.5,17.8,20.0,20.0,20.0,18.0,18.0,18.0,50.4,50.2,50.8,18.5,18.5,18.5,1016.1,1016.1,1016.1,90,88,91,0,0,0,8,8,8,946684800
15.09 18:00,21.8,21.5,22.0,20.5,20.3,20.5,17.5,17.5,17.5,17.9,17.5,20.0,18.0,18.0,18.0,50.1,50.0,50.2,18.5,18.5,18.5,1016.1,1016.1,1016.1,91,90,91,0,0,0,8,8,8,1789495200
15.09 19:00,20.0,19.5,20.5,20.3,20.3,20.3,17.5,17.5,17.5,20.0,20.0,20.0,17.8,17.8,18.0,49.2,49.0,49.2,18.5,18.5,18.5,1016.2,1016.2,1016.2,95,94,95,0,0,0,8,8,8,1789498800
15.09 20:00,19.0,18.5,19.5,20.3,20.3,20.3,17.5,17.5,17.5,18.6,17.5,20.0,17.8,17.8,17.8,48.3,47.2,48.7,18.5,18.5,18.5,1016.1,1016.0,1016.1,95,95,96,0,0,0,8,8,8,1789502400
15.09 21:00,18.2,17.5,18.5,20.3,20.3,20.3,17.5,17.5,17.5,17.5,17.5,17.5,17.8,17.8,17.8,45.5,43.7,47.2,18.5,18.5,18.5,1015.9,1015.9,1016.0,96,96,96,0,0,0,8,8,8,1789506000
15.09 22:00,17.3,17.0,17.5,20.0,20.0,20.3,17.2,17.2,17.2,18.8,17.2,20.0,17.8,17.8,17.8,41.8,41.0,42.5,18.5,18.5,18.5,1015.8,1015.7,1015.9,94, 0,97,0,0,0,8,8,8,1789509600
15.09 23:00,16.8,16.5,17.0,20.0,20.0,20.0,17.2,17.2,17.2,17.2,17.2,17.2,17.7,17.5,17.8,40.0,39.0,41.0,18.5,18.5,18.5,1015.7,1015.6,1015.7,97,96,97,0,0,0,8,8,8,1789513200
16.09 00:00,16.2,16.0,16.5,20.0,20.0,20.0,17.2,17.0,17.2,17.2,17.0,17.2,17.5,17.5,17.5,38.0,37.0,39.0,18.5,18.5,18.5,1015.3,1015.1,1015.6,95, 0,97,0,0,0,8,8,8,1789516800
16.09 01:00,15.5,15.5,15.5,19.8,19.8,19.8,17.0,17.0,17.0,20.0,20.0,20.0,17.3,17.2,17.5,35.5,35.5,35.5,18.5,18.5,18.5,1014.8,1014.7,1014.8,97,97,98,0,0,0,8,8,8,1789520400
16.09 02:00,15.1,14.0,15.5,19.8,19.8,19.8,17.0,17.0,17.0,17.8,17.0,20.0,17.3,17.2,17.5,34.7,34.0,35.5,18.5,18.5,18.5,1014.5,1014.3,1014.8,97,97,98,0,0,0,8,8,8,1789524000
16.09 04:00,14.0,14.0,14.5,19.5,19.5,19.5,16.8,16.8,16.8,19.8,16.8,20.0,17.0,17.0,17.0,31.9,31.8,32.0,18.5,18.5,18.5,1013.4,1013.3,1013.5,98,98,98,0,0,0,8,8,8,1789531200
16.09 06:00,13.9,13.5,14.5,19.4,19.3,19.5,16.8,16.8,16.8,17.9,16.8,20.0,16.9,16.8,17.0,30.7,30.5,31.0,18.5,18.5,18.5,1012.8,1012.8,1012.9,98, 0,100,0,0,0,8,8,8,1789538400
16.09 07:00,16.7,14.5,18.5,19.3,19.3,19.3,16.6,16.5,16.8,16.6,16.5,16.8,16.8,16.8,17.0,30.5,30.3,31.5,18.5,18.0,18.5,1012.7,1012.6,1012.8,97, 0,100,0,0,0,8,8,8,1789542000
16.09 08:00,17.8,17.0,18.5,19.2,19.0,19.3,16.5,16.3,16.5,16.5,16.5,16.5,16.8,16.8,16.8,32.4,31.5,32.7,18.5,18.0,18.5,1012.5,1012.4,1012.7,96, 0,99,0,0,0,8,8,8,1789545600
16.09 09:00,20.1,19.0,21.5,19.1,19.0,19.3,16.5,16.5,16.5,17.9,16.5,20.0,16.8,16.8,16.8,33.3,33.0,33.5,18.4,18.0,18.5,1012.5,1012.5,1012.6,93, 0,98,0,0,0,8,8,8,1789549200
16.09 10:00,22.5,21.0,23.5,19.5,19.3,20.0,16.7,16.5,17.0,16.7,16.5,17.0,17.0,16.8,17.2,35.9,33.7,38.2,18.5,18.0,18.5,1012.2,1011.9,1012.5,88, 0,93,0,0,0,8,8,8,1789552800
16.09 11:00,25.1,24.5,25.5,20.6,20.5,20.8,17.6,17.5,17.8,19.5,17.8,20.0,17.7,17.5,17.8,41.5,40.8,42.2,18.5,18.5,18.5,1011.4,1011.3,1011.5,77, 0,82,0,0,0,8,8,8,1789556400
16.09 12:00,26.3,25.5,27.0,21.0,20.8,21.2,18.3,17.8,18.8,19.0,18.0,20.0,18.2,17.8,18.5,44.4,42.5,46.0,18.5,18.5,18.5,1011.0,1010.7,1011.3,77,75,81,0,0,0,8,8,8,1789560000
16.09 13:00,27.2,26.5,27.5,21.5,21.2,21.5,19.6,19.3,19.8,19.9,19.5,20.0,19.1,18.8,19.3,48.6,47.5,49.5,18.8,18.5,19.0,1010.2,1010.0,1010.3,69,67,72,0,0,0,8,8,8,1789563600
16.09 14:00,27.1,27.0,27.5,21.5,21.5,21.5,20.1,20.0,20.3,20.1,20.0,20.3,19.5,19.5,19.5,51.3,51.0,51.7,18.5,18.5,18.5,1009.7,1009.5,1009.8,62,61,64,0,0,0,8,8,8,1789567200
16.09 15:00,27.3,27.0,27.5,21.3,21.2,21.5,20.3,20.3,20.3,20.3,20.3,20.3,19.6,19.5,19.8,51.6,51.0,52.2,18.9,18.5,19.0,1009.3,1009.0,1009.5,64,62,66,0,0,0,8,8,8,1789570800
16.09 16:00,26.9,26.0,27.5,21.2,21.0,21.2,20.3,20.3,20.3,20.3,20.3,20.3,19.8,19.8,19.8,50.7,50.2,51.2,19.0,19.0,19.0,1008.8,1008.6,1009.0,66, 0,70,0,0,0,8,8,8,1789574400
16.09 17:00,26.2,25.5,27.0,21.0,21.0,21.2,20.2,20.0,20.3,20.2,20.0,20.3,19.8,19.8,19.8,50.2,49.5,50.5,19.0,19.0,19.0,1008.4,1008.2,1008.6,69, 0,73,0,0,0,8,8,8,1789578000
16.09 18:00,24.7,23.5,25.5,20.8,20.8,21.0,19.9,19.8,20.0,19.9,19.8,20.0,19.5,19.3,19.8,47.5,45.0,49.2,19.0,18.5,19.0,1008.0,1007.9,1008.2,75, 0,82,0,0,0,8,8,8,1789581600
16.09 19:00,22.5,22.5,22.5,20.3,20.3,20.3,19.3,19.3,19.3,20.0,20.0,20.0,19.0,19.0,19.0,37.5,37.2,37.7,18.5,18.5,18.5,1008.1,1008.1,1008.1,86,85,86,0,0,0,8,8,8,1789585200
16.09 20:00,22.8,22.5,23.0,20.3,20.3,20.3,19.1,19.0,19.3,19.3,19.0,20.0,18.9,18.8,19.0,34.2,32.0,37.0,18.9,18.5,19.0,1008.1,1007.9,1008.2,85, 0,88,0,0,0,8,8,8,1789588800
16.09 21:00,22.1,21.5,22.5,20.2,20.0,20.3,19.0,18.8,19.0,19.0,18.8,19.0,18.6,18.5,18.8,30.3,29.0,31.8,19.0,19.0,19.0,1007.7,1007.6,1007.9,89,87,90,0,0,0,8,8,8,1789592400
16.09 22:00,22.0,22.0,22.0,20.0,20.0,20.0,18.8,18.8,18.8,20.0,20.0,20.0,18.3,18.3,18.3,27.1,27.0,27.2,18.9,18.5,19.0,1007.3,1007.3,1007.3,88,88,89,0,0,0,8,8,8,1789596000
16.09 23:00,21.1,21.0,21.5,20.0,20.0,20.0,18.8,18.8,18.8,20.0,20.0,20.0,18.2,18.0,18.3,26.0,26.0,26.2,18.6,18.5,19.0,1007.1,1007.0,1007.2,90,90,91,0,0,0,8,8,8,1789599600
17.09 00:00,20.9,20.5,21.0,19.9,19.8,20.0,18.6,18.5,18.8,18.6,18.5,20.0,18.0,18.0,18.3,25.3,24.7,25.8,18.5,18.5,18.5,1007.0,1006.9,1007.1,88, 0,92,0,0,0,8,8,8,1789603200
17.09 01:00,20.9,20.5,21.0,19.8,19.8,19.8,18.5,18.5,18.5,18.5,18.5,18.5,18.0,18.0,18.0,24.6,24.3,24.7,18.5,18.5,19.0,1006.9,1006.8,1007.0,89, 0,92,0,0,0,8,8,8,1789606800
17.09 02:00,21.1,20.5,22.0,19.8,19.8,19.8,18.5,18.5,18.5,18.5,18.5,18.5,18.0,18.0,18.0,23.9,23.7,24.3,18.5,18.5,18.5,1006.9,1006.8,1007.0,88, 0,90,0,0,0,8,8,8,1789610400
17.09 03:00,22.3,21.5,22.5,19.8,19.8,19.8,18.5,18.5,18.5,18.5,18.5,18.5,18.0,18.0,18.0,23.6,23.3,23.7,18.5,18.5,18.5,1007.0,1006.8,1007.2,90,89,91,0,0,0,8,8,8,1789614000
17.09 04:00,22.1,22.0,22.5,19.8,19.8,19.8,18.3,18.3,18.5,18.3,18.3,18.5,18.0,18.0,18.0,22.9,22.8,23.3,18.5,18.5,18.5,1007.3,1007.1,1007.4,93,91,95,0,0,0,8,8,8,1789617600
17.09 05:00,21.4,21.0,22.0,19.8,19.8,19.8,18.3,18.3,18.3,18.3,18.3,18.3,18.0,18.0,18.0,22.6,22.5,22.8,18.5,18.5,18.5,1007.6,1007.3,1007.8,98,95,99,0,0,0,8,8,8,1789621200
17.09 06:00,21.4,21.0,21.5,19.8,19.8,19.8,18.3,18.3,18.3,18.3,18.3,18.3,18.0,18.0,18.0,22.3,22.0,22.5,18.6,18.5,19.0,1008.1,1007.8,1008.4,96, 0,100,0,0,0,8,8,8,1789624800
17.09 07:00,21.4,21.0,21.5,19.5,19.5,19.8,18.3,18.3,18.3,19.3,18.3,20.0,17.9,17.8,18.0,21.9,21.8,22.0,19.0,19.0,19.0,1008.6,1008.4,1008.7,100,100,100,0,0,0,8,8,8,1789628400
17.09 08:00,18.3,16.0,21.5,19.5,19.3,19.5,18.1,17.8,18.3,18.1,17.8,18.3,17.7,17.5,18.0,21.4,20.8,22.0,19.0,19.0,19.0,1009.5,1008.7,1010.2,100,98,100,0,0,0,8,8,8,1789632000
17.09 09:00,16.9,16.5,17.5,19.3,19.3,19.3,17.8,17.8,17.8,17.8,17.8,17.8,17.5,17.2,17.5,20.7,20.5,20.8,19.0,19.0,19.0,1010.5,1010.2,1011.0,100,99,100,0,0,0,8,8,8,1789635600
17.09 10:00,18.1,17.0,19.0,19.2,19.0,19.3,17.8,17.8,17.8,18.7,17.8,20.0,17.4,17.2,17.5,22.1,20.5,23.5,19.0,19.0,19.0,1011.0,1010.8,1011.3,95, 0,100,0,0,0,8,8,8,1789639200
17.09 11:00,19.5,18.5,20.5,19.3,19.3,19.3,17.8,17.8,17.8,17.8,17.8,17.8,17.5,17.5,17.5,23.9,23.5,24.5,19.0,19.0,19.0,1011.5,1011.2,1011.8,93,90,96,0,0,0,8,8,8,1789642800
17.09 12:00,20.5,19.5,21.0,19.3,19.3,19.3,17.8,17.8,17.8,17.8,17.8,17.8,17.6,17.5,17.8,23.2,23.0,23.7,19.0,19.0,19.0,1012.0,1011.7,1012.4,89, 0,93,0,0,0,8,8,8,1789646400
17.09 13:00,20.3,19.0,21.5,19.3,19.3,19.3,17.7,17.5,17.8,17.7,17.5,17.8,17.7,17.5,17.8,23.0,22.5,23.5,19.0,18.5,19.0,1012.4,1012.2,1012.7,92,90,93,0,0,0,8,8,8,1789650000
17.09 15:00,21.4,21.0,22.0,19.2,19.0,19.3,17.5,17.5,17.5,18.3,17.5,20.0,17.6,17.5,17.8,24.1,23.7,25.8,19.0,19.0,19.0,1012.2,1012.0,1012.3,88, 0,91,0,0,0,8,8,8,1789657200
17.09 16:00,22.0,21.5,22.0,19.3,19.3,19.3,17.5,17.5,17.5,19.0,17.5,20.0,17.8,17.8,17.8,25.2,24.7,25.5,19.0,19.0,19.0,1012.0,1011.9,1012.2,87,86,88,0,0,0,8,8,8,1789660800
17.09 17:00,21.3,20.5,22.0,19.1,19.0,19.3,17.5,17.5,17.5,17.5,17.5,17.5,17.7,17.5,17.8,25.2,24.5,25.5,19.0,19.0,19.0,1011.9,1011.8,1012.0,84, 0,89,0,0,0,8,8,8,1789664400
17.09 18:00,19.9,18.5,21.0,19.0,19.0,19.0,17.4,17.2,17.5,18.2,17.2,20.0,17.5,17.5,17.5,23.7,23.3,24.5,18.9,18.5,19.0,1011.8,1011.7,1011.9,91,89,94,0,0,0,8,8,8,1789668000
17.09 19:00,18.3,17.5,19.0,18.9,18.8,19.0,17.1,17.0,17.2,18.1,17.0,20.0,17.3,17.0,17.5,22.8,22.5,23.3,19.0,18.5,19.0,1011.8,1011.7,1011.9,90, 0,95,0,0,0,8,8,8,1789671600
17.09 20:00,17.0,16.5,17.5,18.6,18.5,18.8,16.9,16.8,17.0,18.2,16.8,20.0,16.9,16.8,17.0,22.3,22.0,22.5,18.7,18.5,19.0,1012.0,1012.0,1012.0,95,95,96,0,0,0,8,8,8,1789675200
17.09 21:00,16.1,16.0,16.5,18.3,18.3,18.5,16.5,16.5,16.5,19.2,16.5,20.0,16.5,16.5,16.5,21.8,21.8,21.8,18.5,18.5,18.5,1012.2,1012.1,1012.2,96,96,96,0,0,0,8,8,8,1789678800
17.09 22:00,15.4,14.5,16.0,18.2,18.0,18.3,16.3,16.0,16.5,16.3,16.0,16.5,16.3,16.3,16.5,21.6,21.5,21.8,18.5,18.5,18.5,1012.2,1012.0,1012.3,96,96,97,0,0,0,8,8,8,1789682400
17.09 23:00,15.7,14.5,16.5,18.0,18.0,18.0,16.1,16.0,16.3,17.4,16.0,20.0,16.3,16.3,16.3,22.3,21.5,22.8,18.5,18.5,18.5,1012.2,1012.0,1012.3,98, 0,100,0,0,0,8,8,8,1789686000
18.09 00:00,16.2,16.0,16.5,18.0,18.0,18.0,15.9,15.8,16.0,15.9,15.8,16.0,16.3,16.3,16.3,22.6,22.5,22.8,18.5,18.5,18.5,1011.9,1011.8,1012.0,100,100,100,0,0,0,8,8,8,1789689600
18.09 01:00,16.5,16.5,16.5,18.0,18.0,18.0,15.8,15.8,15.8,20.0,20.0,20.0,16.3,16.3,16.3,22.5,22.5,22.5,18.5,18.5,18.5,1011.6,1011.6,1011.6,100,100,100,0,0,0,8,8,8,1789693200
18.09 02:00,16.6,16.0,17.0,18.0,18.0,18.0,15.6,15.5,15.8,17.2,15.5,20.0,16.3,16.3,16.3,22.5,22.5,22.5,18.5,18.5,18.5,1011.8,1011.7,1011.9,96, 0,100,0,0,0,8,8,8,1789696800
18.09 03:00,16.1,16.0,16.5,17.9,17.8,18.0,15.5,15.3,15.5,15.4,15.3,15.5,16.1,16.0,16.3,22.5,22.2,22.5,18.5,18.5,18.5,1011.7,1011.6,1011.8,98, 0,100,0,0,0,8,8,8,1789700400
18.09 04:00,16.3,16.0,16.5,17.8,17.8,17.8,15.3,15.3,15.3,15.3,15.3,15.3,16.0,16.0,16.0,22.2,22.2,22.2,18.5,18.5,18.5,1011.7,1011.6,1011.8,100,100,100,0,0,0,8,8,8,1789704000
18.09 05:00,16.4,16.0,17.0,17.8,17.8,17.8,15.1,15.0,15.3,16.8,15.0,20.0,16.0,16.0,16.0,22.2,22.0,22.2,18.5,18.5,18.5,1011.5,1011.4,1011.7,96, 0,100,0,0,0,8,8,8,1789707600
18.09 06:00,16.3,16.0,16.5,17.7,17.5,17.8,15.0,15.0,15.0,18.0,15.0,20.0,15.9,15.8,16.0,22.0,22.0,22.0,18.5,18.5,18.5,1011.7,1011.7,1011.7,100,100,100,0,0,0,8,8,8,1789711200
18.09 07:00,16.4,16.0,17.0,17.5,17.5,17.8,14.9,14.7,15.0,14.9,14.7,15.0,15.8,15.8,16.0,22.2,22.0,22.5,18.5,18.5,18.5,1011.8,1011.7,1012.0,98, 0,100,0,0,0,8,8,8,1789714800
18.09 08:00,17.1,16.5,18.0,17.5,17.5,17.5,14.7,14.7,14.7,14.7,14.7,14.7,15.8,15.8,15.8,22.9,22.5,23.5,18.5,18.5,18.5,1012.2,1012.0,1012.3,100,100,100,0,0,0,8,8,8,1789718400
18.09 09:00,18.6,18.0,19.5,17.5,17.5,17.8,14.7,14.7,14.7,14.7,14.7,14.7,15.8,15.8,16.0,24.7,23.5,25.5,18.5,18.5,18.5,1012.2,1012.2,1012.3,99,96,100,0,0,0,8,8,8,1789722000
18.09 10:00,20.4,20.0,21.0,17.8,17.8,17.8,14.7,14.7,14.7,20.0,20.0,20.0,16.0,16.0,16.0,29.9,29.5,30.3,18.5,18.5,18.5,1011.9,1011.9,1012.0,94,94,94,0,0,0,8,8,8,1789725600
18.09 11:00,22.1,20.5,23.0,17.9,17.8,18.0,14.9,14.7,15.0,16.8,15.0,20.0,16.0,16.0,16.0,32.9,30.8,35.0,18.5,18.5,18.5,1011.9,1011.9,1012.0,89,85,93,0,0,0,8,8,8,1789729200
18.09 12:00,23.5,22.5,24.5,18.2,18.0,18.3,15.1,15.0,15.3,15.1,15.0,15.3,16.0,16.0,16.0,36.3,35.0,38.2,18.5,18.5,18.5,1011.8,1011.7,1011.9,82, 0,85,0,0,0,8,8,8,1789732800
18.09 13:00,24.2,24.0,24.5,18.4,18.3,18.5,15.4,15.3,15.5,15.4,15.3,15.5,16.2,16.0,16.3,40.3,38.2,42.0,18.5,18.5,18.5,1011.6,1011.4,1011.7,78, 0,82,0,0,0,8,8,8,1789736400
18.09 14:00,24.2,24.0,24.5,18.5,18.5,18.5,15.6,15.5,15.8,15.6,15.5,15.8,16.3,16.3,16.3,43.6,42.0,45.0,18.5,18.5,18.5,1011.4,1011.3,1011.4,74, 0,79,0,0,0,8,8,8,1789740000
18.09 15:00,24.7,24.0,25.5,18.5,18.5,18.5,15.8,15.8,16.0,17.8,15.8,20.0,16.3,16.3,16.3,45.7,45.2,46.2,18.5,18.5,18.5,1011.3,1011.2,1011.3,70, 0,74,0,0,0,8,8,8,1789743600
18.09 16:00,23.6,23.0,24.5,18.3,18.3,18.5,16.0,16.0,16.0,18.2,16.0,20.0,16.5,16.5,16.5,44.8,44.5,45.0,18.5,18.5,18.5,1011.2,1011.1,1011.3,73,71,76,0,0,0,8,8,8,1789747200
18.09 17:00,23.1,23.0,23.5,18.5,18.3,18.5,16.1,16.0,16.3,16.1,16.0,16.3,16.6,16.5,16.8,44.3,44.0,44.5,18.3,18.0,18.5,1011.5,1011.3,1011.8,77,76,78,0,0,0,8,8,8,1789750800
18.09 18:00,22.0,21.0,23.0,18.4,18.3,18.5,16.3,16.3,16.3,16.3,16.3,16.3,16.8,16.8,16.8,43.3,42.5,44.0,18.0,18.0,18.0,1011.9,1011.8,1012.1,81,78,83,0,0,0,8,8,8,1789754400
18.09 19:00,20.2,19.5,21.0,18.2,18.0,18.3,16.1,16.0,16.3,16.1,16.0,16.3,16.6,16.5,16.8,41.9,41.2,42.5,18.0,18.0,18.0,1012.2,1012.0,1012.2,86,83,89,0,0,0,8,8,8,1789758000
18.09 20:00,17.5,17.5,17.5,17.8,17.8,17.8,15.5,15.5,15.5,20.0,20.0,20.0,16.0,16.0,16.0,40.5,40.5,40.5,18.0,18.0,18.0,1012.8,1012.8,1012.8,91,91,91,0,0,0,8,8,8,1789761600
18.09 21:00,17.2,16.5,17.5,17.7,17.5,17.8,15.2,15.0,15.5,16.7,15.0,20.0,16.0,15.8,16.0,40.5,40.2,40.5,18.0,18.0,18.0,1013.0,1012.8,1013.1,92,91,94,0,0,0,8,8,8,1789765200
18.09 22:00,16.0,15.0,16.5,17.5,17.5,17.5,15.0,14.7,15.0,17.2,14.7,20.0,15.8,15.8,15.8,40.0,40.0,40.2,18.0,18.0,18.0,1013.5,1013.3,1013.6,95,94,95,0,0,0,8,8,8,1789768800
18.09 23:00,15.7,15.5,16.0,17.3,17.2,17.5,14.7,14.7,14.7,14.7,14.7,14.7,15.8,15.8,15.8,39.7,39.5,40.0,18.0,18.0,18.0,1013.6,1013.5,1013.8,94, 0,96,0,0,0,8,8,8,1789772400
19.09 00:00,15.4,15.0,16.0,17.2,17.0,17.2,14.6,14.5,14.7,14.6,14.5,14.7,15.5,15.5,15.8,39.3,39.0,39.5,18.0,18.0,18.0,1013.9,1013.7,1014.0,94, 0,96,0,0,0,8,8,8,1789776000
19.09 01:00,15.3,15.0,15.5,17.0,17.0,17.0,14.3,14.3,14.3,20.0,20.0,20.0,15.3,15.3,15.3,39.2,39.2,39.2,18.0,18.0,18.0,1014.5,1014.4,1014.6,97,97,97,0,0,0,8,8,8,1789779600
19.09 02:00,15.6,15.0,16.0,17.0,17.0,17.0,14.3,14.3,14.3,15.6,14.3,20.0,15.3,15.3,15.3,39.2,39.0,39.2,18.0,18.0,18.0,1014.8,1014.6,1015.2,92, 0,97,0,0,0,8,8,8,1789783200
19.09 03:00,16.3,15.5,17.0,17.0,17.0,17.0,14.3,14.3,14.3,14.3,14.3,14.3,15.2,15.0,15.3,39.2,39.2,39.2,18.0,18.0,18.0,1015.3,1015.1,1015.5,97,96,98,0,0,0,8,8,8,1789786800
19.09 04:00,16.8,16.5,17.0,17.0,17.0,17.0,14.1,14.0,14.3,17.6,14.0,20.0,15.0,15.0,15.0,38.8,38.7,39.0,18.0,18.0,18.0,1016.0,1015.7,1016.2,94, 0,97,0,0,0,8,8,8,1789790400
19.09 05:00,17.0,16.5,17.0,16.9,16.8,17.0,14.0,14.0,14.0,14.0,14.0,14.0,15.0,15.0,15.0,38.6,38.5,38.7,18.0,18.0,18.0,1016.2,1016.1,1016.4,95, 0,97,0,0,0,8,8,8,1789794000
19.09 06:00,16.5,16.0,17.0,16.8,16.8,16.8,14.0,13.8,14.0,14.0,13.8,14.0,14.8,14.7,15.0,38.1,37.7,38.5,18.0,18.0,18.0,1016.6,1016.4,1016.8,95, 0,98,0,0,0,8,8,8,1789797600
19.09 07:00,18.1,16.0,19.5,16.8,16.8,16.8,13.8,13.8,14.0,13.8,13.8,14.0,14.7,14.7,14.7,38.1,37.7,39.5,18.0,18.0,18.0,1017.1,1016.8,1017.2,96,93,98,0,0,0,8,8,8,1789801200
19.09 08:00,20.5,19.5,21.5,16.8,16.8,17.0,14.0,13.8,14.0,16.3,14.0,20.0,14.9,14.7,15.0,40.6,40.0,40.8,18.0,18.0,18.0,1017.5,1017.3,1017.6,90, 0,94,0,0,0,8,8,8,1789804800
19.09 09:00,21.5,21.0,22.0,17.1,17.0,17.2,14.1,14.0,14.3,14.1,14.0,14.3,15.2,15.0,15.3,43.0,40.5,46.2,18.0,18.0,18.0,1017.8,1017.6,1018.0,87, 0,90,0,0,0,8,8,8,1789808400
19.09 10:00,23.2,22.0,24.0,17.7,17.2,18.3,14.7,14.3,15.3,14.7,14.3,15.3,15.6,15.3,16.0,48.6,46.5,50.5,18.0,18.0,18.0,1018.0,1017.9,1018.1,82,79,86,0,0,0,8,8,8,1789812000
19.09 11:00,25.0,24.5,25.5,18.8,18.8,19.0,16.1,16.0,16.3,19.7,16.3,20.0,16.6,16.5,16.8,52.4,52.0,53.3,18.0,18.0,18.0,1018.0,1017.9,1018.1,70, 0,74,0,0,0,8,8,8,1789815600
19.09 12:00,25.7,25.5,26.5,19.1,19.0,19.3,16.9,16.3,17.5,16.9,16.3,17.5,17.2,16.8,17.5,54.7,53.3,56.2,18.0,18.0,18.0,1018.1,1018.0,1018.2,69,66,72,0,0,0,8,8,8,1789819200
19.09 13:00,26.1,25.5,26.5,19.4,19.3,19.8,18.0,17.5,18.5,18.0,17.5,18.5,18.0,17.5,18.3,57.9,56.2,60.0,18.1,18.0,18.5,1017.9,1017.7,1018.0,62, 0,69,0,0,0,8,8,8,1789822800
19.09 14:00,24.8,24.5,25.0,19.3,19.3,19.3,18.7,18.5,18.8,20.0,20.0,20.0,18.5,18.5,18.5,60.5,60.0,60.8,18.5,18.5,18.5,1017.7,1017.7,1017.8,61,60,63,0,0,0,8,8,8,1789826400
19.09 15:00,25.1,24.5,26.0,19.1,19.0,19.3,18.5,18.5,18.8,18.7,18.5,20.0,18.5,18.5,18.5,48.8,31.2,60.5,18.2,18.0,18.5,1017.7,1017.6,1017.8,60, 0,65,0,0,0,8,8,8,1789830000
19.09 16:00,25.0,24.5,25.5,19.0,19.0,19.0,18.5,18.5,18.5,19.9,18.5,20.0,18.5,18.5,18.5,19.8,19.5,20.0,18.5,18.5,18.5,1017.5,1017.4,1017.6,61,60,62,0,0,0,8,8,8,1789833600
19.09 17:00,24.9,24.0,25.0,18.8,18.8,19.0,18.4,18.3,18.5,18.4,18.3,18.5,18.5,18.3,18.5,20.0,19.0,20.5,18.5,18.5,18.5,1017.4,1017.3,1017.5,62, 0,69,0,0,0,8,8,8,1789837200
19.09 18:00,21.5,21.5,21.5,21.0,21.0,21.0,84.2,84.2,84.2,84.0,84.0,84.0,26.0,26.0,26.0,17.2,17.2,17.2,18.0,18.0,18.0,1017.7,1017.7,1017.7,77,77,77,0,0,0,0,0,0,1789840800
19.09 20:00,18.3,18.0,19.0,49.2,44.7,52.0,73.5,66.5,76.7,56.2,20.0,76.7,49.4,47.7,50.2,16.2,16.0,16.3,18.5,18.0,18.5,1018.2,1018.0,1018.3,86,85,88,0,0,0,70,0,90,1789848000
19.09 21:00,17.6,17.0,18.0,52.0,51.5,52.2,63.3,58.3,69.5,63.3,58.3,69.5,48.3,39.5,51.7,16.3,16.0,16.5,18.5,18.5,18.5,1018.3,1018.2,1018.4,90,88,91,0,0,0,90,90,90,1789851600
19.09 22:00,17.3,17.0,17.5,50.0,49.7,50.2,53.1,52.2,54.2,24.2,20.0,52.5,28.0,26.5,29.8,16.2,16.0,16.3,18.5,18.5,18.5,1018.3,1018.2,1018.3,87, 0,91,0,0,0,90,90,90,1789855200
19.09 23:00,16.0,16.0,16.0,48.5,48.5,48.5,47.2,47.2,47.2,20.0,20.0,20.0,23.3,23.3,23.3,15.8,15.8,15.8,18.5,18.5,18.5,1018.1,1018.1,1018.1,93,93,93,0,0,0,90,90,90,1789858800
20.09 00:00,16.0,16.0,16.5,48.1,47.7,48.3,44.3,42.7,45.8,33.3,20.0,44.5,22.5,22.2,22.8,15.8,15.8,15.8,18.5,18.5,18.5,1018.1,1018.0,1018.2,89, 0,94,0,0,0,90,90,90,1789862400
20.09 01:00,15.5,15.5,15.5,47.2,47.2,47.2,39.0,38.7,39.2,20.0,20.0,20.0,21.7,21.5,21.8,15.4,15.3,15.5,18.5,18.5,18.5,1018.1,1018.0,1018.1,94,94,94,0,0,0,90,90,90,1789866000
20.09 02:00,17.3,17.0,17.5,47.0,46.7,47.0,35.9,35.5,36.2,20.0,20.0,20.0,21.2,21.2,21.2,16.5,16.5,16.5,18.5,18.5,18.5,1017.9,1017.9,1018.0,95,94,95,0,0,0,90,90,90,1789869600
20.09 03:00,17.7,17.0,18.5,46.7,46.5,46.7,34.1,32.7,35.5,32.3,20.0,35.2,21.1,20.8,21.2,16.6,16.5,16.8,18.5,18.5,18.5,1017.7,1017.6,1017.9,94,93,95,0,0,0,90,90,90,1789873200
20.09 04:00,17.7,17.0,18.5,46.3,46.0,46.5,31.5,30.3,32.7,31.5,30.3,32.7,20.5,20.3,20.8,16.1,15.8,16.8,18.5,18.5,18.5,1017.6,1017.6,1017.7,93,92,93,0,0,0,90,90,90,1789876800
20.09 05:00,16.5,16.5,16.5,46.0,46.0,46.0,28.4,28.3,28.5,20.0,20.0,20.0,19.8,19.8,20.0,15.8,15.8,15.8,18.5,18.5,18.5,1017.5,1017.5,1017.6,94,94,94,0,0,0,90,90,90,1789880400
20.09 06:00,16.1,15.5,17.0,45.9,45.8,46.0,27.3,26.5,28.3,25.7,20.0,27.8,19.6,19.5,19.8,15.7,15.5,15.8,18.5,18.0,18.5,1017.4,1017.3,1017.6,95,94,96,0,0,0,90,90,90,1789884000
20.09 07:00,21.6,17.5,23.5,45.6,45.5,45.8,25.7,25.0,26.5,25.7,25.0,26.5,19.4,19.3,19.5,16.6,15.8,19.0,18.5,18.5,18.5,1017.3,1017.1,1017.5,86,82,96,0,0,0,90,90,90,1789887600
20.09 08:00,21.4,21.0,22.0,45.4,45.0,45.5,24.5,24.0,25.0,24.5,24.0,25.0,19.3,19.3,19.5,21.0,19.0,23.3,18.5,18.5,18.5,1017.3,1016.9,1017.5,83, 0,87,0,0,0,90,90,90,1789891200
20.09 09:00,24.0,22.5,25.5,44.9,44.7,45.0,23.5,23.3,23.7,21.5,20.0,23.5,19.3,19.3,19.5,26.5,24.3,28.5,18.5,18.5,18.5,1017.1,1017.0,1017.1,77,74,80,0,0,0,90,90,90,1789894800
20.09 10:00,26.1,25.5,26.5,44.7,44.5,44.7,22.9,22.8,23.0,20.5,20.0,22.8,19.3,19.3,19.5,29.4,29.3,29.8,18.5,18.5,18.5,1016.9,1016.7,1017.1,69,68,71,0,0,0,90,90,90,1789898400
20.09 11:00,26.3,26.0,26.5,44.4,44.2,44.7,22.5,22.2,22.8,22.5,22.2,22.8,19.3,19.3,19.3,30.8,29.8,31.2,18.5,18.5,18.5,1016.7,1016.6,1016.8,66, 0,70,0,0,0,90,90,90,1789902000
20.09 12:00,26.7,26.5,27.0,43.9,43.7,44.0,22.0,22.0,22.0,20.0,20.0,20.0,19.3,19.3,19.3,32.2,32.0,32.5,18.5,18.5,18.5,1016.5,1016.4,1016.5,63, 0,70,0,0,0,90,90,90,1789905600
20.09 13:00,27.4,27.0,28.0,43.6,43.5,43.7,21.8,21.8,21.8,20.9,20.0,21.8,19.3,19.3,19.5,34.4,33.7,35.2,18.6,18.5,19.0,1015.7,1015.4,1016.1,64, 0,68,0,0,0,90,90,90,1789909200
20.09 14:00,27.7,27.0,28.0,43.2,42.7,43.5,21.7,21.5,21.8,21.7,21.5,21.8,19.5,19.5,19.5,36.0,35.5,36.7,19.0,19.0,19.0,1015.0,1014.6,1015.4,64,61,67,0,0,0,90,90,90,1789912800
20.09 15:00,27.8,27.5,28.5,42.4,42.0,42.7,21.4,21.2,21.5,20.9,20.0,21.5,19.5,19.5,19.5,36.4,36.0,36.7,18.6,18.5,19.0,1014.2,1013.7,1014.7,64, 0,69,0,0,0,90,90,90,1789916400
20.09 16:00,27.0,26.0,27.5,41.5,41.2,41.7,21.2,21.0,21.2,20.6,20.0,21.2,19.5,19.3,19.5,35.8,35.7,36.0,18.5,18.5,19.0,1013.5,1013.3,1013.8,69, 0,74,0,0,0,90,90,90,1789920000
20.09 17:00,25.8,25.5,26.0,40.5,40.5,40.5,21.0,20.8,21.0,20.0,20.0,20.0,19.3,19.3,19.3,34.8,34.7,35.0,19.0,19.0,19.0,1013.0,1013.0,1013.1,72,72,72,0,0,0,90,90,90,1789923600
20.09 18:00,24.6,24.0,25.5,40.0,39.2,40.5,20.8,20.8,21.0,20.6,20.0,20.8,19.2,19.0,19.3,34.2,34.0,34.5,19.0,19.0,19.0,1012.9,1012.7,1013.0,73, 0,75,0,0,0,90,90,90,1789927200
20.09 19:00,23.1,21.5,24.0,36.8,34.7,39.2,20.5,20.5,20.8,20.5,20.5,20.8,19.0,19.0,19.0,33.6,32.7,34.0,18.8,18.5,19.0,1013.1,1012.8,1013.4,74, 0,80,0,0,0,90,90,90,1789930800
20.09 20:00,21.0,20.0,22.0,31.4,28.0,34.5,20.3,20.0,20.5,20.3,20.0,20.5,18.8,18.8,19.0,32.2,31.8,32.7,18.5,18.5,18.5,1013.5,1013.3,1013.6,85, 0,90,0,0,0,90,90,90,1789934400
20.09 21:00,19.5,19.0,20.0,25.9,25.3,26.8,19.9,19.8,20.0,20.0,19.8,20.0,18.5,18.5,18.5,31.3,31.0,31.5,18.5,18.5,18.5,1013.1,1013.0,1013.3,94,93,96,0,0,0,90,90,90,1789938000
20.09 22:00,18.8,18.5,19.0,24.1,23.7,24.5,19.6,19.5,19.8,19.8,19.5,20.0,18.3,18.3,18.3,30.6,30.5,30.8,18.5,18.5,18.5,1012.9,1012.7,1013.0,96,96,97,0,0,0,90,90,90,1789941600
20.09 23:00,18.2,18.0,18.5,23.2,23.0,23.3,19.3,19.3,19.3,19.9,19.3,20.0,18.2,18.0,18.3,30.0,30.0,30.0,18.5,18.5,18.5,1012.0,1011.8,1012.2,96,96,97,0,0,0,90,90,90,1789945200
21.09 00:00,18.0,17.5,18.5,22.6,22.5,22.8,19.0,19.0,19.0,19.9,19.0,20.0,18.0,18.0,18.0,29.7,29.5,29.8,18.5,18.5,18.5,1011.8,1011.7,1011.9,93, 0,98,0,0,0,90,90,90,1789948800
21.09 01:00,16.5,15.5,18.0,22.2,22.0,22.5,18.7,18.5,19.0,18.7,18.5,19.0,17.9,17.8,18.0,29.3,28.7,29.5,18.5,18.5,18.5,1012.3,1011.9,1012.7,98,97,99,0,0,0,90,90,90,1789952400
21.09 02:00,16.0,15.5,16.5,21.5,21.5,21.5,18.3,18.3,18.3,20.0,20.0,20.0,17.5,17.5,17.5,28.3,28.3,28.3,18.5,18.5,18.5,1013.4,1013.3,1013.5,90, 0,98,0,0,0,90,90,90,1789956000
21.09 03:00,14.9,14.5,15.5,21.3,21.0,21.5,17.9,17.8,18.3,18.2,17.8,20.0,17.4,17.2,17.5,27.8,27.2,28.3,18.5,18.5,18.5,1013.1,1012.8,1013.4,96, 0,98,0,0,0,90,90,90,1789959600
21.09 04:00,14.9,14.5,15.5,20.9,20.8,21.0,17.5,17.2,17.8,17.5,17.2,17.8,17.2,17.0,17.2,27.3,27.2,27.5,18.5,18.5,18.5,1013.4,1013.2,1013.6,97,97,98,0,0,0,90,90,90,1789963200
21.09 05:00,14.9,14.5,15.0,20.6,20.5,20.8,17.2,17.0,17.2,17.1,17.0,17.2,17.0,17.0,17.0,27.2,27.0,27.2,18.5,18.5,18.5,1013.7,1013.5,1013.8,96,95,97,0,0,0,90,90,90,1789966800
21.09 06:00,14.8,14.5,15.0,20.3,20.3,20.3,16.8,16.8,16.8,18.8,16.5,20.0,16.8,16.8,16.8,27.0,27.0,27.0,18.5,18.5,18.5,1013.9,1013.8,1013.9,95,95,95,0,0,0,90,90,90,1789970400
21.09 07:00,15.3,14.5,16.0,20.1,20.0,20.3,16.5,16.3,16.8,17.7,16.3,20.0,16.8,16.8,16.8,27.0,26.8,27.2,18.5,18.5,18.5,1014.0,1013.9,1014.1,92, 0,95,0,0,0,90,90,90,1789974000
21.09 08:00,16.0,15.5,17.0,19.9,19.8,20.0,16.3,16.3,16.3,16.3,16.3,16.5,16.8,16.8,16.8,27.3,27.2,27.5,18.5,18.5,18.5,1014.0,1013.9,1014.2,90, 0,93,0,0,0,90,90,90,1789977600
21.09 09:00,17.0,16.0,18.0,19.7,19.5,19.8,16.1,16.0,16.3,16.1,16.0,16.3,16.8,16.8,16.8,28.0,27.5,28.7,18.5,18.5,18.5,1014.3,1014.2,1014.4,89,87,91,0,0,0,90,90,90,1789981200
21.09 10:00,17.0,16.5,17.5,19.5,19.5,19.5,15.9,15.8,16.0,15.9,15.8,16.0,16.8,16.8,16.8,27.5,27.0,27.8,18.5,18.5,18.5,1014.4,1014.4,1014.5,88,87,90,0,0,0,90,90,90,1789984800
21.09 11:00,17.5,16.5,19.0,19.4,19.3,19.5,15.9,15.8,16.0,15.9,15.8,16.0,16.8,16.8,16.8,29.0,27.5,31.5,18.5,18.5,18.5,1014.2,1013.9,1014.5,87,84,89,0,0,0,90,90,90,1789988400
21.09 12:00,18.1,16.0,19.5,19.5,19.5,19.5,16.0,16.0,16.3,17.6,16.0,20.0,17.0,16.8,17.0,32.5,31.2,33.0,18.5,18.5,18.5,1013.9,1013.7,1014.2,81, 0,90,0,0,0,90,90,90,1789992000
21.09 13:00,15.8,15.0,17.0,19.2,19.0,19.5,15.9,15.8,16.0,15.9,15.8,16.0,16.6,16.5,16.8,30.7,30.0,31.8,18.5,18.5,18.5,1013.7,1013.4,1014.1,92,88,94,0,0,0,90,90,90,1789995600
21.09 14:00,18.3,17.0,19.0,19.0,18.8,19.0,16.0,16.0,16.0,18.0,16.0,20.0,16.8,16.8,16.8,35.2,34.5,35.7,18.5,18.5,18.5,1013.2,1012.9,1013.3,85,82,88,0,0,0,90,90,90,1789999200
21.09 15:00,16.7,15.5,18.0,18.7,18.5,18.8,15.9,15.8,16.0,15.9,15.8,16.0,16.6,16.5,16.8,34.1,33.2,35.5,18.5,18.5,18.5,1013.3,1013.1,1013.4,88, 0,93,0,0,0,90,90,90,1790002800
21.09 16:00,16.0,15.0,16.5,18.1,17.8,18.5,15.7,15.5,15.8,15.7,15.5,15.8,16.3,16.3,16.5,33.0,32.7,33.5,18.5,18.5,18.5,1013.3,1013.2,1013.4,92,90,93,0,0,0,90,90,90,1790006400
21.09 17:00,15.6,15.5,16.0,17.4,17.2,17.5,15.5,15.5,15.5,20.0,20.0,20.0,16.3,16.3,16.3,32.3,32.2,32.5,18.0,18.0,18.0,1013.4,1013.4,1013.4,78, 0,91,0,0,0,90,90,90,1790010000
21.09 18:00,15.9,15.5,16.5,17.3,17.2,17.5,15.4,15.3,15.5,16.3,15.3,20.0,16.2,16.0,16.3,32.4,32.0,32.7,18.0,18.0,18.0,1013.4,1013.4,1013.5,91,90,93,0,0,0,90,90,90,1790013600
21.09 19:00,15.9,14.5,16.5,17.2,17.0,17.2,15.3,15.3,15.3,18.8,15.3,20.0,16.0,16.0,16.0,31.5,31.5,31.5,18.0,18.0,18.0,1013.6,1013.4,1014.1,95,94,95,0,0,0,90,90,90,1790017200
21.09 20:00,13.6,12.5,14.5,16.9,16.8,17.0,15.0,14.7,15.0,16.8,14.7,20.0,15.7,15.5,16.0,30.9,30.8,31.5,18.0,18.0,18.0,1014.2,1014.1,1014.5,96,93,99,0,0,0,90,90,90,1790020800
21.09 21:00,14.7,14.0,15.0,16.8,16.8,16.8,14.7,14.7,14.7,17.5,14.7,20.0,15.5,15.5,15.5,30.7,30.5,30.8,18.0,18.0,18.0,1014.0,1013.9,1014.2,97, 0,99,0,0,0,90,90,90,1790024400
21.09 22:00,14.0,13.5,14.5,16.7,16.5,16.8,14.6,14.5,14.7,16.9,14.5,20.0,15.5,15.5,15.5,30.4,30.3,30.5,18.0,18.0,18.0,1013.9,1013.9,1014.1,100,99,100,0,0,0,90,90,90,1790028000
21.09 23:00,13.4,13.0,14.0,16.5,16.5,16.5,14.4,14.3,14.5,14.4,14.3,14.5,15.3,15.3,15.5,30.0,29.8,30.3,18.0,18.0,18.0,1014.1,1014.0,1014.2,97, 0,100,0,0,0,90,90,90,1790031600
22.09 00:00,13.4,13.0,14.0,16.4,16.3,16.5,14.3,14.3,14.3,14.3,14.3,14.3,15.2,15.0,15.3,29.6,29.5,29.8,18.0,18.0,18.0,1014.0,1014.0,1014.1,98, 0,100,0,0,0,90,90,90,1790035200
22.09 01:00,13.5,13.0,14.0,16.3,16.3,16.3,14.0,14.0,14.0,16.8,14.0,20.0,15.0,15.0,15.0,29.2,28.7,29.5,18.0,18.0,18.0,1013.9,1013.9,1014.1,97, 0,100,0,0,0,90,90,90,1790038800
22.09 02:00,12.5,12.5,13.0,16.0,16.0,16.0,13.8,13.8,13.8,20.0,20.0,20.0,14.7,14.7,14.7,28.5,28.5,28.5,18.0,18.0,18.0,1013.9,1013.9,1014.0,100,100,100,0,0,0,90,90,90,1790042400
22.09 03:00,12.5,12.0,13.0,16.0,16.0,16.0,13.6,13.5,13.8,14.4,13.5,20.0,14.7,14.5,14.7,28.3,28.0,28.5,18.0,18.0,18.0,1013.9,1013.8,1014.0,99,99,100,0,0,0,90,90,90,1790046000
22.09 04:00,12.8,12.5,13.0,15.8,15.8,15.8,13.4,13.3,13.5,20.0,20.0,20.0,14.5,14.5,14.5,28.3,28.3,28.5,18.0,18.0,18.0,1013.9,1013.9,1014.0,99,99,99,0,0,0,90,90,90,1790049600
22.09 05:00,13.0,13.0,13.0,15.8,15.8,15.8,13.3,13.3,13.3,20.0,20.0,20.0,14.5,14.5,14.5,28.3,28.3,28.3,17.7,17.5,18.0,1013.9,1013.9,1014.0,99,99,99,0,0,0,90,90,90,1790053200
22.09 06:00,13.0,12.5,13.0,15.8,15.8,15.8,13.1,13.0,13.3,14.6,13.0,20.0,14.3,14.3,14.5,28.1,27.8,28.3,17.6,17.5,18.0,1014.1,1014.0,1014.2,96, 0,100,0,0,0,90,90,90,1790056800
22.09 07:46,13.5,13.5,13.5,15.5,15.5,15.5,13.0,13.0,13.0,20.0,20.0,20.0,14.3,14.3,14.3,28.3,28.3,28.3,18.0,18.0,18.0,1014.3,1014.3,1014.3,99,99,99,0,0,0,90,90,90,1790063179
22.09 08:00,13.5,13.5,13.5,15.5,15.5,15.5,13.0,13.0,13.0,20.0,20.0,20.0,14.3,14.3,14.3,28.3,28.3,28.3,17.5,17.5,17.5,1014.3,1014.3,1014.3,99,99,99,0,0,0,90,90,90,1790064019
22.09 08:05,14.0,14.0,14.0,15.5,15.5,15.5,13.0,13.0,13.0,20.0,20.0,20.0,14.3,14.3,14.3,28.3,28.3,28.3,17.5,17.5,17.5,1014.4,1014.4,1014.4,99,99,99,0,0,0,90,90,90,1790064319
22.09 08:06,14.0,14.0,14.0,15.5,15.5,15.5,13.0,13.0,13.0,13.0,13.0,13.0,14.3,14.3,14.3,28.3,28.3,28.3,17.5,17.5,17.5,1014.4,1014.4,1014.4,99,99,99,0,0,0,90,90,90,1790064379
22.09 08:10,13.5,13.5,13.5,15.5,15.5,15.5,13.0,13.0,13.0,13.0,13.0,13.0,14.3,14.3,14.3,28.3,28.3,28.3,17.5,17.5,17.5,1014.5,1014.5,1014.5,99,99,99,0,0,0,90,90,90,1790064619
22.09 08:19,14.0,14.0,14.0,15.5,15.5,15.5,13.0,13.0,13.0,13.0,13.0,13.0,14.3,14.3,14.3,28.3,28.3,28.3,18.0,18.0,18.0,1014.5,1014.5,1014.5,99,99,99,0,0,0,90,90,90,1790065159
22.09 08:26,14.0,14.0,14.0,15.5,15.5,15.5,13.0,13.0,13.0,13.0,13.0,13.0,14.3,14.3,14.3,28.3,28.3,28.3,18.0,18.0,18.0,1014.6,1014.6,1014.6,99,99,99,0,0,0,90,90,90,1790065579
22.09 08:28,14.0,14.0,14.0,15.5,15.5,15.5,13.0,13.0,13.0,13.0,13.0,13.0,14.3,14.3,14.3,28.3,28.3,28.3,18.0,18.0,18.0,1014.6,1014.6,1014.6, 0, 0, 0,0,0,0,90,90,90,1790065699
22.09 08:29,14.0,14.0,14.0,15.5,15.5,15.5,13.0,13.0,13.0,13.0,13.0,13.0,14.3,14.3,14.3,28.3,28.3,28.3,18.0,18.0,18.0,1014.6,1014.6,1014.6,99,99,99,0,0,0,90,90,90,1790065759
22.09 08:43,13.5,13.5,13.5,15.5,15.5,15.5,13.0,13.0,13.0,13.0,13.0,13.0,14.3,14.3,14.3,28.3,28.3,28.3,18.0,18.0,18.0,1014.7,1014.7,1014.7,99,99,99,0,0,0,90,90,90,1790066599
22.09 08:50,13.5,13.5,13.5,15.5,15.5,15.5,13.0,13.0,13.0,13.0,13.0,13.0,14.3,14.3,14.3,28.3,28.3,28.3,17.5,17.5,17.5,1014.7,1014.7,1014.7,98,98,98,0,0,0,90,90,90,1790067019
22.09 08:58,13.5,13.5,13.5,15.5,15.5,15.5,12.8,12.8,12.8,12.8,12.8,12.8,14.3,14.3,14.3,28.3,28.3,28.3,17.5,17.5,17.5,1014.8,1014.8,1014.8,99,99,99,0,0,0,90,90,90,1790067500
22.09 09:20,13.5,13.5,13.5,15.5,15.5,15.5,12.8,12.8,12.8,12.8,12.8,12.8,14.3,14.3,14.3,28.0,28.0,28.0,17.5,17.5,17.5,1014.9,1014.9,1014.9,99,99,99,0,0,0,90,90,90,1790068820
22.09 09:34,14.0,14.0,14.0,15.3,15.3,15.3,12.8,12.8,12.8,12.8,12.8,12.8,14.3,14.3,14.3,28.3,28.3,28.3,17.5,17.5,17.5,1015.0,1015.0,1015.0,98,98,98,0,0,0,90,90,90,1790069660
22.09 09:39,14.0,14.0,14.0,15.3,15.3,15.3,12.8,12.8,12.8,12.8,12.8,12.8,14.3,14.3,14.3,28.3,28.3,28.3,17.5,17.5,17.5,1015.0,1015.0,1015.0,98,98,98,0,0,0,90,90,90,1790069960
22.09 09:41,14.0,14.0,14.0,15.3,15.3,15.3,12.8,12.8,12.8,20.0,20.0,20.0,14.3,14.3,14.3,28.3,28.3,28.3,17.5,17.5,17.5,1015.0,1015.0,1015.0,97,97,97,0,0,0,90,90,90,1790070069
22.09 09:47,14.5,14.5,14.5,15.3,15.3,15.3,12.8,12.8,12.8,20.0,20.0,20.0,14.3,14.3,14.3,28.5,28.5,28.5,17.5,17.5,17.5,1015.1,1015.1,1015.1,98,98,98,0,0,0,90,90,90,1790070429
22.09 09:55,14.5,14.5,14.5,15.0,15.0,15.0,12.8,12.8,12.8,20.0,20.0,20.0,14.3,14.3,14.3,28.5,28.5,28.5,17.5,17.5,17.5,1015.2,1015.2,1015.2,97,97,97,0,0,0,90,90,90,1790070909
22.09 10:01,14.5,14.5,14.5,15.0,15.0,15.0,12.8,12.8,12.8,12.8,12.8,12.8,14.3,14.3,14.3,28.5,28.5,28.5,17.5,17.5,17.5,1015.2,1015.2,1015.2,97,97,97,0,0,0,90,90,90,1790071269
22.09 10:14,15.0,15.0,15.0,15.0,15.0,15.0,12.8,12.8,12.8,20.0,20.0,20.0,14.3,14.3,14.3,28.7,28.7,28.7,17.5,17.5,17.5,1015.2,1015.2,1015.2,95,95,95,0,0,0,90,90,90,1790072044
22.09 10:25,16.0,16.0,16.0,15.0,15.0,15.0,13.0,13.0,13.0,20.0,20.0,20.0,14.5,14.5,14.5,29.3,29.3,29.3,17.5,17.5,17.5,1015.2,1015.2,1015.2,95,95,95,0,0,0,90,90,90,1790072704
22.09 10:29,15.0,15.0,15.0,15.0,15.0,15.0,13.0,13.0,13.0,20.0,20.0,20.0,14.5,14.5,14.5,29.3,29.3,29.3,17.5,17.5,17.5,1015.2,1015.2,1015.2,93,93,93,0,0,0,90,90,90,1790072944
22.09 10:32,16.0,16.0,16.0,15.0,15.0,15.0,13.0,13.0,13.0,20.0,20.0,20.0,14.5,14.5,14.5,29.5,29.5,29.5,17.5,17.5,17.5,1015.2,1015.2,1015.2,95,95,95,0,0,0,90,90,90,1790073124
22.09 10:34,15.5,15.5,15.5,15.0,15.0,15.0,13.0,13.0,13.0,13.0,13.0,13.0,14.5,14.5,14.5,29.5,29.5,29.5,17.5,17.5,17.5,1015.3,1015.3,1015.3,93,93,93,0,0,0,90,90,90,1790073244
22.09 10:46,15.5,15.5,15.5,15.0,15.0,15.0,13.0,13.0,13.0,13.0,13.0,13.0,14.5,14.5,14.5,29.3,29.3,29.3,17.5,17.5,17.5,1015.3,1015.3,1015.3,94,94,94,0,0,0,90,90,90,1790073964
22.09 10:55,16.0,16.0,16.0,15.0,15.0,15.0,13.0,13.0,13.0,13.0,13.0,13.0,14.5,14.5,14.5,29.3,29.3,29.3,17.5,17.5,17.5,1015.3,1015.3,1015.3,93,93,93,0,0,0,90,90,90,1790074504
22.09 11:01,16.0,16.0,16.0,15.0,15.0,15.0,13.0,13.0,13.0,13.0,13.0,13.0,14.5,14.5,14.5,30.3,30.3,30.3,17.5,17.5,17.5,1015.2,1015.2,1015.2,92,92,92,0,0,0,90,90,90,1790074864
22.09 11:08,16.0,16.0,16.0,15.0,15.0,15.0,13.0,13.0,13.0,20.0,20.0,20.0,14.5,14.5,14.5,30.8,30.8,30.8,17.5,17.5,17.5,1015.2,1015.2,1015.2,90,90,90,0,0,0,90,90,90,1790075314
22.09 11:14,16.5,16.5,16.5,15.0,15.0,15.0,13.0,13.0,13.0,20.0,20.0,20.0,14.5,14.5,14.5,30.5,30.5,30.5,17.5,17.5,17.5,1015.3,1015.3,1015.3,91,91,91,0,0,0,90,90,90,1790075674
22.09 11:28,16.5,16.5,16.5,15.0,15.0,15.0,13.0,13.0,13.0,13.0,13.0,13.0,14.5,14.5,14.5,29.8,29.8,29.8,17.5,17.5,17.5,1015.4,1015.4,1015.4,91,91,91,0,0,0,90,90,90,1790076514
22.09 11:31,15.5,15.5,15.5,15.0,15.0,15.0,13.0,13.0,13.0,13.0,13.0,13.0,14.5,14.5,14.5,29.8,29.8,29.8,17.5,17.5,17.5,1015.3,1015.3,1015.3,90,90,90,0,0,0,90,90,90,1790076694
22.09 11:37,16.5,16.5,16.5,15.0,15.0,15.0,13.0,13.0,13.0,13.0,13.0,13.0,14.5,14.5,14.5,29.5,29.5,29.5,17.5,17.5,17.5,1015.3,1015.3,1015.3,91,91,91,0,0,0,90,90,90,1790077054
22.09 11:49,16.5,16.5,16.5,15.0,15.0,15.0,13.3,13.3,13.3,13.3,13.3,13.3,14.5,14.5,14.5,30.0,30.0,30.0,17.5,17.5,17.5,1015.3,1015.3,1015.3,89,89,89,0,0,0,90,90,90,1790077774
22.09 11:56,17.0,17.0,17.0,15.0,15.0,15.0,13.3,13.3,13.3,13.3,13.3,13.3,14.5,14.5,14.5,30.3,30.3,30.3,17.5,17.5,17.5,1015.4,1015.4,1015.4,90,90,90,0,0,0,90,90,90,1790078194
22.09 12:04,17.0,17.0,17.0,15.3,15.3,15.3,13.3,13.3,13.3,13.3,13.3,13.3,14.5,14.5,14.5,31.0,31.0,31.0,17.5,17.5,17.5,1015.4,1015.4,1015.4, 0, 0, 0,0,0,0,90,90,90,1790078674
22.09 12:05,17.0,17.0,17.0,15.0,15.0,15.0,13.3,13.3,13.3,13.3,13.3,13.3,14.5,14.5,14.5,31.0,31.0,31.0,17.5,17.5,17.5,1015.4,1015.4,1015.4,89,89,89,0,0,0,90,90,90,1790078734
22.09 12:20,17.5,17.5,17.5,15.3,15.3,15.3,13.5,13.5,13.5,13.5,13.5,13.5,14.7,14.7,14.7,31.0,31.0,31.0,17.5,17.5,17.5,1015.3,1015.3,1015.3,89,89,89,0,0,0,90,90,90,1790079634
22.09 12:28,16.5,16.5,16.5,15.3,15.3,15.3,13.5,13.5,13.5,13.5,13.5,13.5,14.7,14.7,14.7,31.8,31.8,31.8,17.5,17.5,17.5,1015.4,1015.4,1015.4,87,87,87,0,0,0,90,90,90,1790080114
22.09 12:30,17.5,17.5,17.5,15.3,15.3,15.3,13.5,13.5,13.5,13.5,13.5,13.5,14.7,14.7,14.7,31.5,31.5,31.5,17.5,17.5,17.5,1015.4,1015.4,1015.4,88,88,88,0,0,0,90,90,90,1790080234
22.09 12:33,17.0,17.0,17.0,15.3,15.3,15.3,13.5,13.5,13.5,13.5,13.5,13.5,14.7,14.7,14.7,31.2,31.2,31.2,17.5,17.5,17.5,1015.4,1015.4,1015.4,88,88,88,0,0,0,90,90,90,1790080414
22.09 12:35,17.0,17.0,17.0,15.3,15.3,15.3,13.5,13.5,13.5,20.0,20.0,20.0,14.7,14.7,14.7,31.2,31.2,31.2,17.5,17.5,17.5,1015.4,1015.4,1015.4,88,88,88,0,0,0,90,90,90,1790080523
22.09 12:53,17.0,17.0,17.0,15.3,15.3,15.3,13.5,13.5,13.5,20.0,20.0,20.0,14.7,14.7,14.7,31.2,31.2,31.2,17.5,17.5,17.5,1015.4,1015.4,1015.4,87,87,87,0,0,0,90,90,90,1790081603
22.09 12:55,16.5,16.5,16.5,15.3,15.3,15.3,13.5,13.5,13.5,13.5,13.5,13.5,14.7,14.7,14.7,31.2,31.2,31.2,18.0,18.0,18.0,1015.4,1015.4,1015.4,87,87,87,0,0,0,90,90,90,1790081723
22.09 12:58,17.0,17.0,17.0,15.3,15.3,15.3,13.5,13.5,13.5,13.5,13.5,13.5,14.7,14.7,14.7,31.2,31.2,31.2,18.0,18.0,18.0,1015.3,1015.3,1015.3,88,88,88,0,0,0,90,90,90,1790081903
22.09 13:04,17.0,17.0,17.0,15.3,15.3,15.3,13.5,13.5,13.5,13.5,13.5,13.5,14.7,14.7,14.7,31.0,31.0,31.0,17.5,17.5,17.5,1015.3,1015.3,1015.3,88,88,88,0,0,0,90,90,90,1790082263
22.09 13:10,17.5,17.5,17.5,15.0,15.0,15.0,13.5,13.5,13.5,13.5,13.5,13.5,14.7,14.7,14.7,30.8,30.8,30.8,17.5,17.5,17.5,1015.2,1015.2,1015.2,87,87,87,0,0,0,90,90,90,1790082623
22.09 13:14,17.5,17.5,17.5,15.0,15.0,15.0,13.5,13.5,13.5,13.5,13.5,13.5,14.7,14.7,14.7,30.8,30.8,30.8,17.5,17.5,17.5,1015.1,1015.1,1015.1,87,87,87,0,0,0,90,90,90,1790082863
22.09 13:17,16.5,16.5,16.5,15.0,15.0,15.0,13.8,13.8,13.8,13.8,13.8,13.8,14.7,14.7,14.7,30.8,30.8,30.8,17.5,17.5,17.5,1015.2,1015.2,1015.2,86,86,86,0,0,0,90,90,90,1790083043
22.09 13:19,16.5,16.5,16.5,15.0,15.0,15.0,13.8,13.8,13.8,13.8,13.8,13.8,14.7,14.7,14.7,31.0,31.0,31.0,17.5,17.5,17.5,1015.2,1015.2,1015.2,87,87,87,0,0,0,90,90,90,1790083163
22.09 13:21,16.5,16.5,16.5,15.0,15.0,15.0,13.8,13.8,13.8,13.8,13.8,13.8,14.7,14.7,14.7,30.8,30.8,30.8,17.5,17.5,17.5,1015.2,1015.2,1015.2,90,90,90,0,0,0,90,90,90,1790083283
22.09 13:23,16.0,16.0,16.0,15.0,15.0,15.0,13.8,13.8,13.8,13.8,13.8,13.8,14.7,14.7,14.7,30.8,30.8,30.8,17.5,17.5,17.5,1015.2,1015.2,1015.2,92,92,92,0,0,0,90,90,90,1790083403
22.09 13:29,16.5,16.5,16.5,15.0,15.0,15.0,13.8,13.8,13.8,13.8,13.8,13.8,14.7,14.7,14.7,30.0,30.0,30.0,17.5,17.5,17.5,1015.2,1015.2,1015.2,95,95,95,0,0,0,90,90,90,1790083763
22.09 13:38,17.0,17.0,17.0,15.0,15.0,15.0,13.8,13.8,13.8,13.8,13.8,13.8,14.7,14.7,14.7,29.5,29.5,29.5,17.5,17.5,17.5,1015.1,1015.1,1015.1,95,95,95,0,0,0,90,90,90,1790084303
22.09 13:42,17.0,17.0,17.0,15.0,15.0,15.0,13.8,13.8,13.8,13.8,13.8,13.8,14.7,14.7,14.7,29.5,29.5,29.5,17.5,17.5,17.5,1015.1,1015.1,1015.1,95,95,95,0,0,0,90,90,90,1790084543
22.09 13:49,17.0,17.0,17.0,15.0,15.0,15.0,13.8,13.8,13.8,13.8,13.8,13.8,14.7,14.7,14.7,30.5,30.5,30.5,17.5,17.5,17.5,1015.0,1015.0,1015.0,93,93,93,0,0,0,90,90,90,1790084963
22.09 13:54,17.5,17.5,17.5,15.0,15.0,15.0,13.8,13.8,13.8,13.8,13.8,13.8,14.7,14.7,14.7,31.5,31.5,31.5,17.5,17.5,17.5,1015.0,1015.0,1015.0,93,93,93,0,0,0,90,90,90,1790085264
22.09 13:56,17.0,17.0,17.0,15.0,15.0,15.0,13.8,13.8,13.8,20.0,20.0,20.0,14.7,14.7,14.7,32.0,32.0,32.0,17.5,17.5,17.5,1015.1,1015.1,1015.1,92,92,92,0,0,0,90,90,90,1790085397
22.09 13:58,17.5,17.5,17.5,15.3,15.3,15.3,13.8,13.8,13.8,20.0,20.0,20.0,14.7,14.7,14.7,32.2,32.2,32.2,17.5,17.5,17.5,1015.0,1015.0,1015.0,91,91,91,0,0,0,90,90,90,1790085484
22.09 13:59,18.0,18.0,18.0,15.0,15.0,15.0,14.0,14.0,14.0,20.0,20.0,20.0,14.7,14.7,14.7,32.2,32.2,32.2,17.5,17.5,17.5,1015.0,1015.0,1015.0, 0, 0, 0,0,0,0,90,90,90,1790085544
22.09 14:00,17.5,17.5,17.5,15.0,15.0,15.0,13.8,13.8,13.8,20.0,20.0,20.0,14.7,14.7,14.7,32.2,32.2,32.2,17.5,17.5,17.5,1015.0,1015.0,1015.0,90,90,90,0,0,0,90,90,90,1790085604
22.09 14:03,18.5,18.5,18.5,15.3,15.3,15.3,14.0,14.0,14.0,20.0,20.0,20.0,14.7,14.7,14.7,32.5,32.5,32.5,17.5,17.5,17.5,1015.0,1015.0,1015.0,92,92,92,0,0,0,90,90,90,1790085784
22.09 14:08,17.5,17.5,17.5,15.3,15.3,15.3,14.0,14.0,14.0,20.0,20.0,20.0,14.7,14.7,14.7,33.0,33.0,33.0,18.0,18.0,18.0,1015.0,1015.0,1015.0,90,90,90,0,0,0,90,90,90,1790086084
22.09 14:18,18.0,18.0,18.0,15.3,15.3,15.3,14.0,14.0,14.0,14.0,14.0,14.0,14.7,14.7,14.7,32.7,32.7,32.7,18.0,18.0,18.0,1015.0,1015.0,1015.0,90,90,90,0,0,0,90,90,90,1790086684
22.09 14:29,18.0,18.0,18.0,15.3,15.3,15.3,14.0,14.0,14.0,14.0,14.0,14.0,14.7,14.7,14.7,33.2,33.2,33.2,17.5,17.5,17.5,1015.0,1015.0,1015.0,88,88,88,0,0,0,90,90,90,1790087344
22.09 14:40,18.0,18.0,18.0,15.3,15.3,15.3,14.0,14.0,14.0,14.0,14.0,14.0,14.7,14.7,14.7,34.0,34.0,34.0,17.5,17.5,17.5,1014.9,1014.9,1014.9,86,86,86,0,0,0,90,90,90,1790088004
22.09 14:45,18.0,18.0,18.0,15.3,15.3,15.3,14.3,14.3,14.3,14.3,14.3,14.3,14.7,14.7,14.7,34.2,34.2,34.2,17.5,17.5,17.5,1014.8,1014.8,1014.8,86,86,86,0,0,0,90,90,90,1790088304
22.09 14:49,18.5,18.5,18.5,15.3,15.3,15.3,14.3,14.3,14.3,20.0,20.0,20.0,14.7,14.7,14.7,34.0,34.0,34.0,17.5,17.5,17.5,1014.9,1014.9,1014.9,86,86,86,0,0,0,90,90,90,1790088556
22.09 14:52,18.0,18.0,18.0,15.3,15.3,15.3,14.3,14.3,14.3,20.0,20.0,20.0,14.7,14.7,14.7,34.0,34.0,34.0,17.5,17.5,17.5,1014.9,1014.9,1014.9,87,87,87,0,0,0,90,90,90,1790088779
22.09 15:12,17.5,17.5,17.5,15.3,15.3,15.3,14.3,14.3,14.3,14.3,14.3,14.3,14.7,14.7,14.7,33.7,33.7,33.7,17.5,17.5,17.5,1014.9,1014.9,1014.9,87,87,87,0,0,0,90,90,90,1790089979
22.09 15:21,17.0,17.0,17.0,15.0,15.0,15.0,14.3,14.3,14.3,14.3,14.3,14.3,14.7,14.7,14.7,33.5,33.5,33.5,17.5,17.5,17.5,1015.0,1015.0,1015.0,88,88,88,0,0,0,90,90,90,1790090519
22.09 15:25,16.5,16.5,16.5,15.0,15.0,15.0,14.3,14.3,14.3,14.3,14.3,14.3,14.7,14.7,14.7,33.5,33.5,33.5,17.5,17.5,17.5,1015.0,1015.0,1015.0,89,89,89,0,0,0,90,90,90,1790090759
22.09 15:33,16.5,16.5,16.5,15.0,15.0,15.0,14.3,14.3,14.3,14.3,14.3,14.3,14.7,14.7,14.7,32.5,32.5,32.5,17.5,17.5,17.5,1015.0,1015.0,1015.0,90,90,90,0,0,0,90,90,90,1790091239
22.09 15:38,16.5,16.5,16.5,15.0,15.0,15.0,14.3,14.3,14.3,20.0,20.0,20.0,14.7,14.7,14.7,32.2,32.2,32.2,17.5,17.5,17.5,1015.0,1015.0,1015.0,89,89,89,0,0,0,90,90,90,1790091515
22.09 15:44,16.5,16.5,16.5,15.0,15.0,15.0,14.3,14.3,14.3,20.0,20.0,20.0,14.7,14.7,14.7,32.0,32.0,32.0,17.5,17.5,17.5,1015.0,1015.0,1015.0,93,93,93,0,0,0,90,90,90,1790091868
22.09 15:57,16.5,16.5,16.5,15.0,15.0,15.0,14.3,14.3,14.3,20.0,20.0,20.0,14.7,14.7,14.7,31.8,31.8,31.8,17.5,17.5,17.5,1015.0,1015.0,1015.0,93,93,93,0,0,0,90,90,90,1790092648
22.09 16:04,16.5,16.5,16.5,15.0,15.0,15.0,14.3,14.3,14.3,14.3,14.3,14.3,14.7,14.7,14.7,31.8,31.8,31.8,17.5,17.5,17.5,1014.9,1014.9,1014.9,94,94,94,0,0,0,90,90,90,1790093068
22.09 16:07,16.5,16.5,16.5,15.0,15.0,15.0,14.3,14.3,14.3,14.3,14.3,14.3,14.7,14.7,14.7,32.0,32.0,32.0,17.5,17.5,17.5,1014.9,1014.9,1014.9,94,94,94,0,0,0,90,90,90,1790093248
22.09 16:27,17.5,17.5,17.5,15.0,15.0,15.0,14.3,14.3,14.3,14.3,14.3,14.3,14.7,14.7,14.7,32.2,32.2,32.2,17.5,17.5,17.5,1014.8,1014.8,1014.8,94,94,94,0,0,0,90,90,90,1790094448
22.09 16:30,16.5,16.5,16.5,15.0,15.0,15.0,14.3,14.3,14.3,14.3,14.3,14.3,14.7,14.7,14.7,32.2,32.2,32.2,17.5,17.5,17.5,1014.8,1014.8,1014.8,92,92,92,0,0,0,90,90,90,1790094628
22.09 16:35,17.0,17.0,17.0,15.0,15.0,15.0,14.3,14.3,14.3,14.3,14.3,14.3,14.7,14.7,14.7,32.2,32.2,32.2,17.5,17.5,17.5,1014.8,1014.8,1014.8, 0, 0, 0,0,0,0,90,90,90,1790094928
22.09 16:36,17.0,17.0,17.0,15.0,15.0,15.0,14.3,14.3,14.3,14.3,14.3,14.3,14.7,14.7,14.7,32.2,32.2,32.2,17.5,17.5,17.5,1014.8,1014.8,1014.8,92,92,92,0,0,0,90,90,90,1790094988
22.09 16:48,16.5,16.5,16.5,15.0,15.0,15.0,14.3,14.3,14.3,14.3,14.3,14.3,14.7,14.7,14.7,32.0,32.0,32.0,17.5,17.5,17.5,1014.9,1014.9,1014.9,92,92,92,0,0,0,90,90,90,1790095708
22.09 16:52,16.5,16.5,16.5,15.0,15.0,15.0,14.3,14.3,14.3,14.3,14.3,14.3,14.7,14.7,14.7,31.8,31.8,31.8,17.5,17.5,17.5,1014.9,1014.9,1014.9,92,92,92,0,0,0,90,90,90,1790095948
22.09 17:19,16.0,16.0,16.0,15.0,15.0,15.0,14.0,14.0,14.0,14.0,14.0,14.0,14.7,14.7,14.7,31.5,31.5,31.5,17.5,17.5,17.5,1014.9,1014.9,1014.9,94,94,94,0,0,0,90,90,90,1790097568
22.09 17:22,16.0,16.0,16.0,15.0,15.0,15.0,14.3,14.3,14.3,14.3,14.3,14.3,14.7,14.7,14.7,31.5,31.5,31.5,17.5,17.5,17.5,1014.9,1014.9,1014.9,94,94,94,0,0,0,90,90,90,1790097748
22.09 17:32,16.5,16.5,16.5,15.0,15.0,15.0,14.0,14.0,14.0,14.0,14.0,14.0,14.7,14.7,14.7,31.5,31.5,31.5,17.5,17.5,17.5,1015.0,1015.0,1015.0,95,95,95,0,0,0,90,90,90,1790098348
22.09 17:34,16.0,16.0,16.0,15.0,15.0,15.0,14.0,14.0,14.0,14.0,14.0,14.0,14.7,14.7,14.7,31.5,31.5,31.5,17.5,17.5,17.5,1015.0,1015.0,1015.0,94,94,94,0,0,0,90,90,90,1790098468
22.09 17:38,16.0,16.0,16.0,15.0,15.0,15.0,14.0,14.0,14.0,14.0,14.0,14.0,14.7,14.7,14.7,31.2,31.2,31.2,17.5,17.5,17.5,1015.1,1015.1,1015.1,94,94,94,0,0,0,90,90,90,1790098708
22.09 17:41,16.0,16.0,16.0,15.0,15.0,15.0,15.0,15.0,15.0,15.0,15.0,15.0,14.7,14.7,14.7,31.2,31.2,31.2,17.5,17.5,17.5,1015.0,1015.0,1015.0,94,94,94,0,0,0,90,90,90,1790098888
22.09 17:42,16.5,16.5,16.5,15.0,15.0,15.0,16.0,16.0,16.0,16.0,16.0,16.0,14.7,14.7,14.7,31.2,31.2,31.2,17.5,17.5,17.5,1015.0,1015.0,1015.0,94,94,94,0,0,0,90,90,90,1790098948
22.09 17:43,16.0,16.0,16.0,15.0,15.0,15.0,17.2,17.2,17.2,17.2,17.2,17.2,14.7,14.7,14.7,31.2,31.2,31.2,17.5,17.5,17.5,1015.0,1015.0,1015.0,94,94,94,0,0,0,90,90,90,1790099008
22.09 17:44,15.5,15.5,15.5,15.0,15.0,15.0,18.8,18.8,18.8,18.5,18.5,18.5,14.7,14.7,14.7,31.2,31.2,31.2,17.5,17.5,17.5,1015.0,1015.0,1015.0,94,94,94,0,0,0,90,90,90,1790099068
22.09 17:45,16.0,16.0,16.0,15.0,15.0,15.0,20.5,20.5,20.5,20.5,20.5,20.5,14.7,14.7,14.7,31.2,31.2,31.2,17.5,17.5,17.5,1015.0,1015.0,1015.0,94,94,94,0,0,0,90,90,90,1790099128
22.09 17:46,16.0,16.0,16.0,15.0,15.0,15.0,22.0,22.0,22.0,22.0,22.0,22.0,15.0,15.0,15.0,31.2,31.2,31.2,17.5,17.5,17.5,1015.0,1015.0,1015.0,94,94,94,0,0,0,90,90,90,1790099188
22.09 17:47,16.0,16.0,16.0,15.0,15.0,15.0,24.0,24.0,24.0,23.7,23.7,23.7,15.0,15.0,15.0,31.2,31.2,31.2,17.5,17.5,17.5,1015.0,1015.0,1015.0,94,94,94,0,0,0,90,90,90,1790099248
22.09 17:48,16.0,16.0,16.0,15.0,15.0,15.0,25.8,25.8,25.8,25.8,25.8,25.8,15.0,15.0,15.0,31.2,31.2,31.2,17.5,17.5,17.5,1015.0,1015.0,1015.0,94,94,94,0,0,0,90,90,90,1790099308
22.09 17:49,15.5,15.5,15.5,15.0,15.0,15.0,28.0,28.0,28.0,27.8,27.8,27.8,15.0,15.0,15.0,31.2,31.2,31.2,17.5,17.5,17.5,1015.0,1015.0,1015.0,94,94,94,0,0,0,90,90,90,1790099368
22.09 17:50,16.0,16.0,16.0,15.0,15.0,15.0,30.3,30.3,30.3,30.3,30.3,30.3,15.3,15.3,15.3,31.2,31.2,31.2,17.5,17.5,17.5,1015.0,1015.0,1015.0,95,95,95,0,0,0,90,90,90,1790099428
22.09 17:51,16.0,16.0,16.0,15.0,15.0,15.0,32.2,32.2,32.2,32.2,32.2,32.2,15.3,15.3,15.3,31.2,31.2,31.2,17.5,17.5,17.5,1015.0,1015.0,1015.0,95,95,95,0,0,0,90,90,90,1790099488
22.09 17:52,16.0,16.0,16.0,15.0,15.0,15.0,35.0,35.0,35.0,35.0,35.0,35.0,15.3,15.3,15.3,31.2,31.2,31.2,17.5,17.5,17.5,1015.0,1015.0,1015.0,95,95,95,0,0,0,90,90,90,1790099548
22.09 17:53,16.0,16.0,16.0,15.0,15.0,15.0,37.2,37.2,37.2,37.0,37.0,37.0,15.5,15.5,15.5,31.2,31.2,31.2,17.5,17.5,17.5,1015.0,1015.0,1015.0,95,95,95,0,0,0,90,90,90,1790099608
22.09 17:54,16.0,16.0,16.0,15.0,15.0,15.0,39.7,39.7,39.7,39.7,39.7,39.7,15.5,15.5,15.5,31.2,31.2,31.2,17.5,17.5,17.5,1015.0,1015.0,1015.0,95,95,95,0,0,0,90,90,90,1790099668
22.09 17:55,16.0,16.0,16.0,15.0,15.0,15.0,42.5,42.5,42.5,42.5,42.5,42.5,15.5,15.5,15.5,31.2,31.2,31.2,17.5,17.5,17.5,1015.0,1015.0,1015.0,95,95,95,0,0,0,90,90,90,1790099728
22.09 17:56,16.0,16.0,16.0,15.0,15.0,15.0,45.2,45.2,45.2,45.0,45.0,45.0,15.8,15.8,15.8,31.0,31.0,31.0,17.5,17.5,17.5,1015.0,1015.0,1015.0,95,95,95,0,0,0,90,90,90,1790099788
22.09 17:57,16.0,16.0,16.0,15.0,15.0,15.0,48.7,48.7,48.7,48.7,48.7,48.7,15.8,15.8,15.8,31.0,31.0,31.0,17.5,17.5,17.5,1014.9,1014.9,1014.9,95,95,95,0,0,0,90,90,90,1790099848
22.09 17:58,16.0,16.0,16.0,15.0,15.0,15.0,52.0,52.0,52.0,52.0,52.0,52.0,15.8,15.8,15.8,31.0,31.0,31.0,17.5,17.5,17.5,1014.9,1014.9,1014.9,95,95,95,0,0,0,90,90,90,1790099908
22.09 17:59,16.0,16.0,16.0,15.0,15.0,15.0,56.7,56.7,56.7,56.5,56.5,56.5,15.8,15.8,15.8,31.0,31.0,31.0,17.5,17.5,17.5,1014.9,1014.9,1014.9,95,95,95,0,0,0,90,90,90,1790099968
22.09 18:00,16.0,16.0,16.0,15.0,15.0,15.0,60.5,60.5,60.5,60.5,60.5,60.5,15.8,15.8,15.8,31.0,31.0,31.0,17.5,17.5,17.5,1014.9,1014.9,1014.9,95,95,95,0,0,0,90,90,90,1790100028
22.09 18:01,16.0,16.0,16.0,15.0,15.0,15.0,69.0,69.0,69.0,69.0,69.0,69.0,15.5,15.5,15.5,31.0,31.0,31.0,17.5,17.5,17.5,1015.0,1015.0,1015.0,95,95,95,0,0,0,90,90,90,1790100088
22.09 18:02,16.0,16.0,16.0,15.3,15.3,15.3,75.0,75.0,75.0,74.7,74.7,74.7,15.5,15.5,15.5,31.0,31.0,31.0,17.5,17.5,17.5,1015.0,1015.0,1015.0,95,95,95,0,0,0,90,90,90,1790100148
22.09 18:03,16.0,16.0,16.0,15.8,15.8,15.8,77.2,77.2,77.2,77.2,77.2,77.2,19.5,19.5,19.5,31.0,31.0,31.0,17.5,17.5,17.5,1014.9,1014.9,1014.9,96,96,96,0,0,0,90,90,90,1790100208
22.09 18:04,16.0,16.0,16.0,16.3,16.3,16.3,78.7,78.7,78.7,78.7,78.7,78.7,24.7,24.7,24.7,31.0,31.0,31.0,17.5,17.5,17.5,1014.9,1014.9,1014.9,96,96,96,0,0,0,90,90,90,1790100268
22.09 18:05,16.0,16.0,16.0,16.8,16.8,16.8,82.7,82.7,82.7,82.0,82.0,82.0,22.8,22.8,22.8,31.0,31.0,31.0,17.5,17.5,17.5,1014.9,1014.9,1014.9,96,96,96,0,0,0,0,0,0,1790100328
22.09 18:06,16.5,16.5,16.5,17.5,17.5,17.5,75.0,75.0,75.0,76.0,76.0,76.0,36.2,36.2,36.2,31.0,31.0,31.0,17.5,17.5,17.5,1014.9,1014.9,1014.9,96,96,96,0,0,0,0,0,0,1790100388
22.09 18:07,16.0,16.0,16.0,18.3,18.3,18.3,61.5,61.5,61.5,65.0,65.0,65.0,56.2,56.2,56.2,31.0,31.0,31.0,17.5,17.5,17.5,1014.9,1014.9,1014.9,96,96,96,0,0,0,8,8,8,1790100448
22.09 18:08,16.5,16.5,16.5,18.8,18.8,18.8,57.7,57.7,57.7,65.0,65.0,65.0,59.7,59.7,59.7,31.0,31.0,31.0,17.5,17.5,17.5,1014.9,1014.9,1014.9,96,96,96,0,0,0,8,8,8,1790100508
22.09 18:09,16.0,16.0,16.0,19.3,19.3,19.3,56.2,56.2,56.2,65.0,65.0,65.0,56.0,56.0,56.0,31.0,31.0,31.0,17.5,17.5,17.5,1014.9,1014.9,1014.9,96,96,96,0,0,0,8,8,8,1790100568
22.09 18:10,16.0,16.0,16.0,19.5,19.5,19.5,55.5,55.5,55.5,65.0,65.0,65.0,53.5,53.5,53.5,30.8,30.8,30.8,17.5,17.5,17.5,1014.9,1014.9,1014.9,96,96,96,0,0,0,8,8,8,1790100628
22.09 18:11,16.0,16.0,16.0,20.0,20.0,20.0,55.0,55.0,55.0,65.0,65.0,65.0,51.7,51.7,51.7,30.8,30.8,30.8,17.5,17.5,17.5,1014.9,1014.9,1014.9,96,96,96,0,0,0,8,8,8,1790100688
22.09 18:12,16.0,16.0,16.0,20.5,20.5,20.5,54.7,54.7,54.7,65.0,65.0,65.0,48.5,48.5,48.5,30.8,30.8,30.8,17.5,17.5,17.5,1014.9,1014.9,1014.9,96,96,96,0,0,0,90,90,90,1790100748
22.09 18:13,16.0,16.0,16.0,20.8,20.8,20.8,54.7,54.7,54.7,65.0,65.0,65.0,46.5,46.5,46.5,30.8,30.8,30.8,17.5,17.5,17.5,1014.9,1014.9,1014.9,96,96,96,0,0,0,90,90,90,1790100808
22.09 18:14,16.0,16.0,16.0,21.2,21.2,21.2,54.7,54.7,54.7,65.0,65.0,65.0,45.5,45.5,45.5,30.8,30.8,30.8,17.5,17.5,17.5,1015.0,1015.0,1015.0,96,96,96,0,0,0,90,90,90,1790100868
22.09 18:16,15.5,15.5,15.5,22.0,22.0,22.0,56.0,56.0,56.0,65.0,65.0,65.0,45.0,45.0,45.0,30.8,30.8,30.8,17.5,17.5,17.5,1015.0,1015.0,1015.0,96,96,96,0,0,0,90,90,90,1790100988
22.09 18:18,15.5,15.5,15.5,23.0,23.0,23.0,58.0,58.0,58.0,65.0,65.0,65.0,45.2,45.2,45.2,30.5,30.5,30.5,17.5,17.5,17.5,1015.1,1015.1,1015.1,96,96,96,0,0,0,90,90,90,1790101108
22.09 18:19,16.0,16.0,16.0,23.5,23.5,23.5,59.0,59.0,59.0,65.0,65.0,65.0,45.8,45.8,45.8,30.5,30.5,30.5,17.5,17.5,17.5,1015.1,1015.1,1015.1,96,96,96,0,0,0,90,90,90,1790101168
22.09 18:20,16.0,16.0,16.0,23.7,23.7,23.7,60.5,60.5,60.5,65.0,65.0,65.0,46.5,46.5,46.5,30.5,30.5,30.5,17.5,17.5,17.5,1015.1,1015.1,1015.1,96,96,96,0,0,0,90,90,90,1790101228
22.09 18:21,15.5,15.5,15.5,24.3,24.3,24.3,61.7,61.7,61.7,65.0,65.0,65.0,47.2,47.2,47.2,30.5,30.5,30.5,17.5,17.5,17.5,1015.1,1015.1,1015.1,96,96,96,0,0,0,90,90,90,1790101288
22.09 18:22,15.5,15.5,15.5,24.7,24.7,24.7,63.5,63.5,63.5,65.0,65.0,65.0,48.0,48.0,48.0,30.5,30.5,30.5,17.5,17.5,17.5,1015.1,1015.1,1015.1,97,97,97,0,0,0,90,90,90,1790101348
22.09 18:23,15.5,15.5,15.5,25.0,25.0,25.0,65.0,65.0,65.0,65.0,65.0,65.0,48.5,48.5,48.5,30.5,30.5,30.5,17.5,17.5,17.5,1015.0,1015.0,1015.0,97,97,97,0,0,0,90,90,90,1790101408
22.09 18:24,16.0,16.0,16.0,25.5,25.5,25.5,66.2,66.2,66.2,65.0,65.0,65.0,49.0,49.0,49.0,30.5,30.5,30.5,17.5,17.5,17.5,1015.0,1015.0,1015.0,97,97,97,0,0,0,90,90,90,1790101468
22.09 18:25,16.0,16.0,16.0,26.0,26.0,26.0,67.7,67.7,67.7,65.0,65.0,65.0,48.7,48.7,48.7,30.5,30.5,30.5,17.5,17.5,17.5,1015.1,1015.1,1015.1,97,97,97,0,0,0,90,90,90,1790101528
22.09 18:26,16.0,16.0,16.0,26.5,26.5,26.5,69.0,69.0,69.0,65.0,65.0,65.0,48.5,48.5,48.5,30.5,30.5,30.5,17.5,17.5,17.5,1015.1,1015.1,1015.1,97,97,97,0,0,0,90,90,90,1790101588
22.09 18:27,16.0,16.0,16.0,27.0,27.0,27.0,70.2,70.2,70.2,70.2,70.2,70.2,47.7,47.7,47.7,30.3,30.3,30.3,17.5,17.5,17.5,1015.1,1015.1,1015.1,97,97,97,0,0,0,90,90,90,1790101648
22.09 18:28,16.0,16.0,16.0,27.5,27.5,27.5,71.0,71.0,71.0,71.0,71.0,71.0,46.5,46.5,46.5,30.3,30.3,30.3,17.5,17.5,17.5,1015.1,1015.1,1015.1,97,97,97,0,0,0,90,90,90,1790101708
22.09 18:29,16.0,16.0,16.0,28.0,28.0,28.0,72.2,72.2,72.2,72.2,72.2,72.2,45.0,45.0,45.0,30.3,30.3,30.3,17.5,17.5,17.5,1015.1,1015.1,1015.1,97,97,97,0,0,0,90,90,90,1790101768
22.09 18:30,16.0,16.0,16.0,28.5,28.5,28.5,72.7,72.7,72.7,72.7,72.7,72.7,43.0,43.0,43.0,30.3,30.3,30.3,17.5,17.5,17.5,1015.1,1015.1,1015.1,97,97,97,0,0,0,90,90,90,1790101828
22.09 18:31,16.5,16.5,16.5,29.0,29.0,29.0,73.5,73.5,73.5,73.5,73.5,73.5,41.2,41.2,41.2,30.3,30.3,30.3,17.5,17.5,17.5,1015.1,1015.1,1015.1,97,97,97,0,0,0,90,90,90,1790101889
22.09 18:32,16.0,16.0,16.0,29.5,29.5,29.5,74.0,74.0,74.0,74.0,74.0,74.0,39.5,39.5,39.5,30.3,30.3,30.3,17.5,17.5,17.5,1015.1,1015.1,1015.1,97,97,97,0,0,0,90,90,90,1790101949
22.09 18:33,16.5,16.5,16.5,30.0,30.0,30.0,74.0,74.0,74.0,74.0,74.0,74.0,37.7,37.7,37.7,30.3,30.3,30.3,17.5,17.5,17.5,1015.1,1015.1,1015.1,97,97,97,0,0,0,90,90,90,1790102009
22.09 18:34,16.5,16.5,16.5,30.5,30.5,30.5,74.7,74.7,74.7,74.7,74.7,74.7,36.5,36.5,36.5,30.3,30.3,30.3,17.5,17.5,17.5,1015.1,1015.1,1015.1,97,97,97,0,0,0,90,90,90,1790102069
22.09 18:35,16.5,16.5,16.5,31.0,31.0,31.0,74.7,74.7,74.7,74.7,74.7,74.7,35.2,35.2,35.2,30.3,30.3,30.3,17.5,17.5,17.5,1015.2,1015.2,1015.2,97,97,97,0,0,0,90,90,90,1790102129
22.09 18:36,16.5,16.5,16.5,31.5,31.5,31.5,74.7,74.7,74.7,20.0,20.0,20.0,34.0,34.0,34.0,30.3,30.3,30.3,17.5,17.5,17.5,1015.2,1015.2,1015.2,97,97,97,0,0,0,90,90,90,1790102176
22.09 18:38,16.5,16.5,16.5,32.5,32.5,32.5,74.5,74.5,74.5,20.0,20.0,20.0,32.5,32.5,32.5,30.3,30.3,30.3,17.5,17.5,17.5,1015.2,1015.2,1015.2,97,97,97,0,0,0,90,90,90,1790102296
22.09 18:40,16.5,16.5,16.5,33.5,33.5,33.5,73.7,73.7,73.7,20.0,20.0,20.0,31.8,31.8,31.8,30.3,30.3,30.3,17.5,17.5,17.5,1015.2,1015.2,1015.2,97,97,97,0,0,0,90,90,90,1790102416
22.09 18:42,16.0,16.0,16.0,34.5,34.5,34.5,72.7,72.7,72.7,20.0,20.0,20.0,31.0,31.0,31.0,30.3,30.3,30.3,17.5,17.5,17.5,1015.2,1015.2,1015.2,97,97,97,0,0,0,90,90,90,1790102536
22.09 18:44,16.0,16.0,16.0,35.2,35.2,35.2,71.5,71.5,71.5,20.0,20.0,20.0,30.8,30.8,30.8,30.3,30.3,30.3,17.5,17.5,17.5,1015.2,1015.2,1015.2,97,97,97,0,0,0,90,90,90,1790102656
22.09 18:46,16.0,16.0,16.0,36.2,36.2,36.2,70.5,70.5,70.5,20.0,20.0,20.0,30.8,30.8,30.8,30.3,30.3,30.3,17.5,17.5,17.5,1015.2,1015.2,1015.2,97,97,97,0,0,0,90,90,90,1790102776
22.09 18:49,16.0,16.0,16.0,37.2,37.2,37.2,69.5,69.5,69.5,20.0,20.0,20.0,31.0,31.0,31.0,30.3,30.3,30.3,17.5,17.5,17.5,1015.3,1015.3,1015.3,97,97,97,0,0,0,90,90,90,1790102956
22.09 18:53,16.0,16.0,16.0,38.5,38.5,38.5,68.3,68.3,68.3,20.0,20.0,20.0,31.8,31.8,31.8,30.0,30.0,30.0,17.5,17.5,17.5,1015.3,1015.3,1015.3,97,97,97,0,0,0,90,90,90,1790103219
22.09 18:56,16.0,16.0,16.0,39.5,39.5,39.5,67.2,67.2,67.2,20.0,20.0,20.0,32.5,32.5,32.5,30.0,30.0,30.0,17.5,17.5,17.5,1015.4,1015.4,1015.4,97,97,97,0,0,0,90,90,90,1790103399
22.09 19:00,16.0,16.0,16.0,40.5,40.5,40.5,66.5,66.5,66.5,20.0,20.0,20.0,33.0,33.0,33.0,30.0,30.0,30.0,17.5,17.5,17.5,1015.3,1015.3,1015.3,98,98,98,0,0,0,90,90,90,1790103639
22.09 19:02,16.0,16.0,16.0,41.0,41.0,41.0,66.0,66.0,66.0,20.0,20.0,20.0,33.2,33.2,33.2,30.0,30.0,30.0,17.5,17.5,17.5,1015.3,1015.3,1015.3,98,98,98,0,0,0,90,90,90,1790103759
22.09 19:07,16.0,16.0,16.0,42.0,42.0,42.0,66.7,66.7,66.7,20.0,20.0,20.0,33.7,33.7,33.7,30.0,30.0,30.0,17.5,17.5,17.5,1015.3,1015.3,1015.3,98,98,98,0,0,0,90,90,90,1790104059
22.09 19:08,16.0,16.0,16.0,42.2,42.2,42.2,67.7,67.7,67.7,20.0,20.0,20.0,33.7,33.7,33.7,30.0,30.0,30.0,17.5,17.5,17.5,1015.3,1015.3,1015.3,98,98,98,0,0,0,90,90,90,1790104119
22.09 19:09,16.0,16.0,16.0,42.5,42.5,42.5,68.7,68.7,68.7,20.0,20.0,20.0,33.7,33.7,33.7,30.0,30.0,30.0,17.5,17.5,17.5,1015.3,1015.3,1015.3,98,98,98,0,0,0,90,90,90,1790104179
22.09 19:10,16.0,16.0,16.0,42.7,42.7,42.7,69.7,69.7,69.7,20.0,20.0,20.0,33.5,33.5,33.5,30.0,30.0,30.0,17.5,17.5,17.5,1015.3,1015.3,1015.3,98,98,98,0,0,0,90,90,90,1790104239
22.09 19:11,16.0,16.0,16.0,42.7,42.7,42.7,70.8,70.8,70.8,20.0,20.0,20.0,33.5,33.5,33.5,30.0,30.0,30.0,17.5,17.5,17.5,1015.3,1015.3,1015.3,98,98,98,0,0,0,90,90,90,1790104299
22.09 19:12,16.0,16.0,16.0,43.0,43.0,43.0,71.7,71.7,71.7,20.0,20.0,20.0,33.5,33.5,33.5,30.0,30.0,30.0,17.5,17.5,17.5,1015.3,1015.3,1015.3,98,98,98,0,0,0,90,90,90,1790104359
22.09 19:13,16.0,16.0,16.0,43.3,43.3,43.3,72.7,72.7,72.7,72.7,72.7,72.7,33.5,33.5,33.5,30.0,30.0,30.0,17.5,17.5,17.5,1015.4,1015.4,1015.4,98,98,98,0,0,0,90,90,90,1790104419
22.09 19:15,16.0,16.0,16.0,43.7,43.7,43.7,74.2,74.2,74.2,74.2,74.2,74.2,33.5,33.5,33.5,30.0,30.0,30.0,17.5,17.5,17.5,1015.3,1015.3,1015.3,98,98,98,0,0,0,90,90,90,1790104539
22.09 19:17,16.0,16.0,16.0,44.2,44.2,44.2,75.2,75.2,75.2,75.2,75.2,75.2,33.7,33.7,33.7,30.0,30.0,30.0,18.0,18.0,18.0,1015.4,1015.4,1015.4,98,98,98,0,0,0,90,90,90,1790104659
22.09 19:20,16.0,16.0,16.0,45.0,45.0,45.0,76.2,76.2,76.2,76.2,76.2,76.2,34.2,34.2,34.2,30.0,30.0,30.0,18.0,18.0,18.0,1015.4,1015.4,1015.4,98,98,98,0,0,0,90,90,90,1790104839
22.09 19:22,15.5,15.5,15.5,45.5,45.5,45.5,76.0,76.0,76.0,76.0,76.0,76.0,34.7,34.7,34.7,30.0,30.0,30.0,18.0,18.0,18.0,1015.4,1015.4,1015.4,98,98,98,0,0,0,90,90,90,1790104959
22.09 19:27,15.5,15.5,15.5,46.5,46.5,46.5,75.0,75.0,75.0,75.0,75.0,75.0,35.7,35.7,35.7,30.0,30.0,30.0,18.0,18.0,18.0,1015.4,1015.4,1015.4,98,98,98,0,0,0,90,90,90,1790105259
22.09 19:29,15.5,15.5,15.5,47.0,47.0,47.0,73.5,73.5,73.5,73.5,73.5,73.5,35.7,35.7,35.7,30.0,30.0,30.0,18.0,18.0,18.0,1015.5,1015.5,1015.5,98,98,98,0,0,0,90,90,90,1790105379
22.09 19:31,15.5,15.5,15.5,47.2,47.2,47.2,72.5,72.5,72.5,72.5,72.5,72.5,35.7,35.7,35.7,30.0,30.0,30.0,18.0,18.0,18.0,1015.5,1015.5,1015.5,98,98,98,0,0,0,90,90,90,1790105499
22.09 19:33,15.0,15.0,15.0,47.7,47.7,47.7,71.5,71.5,71.5,71.5,71.5,71.5,35.7,35.7,35.7,30.0,30.0,30.0,18.0,18.0,18.0,1015.5,1015.5,1015.5,98,98,98,0,0,0,90,90,90,1790105619
22.09 19:37,15.5,15.5,15.5,48.3,48.3,48.3,71.0,71.0,71.0,71.0,71.0,71.0,35.5,35.5,35.5,30.0,30.0,30.0,18.0,18.0,18.0,1015.5,1015.5,1015.5,98,98,98,0,0,0,90,90,90,1790105859
22.09 19:45,15.5,15.5,15.5,49.2,49.2,49.2,71.0,71.0,71.0,71.0,71.0,71.0,36.2,36.2,36.2,29.8,29.8,29.8,18.0,18.0,18.0,1015.5,1015.5,1015.5,97,97,97,0,0,0,90,90,90,1790106339
22.09 19:51,15.5,15.5,15.5,49.7,49.7,49.7,71.0,71.0,71.0,71.0,71.0,71.0,37.2,37.2,37.2,29.8,29.8,29.8,18.0,18.0,18.0,1015.5,1015.5,1015.5,97,97,97,0,0,0,90,90,90,1790106699
22.09 19:57,15.0,15.0,15.0,50.2,50.2,50.2,70.5,70.5,70.5,70.0,70.0,70.0,38.0,38.0,38.0,29.8,29.8,29.8,18.0,18.0,18.0,1015.5,1015.5,1015.5,97,97,97,0,0,0,90,90,90,1790107059
22.09 19:59,15.5,15.5,15.5,50.5,50.5,50.5,69.2,69.2,69.2,69.0,69.0,69.0,49.0,49.0,49.0,29.8,29.8,29.8,18.0,18.0,18.0,1015.6,1015.6,1015.6,97,97,97,0,0,0,90,90,90,1790107179
22.09 20:00,15.0,15.0,15.0,50.5,50.5,50.5,64.0,64.0,64.0,64.0,64.0,64.0,58.0,58.0,58.0,29.8,29.8,29.8,18.0,18.0,18.0,1015.6,1015.6,1015.6,97,97,97,0,0,0,90,90,90,1790107239
22.09 20:01,15.0,15.0,15.0,50.5,50.5,50.5,62.0,62.0,62.0,62.0,62.0,62.0,59.2,59.2,59.2,29.8,29.8,29.8,18.0,18.0,18.0,1015.6,1015.6,1015.6,97,97,97,0,0,0,90,90,90,1790107299
22.09 20:02,15.0,15.0,15.0,50.5,50.5,50.5,61.0,61.0,61.0,61.0,61.0,61.0,57.2,57.2,57.2,29.8,29.8,29.8,18.0,18.0,18.0,1015.6,1015.6,1015.6,97,97,97,0,0,0,90,90,90,1790107359
22.09 20:03,15.0,15.0,15.0,50.8,50.8,50.8,60.5,60.5,60.5,60.0,60.0,60.0,56.2,56.2,56.2,29.8,29.8,29.8,18.0,18.0,18.0,1015.6,1015.6,1015.6,97,97,97,0,0,0,90,90,90,1790107419
22.09 20:05,15.5,15.5,15.5,50.8,50.8,50.8,60.0,60.0,60.0,60.0,60.0,60.0,56.0,56.0,56.0,29.8,29.8,29.8,18.0,18.0,18.0,1015.6,1015.6,1015.6,97,97,97,0,0,0,90,90,90,1790107539
22.09 20:06,15.0,15.0,15.0,50.8,50.8,50.8,59.7,59.7,59.7,59.0,59.0,59.0,55.8,55.8,55.8,29.8,29.8,29.8,18.0,18.0,18.0,1015.6,1015.6,1015.6,97,97,97,0,0,0,90,90,90,1790107599
22.09 20:14,15.0,15.0,15.0,51.0,51.0,51.0,59.2,59.2,59.2,20.0,20.0,20.0,55.5,55.5,55.5,29.5,29.5,29.5,18.0,18.0,18.0,1015.6,1015.6,1015.6,97,97,97,0,0,0,90,90,90,1790108099
22.09 20:15,15.0,15.0,15.0,51.0,51.0,51.0,59.0,59.0,59.0,20.0,20.0,20.0,53.7,53.7,53.7,29.5,29.5,29.5,18.0,18.0,18.0,1015.6,1015.6,1015.6,97,97,97,0,0,0,90,90,90,1790108159
22.09 20:16,15.5,15.5,15.5,51.0,51.0,51.0,60.0,60.0,60.0,20.0,20.0,20.0,51.7,51.7,51.7,29.5,29.5,29.5,18.0,18.0,18.0,1015.6,1015.6,1015.6,97,97,97,0,0,0,90,90,90,1790108219
22.09 20:17,15.5,15.5,15.5,51.0,51.0,51.0,61.5,61.5,61.5,20.0,20.0,20.0,50.5,50.5,50.5,29.5,29.5,29.5,18.0,18.0,18.0,1015.6,1015.6,1015.6,97,97,97,0,0,0,90,90,90,1790108279
22.09 20:18,15.0,15.0,15.0,51.0,51.0,51.0,63.3,63.3,63.3,20.0,20.0,20.0,49.5,49.5,49.5,29.5,29.5,29.5,18.0,18.0,18.0,1015.6,1015.6,1015.6,97,97,97,0,0,0,90,90,90,1790108339
22.09 20:19,15.0,15.0,15.0,51.0,51.0,51.0,65.0,65.0,65.0,20.0,20.0,20.0,48.7,48.7,48.7,29.5,29.5,29.5,18.0,18.0,18.0,1015.6,1015.6,1015.6,97,97,97,0,0,0,90,90,90,1790108399
22.09 20:20,15.0,15.0,15.0,51.0,51.0,51.0,66.2,66.2,66.2,20.0,20.0,20.0,48.5,48.5,48.5,29.5,29.5,29.5,18.0,18.0,18.0,1015.6,1015.6,1015.6,97,97,97,0,0,0,90,90,90,1790108459
22.09 20:21,14.5,14.5,14.5,50.8,50.8,50.8,67.2,67.2,67.2,20.0,20.0,20.0,48.3,48.3,48.3,29.5,29.5,29.5,18.0,18.0,18.0,1015.6,1015.6,1015.6,96,96,96,0,0,0,90,90,90,1790108519
22.09 20:22,14.5,14.5,14.5,50.8,50.8,50.8,68.5,68.5,68.5,20.0,20.0,20.0,48.0,48.0,48.0,29.5,29.5,29.5,18.0,18.0,18.0,1015.6,1015.6,1015.6,96,96,96,0,0,0,90,90,90,1790108579
22.09 20:24,14.5,14.5,14.5,50.8,50.8,50.8,69.7,69.7,69.7,20.0,20.0,20.0,47.7,47.7,47.7,29.5,29.5,29.5,18.0,18.0,18.0,1015.7,1015.7,1015.7,96,96,96,0,0,0,90,90,90,1790108699
22.09 20:26,14.5,14.5,14.5,50.8,50.8,50.8,71.2,71.2,71.2,20.0,20.0,20.0,47.7,47.7,47.7,29.5,29.5,29.5,18.0,18.0,18.0,1015.7,1015.7,1015.7,96,96,96,0,0,0,90,90,90,1790108819
22.09 20:28,14.5,14.5,14.5,50.8,50.8,50.8,72.2,72.2,72.2,20.0,20.0,20.0,48.0,48.0,48.0,29.5,29.5,29.5,18.0,18.0,18.0,1015.6,1015.6,1015.6,95,95,95,0,0,0,90,90,90,1790108939
22.09 20:31,14.5,14.5,14.5,51.0,51.0,51.0,73.3,73.3,73.3,20.0,20.0,20.0,48.5,48.5,48.5,29.5,29.5,29.5,18.0,18.0,18.0,1015.7,1015.7,1015.7,95,95,95,0,0,0,90,90,90,1790109119
22.09 20:34,14.5,14.5,14.5,51.0,51.0,51.0,74.0,74.0,74.0,74.0,74.0,74.0,48.7,48.7,48.7,29.5,29.5,29.5,18.0,18.0,18.0,1015.7,1015.7,1015.7,94,94,94,0,0,0,90,90,90,1790109299
22.09 20:41,15.0,15.0,15.0,51.5,51.5,51.5,74.5,74.5,74.5,74.2,74.2,74.2,48.0,48.0,48.0,29.5,29.5,29.5,18.0,18.0,18.0,1015.7,1015.7,1015.7, 0, 0, 0,0,0,0,90,90,90,1790109719
22.09 20:43,15.0,15.0,15.0,51.5,51.5,51.5,74.5,74.5,74.5,20.0,20.0,20.0,47.5,47.5,47.5,29.3,29.3,29.3,18.0,18.0,18.0,1015.8,1015.8,1015.8,94,94,94,0,0,0,90,90,90,1790109831
22.09 20:49,15.0,15.0,15.0,52.0,52.0,52.0,74.0,74.0,74.0,20.0,20.0,20.0,46.5,46.5,46.5,29.3,29.3,29.3,18.0,18.0,18.0,1015.8,1015.8,1015.8,94,94,94,0,0,0,90,90,90,1790110191
22.09 20:52,15.0,15.0,15.0,52.2,52.2,52.2,73.3,73.3,73.3,20.0,20.0,20.0,46.0,46.0,46.0,29.3,29.3,29.3,18.0,18.0,18.0,1015.8,1015.8,1015.8,94,94,94,0,0,0,90,90,90,1790110371
22.09 20:55,14.5,14.5,14.5,52.2,52.2,52.2,72.2,72.2,72.2,20.0,20.0,20.0,45.8,45.8,45.8,29.3,29.3,29.3,18.0,18.0,18.0,1015.8,1015.8,1015.8,95,95,95,0,0,0,90,90,90,1790110551
22.09 20:58,14.5,14.5,14.5,52.5,52.5,52.5,71.5,71.5,71.5,20.0,20.0,20.0,45.8,45.8,45.8,29.3,29.3,29.3,18.0,18.0,18.0,1015.9,1015.9,1015.9,95,95,95,0,0,0,90,90,90,1790110731
22.09 21:00,14.5,14.5,14.5,52.5,52.5,52.5,71.0,71.0,71.0,20.0,20.0,20.0,45.8,45.8,45.8,29.3,29.3,29.3,18.0,18.0,18.0,1016.0,1016.0,1016.0,95,95,95,0,0,0,90,90,90,1790110851
22.09 21:03,14.5,14.5,14.5,52.5,52.5,52.5,70.2,70.2,70.2,70.2,70.2,70.2,45.5,45.5,45.5,29.3,29.3,29.3,18.0,18.0,18.0,1016.0,1016.0,1016.0,95,95,95,0,0,0,90,90,90,1790111031
22.09 21:05,14.0,14.0,14.0,52.5,52.5,52.5,70.0,70.0,70.0,70.0,70.0,70.0,44.5,44.5,44.5,29.3,29.3,29.3,18.0,18.0,18.0,1016.0,1016.0,1016.0,95,95,95,0,0,0,90,90,90,1790111151
22.09 21:07,14.5,14.5,14.5,52.5,52.5,52.5,69.5,69.5,69.5,69.5,69.5,69.5,43.5,43.5,43.5,29.3,29.3,29.3,18.0,18.0,18.0,1016.0,1016.0,1016.0,95,95,95,0,0,0,90,90,90,1790111271
22.09 21:10,14.0,14.0,14.0,52.5,52.5,52.5,69.0,69.0,69.0,69.0,69.0,69.0,42.2,42.2,42.2,29.3,29.3,29.3,18.0,18.0,18.0,1016.0,1016.0,1016.0,95,95,95,0,0,0,90,90,90,1790111451
22.09 21:15,14.5,14.5,14.5,52.5,52.5,52.5,68.3,68.3,68.3,68.3,68.3,68.3,42.0,42.0,42.0,29.3,29.3,29.3,18.0,18.0,18.0,1016.0,1016.0,1016.0,95,95,95,0,0,0,90,90,90,1790111751
22.09 21:20,14.5,14.5,14.5,52.5,52.5,52.5,67.2,67.2,67.2,67.2,67.2,67.2,42.5,42.5,42.5,29.3,29.3,29.3,18.0,18.0,18.0,1015.9,1015.9,1015.9,96,96,96,0,0,0,90,90,90,1790112051
22.09 21:24,14.5,14.5,14.5,52.5,52.5,52.5,66.7,66.7,66.7,66.7,66.7,66.7,43.3,43.3,43.3,29.3,29.3,29.3,18.0,18.0,18.0,1016.0,1016.0,1016.0,96,96,96,0,0,0,90,90,90,1790112291
22.09 21:28,14.5,14.5,14.5,52.5,52.5,52.5,65.8,65.8,65.8,65.8,65.8,65.8,44.2,44.2,44.2,29.3,29.3,29.3,18.0,18.0,18.0,1016.0,1016.0,1016.0,96,96,96,0,0,0,90,90,90,1790112531
22.09 21:32,14.5,14.5,14.5,52.5,52.5,52.5,65.0,65.0,65.0,65.0,65.0,65.0,45.0,45.0,45.0,29.3,29.3,29.3,18.0,18.0,18.0,1016.1,1016.1,1016.1,96,96,96,0,0,0,90,90,90,1790112771
22.09 21:37,14.5,14.5,14.5,52.2,52.2,52.2,63.7,63.7,63.7,63.7,63.7,63.7,45.5,45.5,45.5,29.3,29.3,29.3,18.0,18.0,18.0,1016.1,1016.1,1016.1,96,96,96,0,0,0,90,90,90,1790113071
22.09 21:43,14.5,14.5,14.5,52.2,52.2,52.2,62.7,62.7,62.7,62.7,62.7,62.7,46.2,46.2,46.2,29.3,29.3,29.3,18.0,18.0,18.0,1016.1,1016.1,1016.1,97,97,97,0,0,0,90,90,90,1790113431
22.09 21:48,14.5,14.5,14.5,52.2,52.2,52.2,61.7,61.7,61.7,61.7,61.7,61.7,46.5,46.5,46.5,29.0,29.0,29.0,18.0,18.0,18.0,1016.1,1016.1,1016.1,97,97,97,0,0,0,90,90,90,1790113732
22.09 21:53,14.5,14.5,14.5,52.0,52.0,52.0,60.8,60.8,60.8,60.8,60.8,60.8,46.7,46.7,46.7,29.0,29.0,29.0,18.0,18.0,18.0,1016.2,1016.2,1016.2,97,97,97,0,0,0,90,90,90,1790114032
22.09 21:59,14.5,14.5,14.5,51.7,51.7,51.7,59.7,59.7,59.7,60.0,60.0,60.0,47.2,47.2,47.2,29.0,29.0,29.0,18.0,18.0,18.0,1016.2,1016.2,1016.2,98,98,98,0,0,0,90,90,90,1790114392
22.09 22:06,14.5,14.5,14.5,51.7,51.7,51.7,59.0,59.0,59.0,59.0,59.0,59.0,47.7,47.7,47.7,29.0,29.0,29.0,18.0,18.0,18.0,1016.2,1016.2,1016.2,98,98,98,0,0,0,90,90,90,1790114812
22.09 22:14,14.5,14.5,14.5,51.5,51.5,51.5,58.0,58.0,58.0,58.0,58.0,58.0,48.3,48.3,48.3,29.0,29.0,29.0,18.0,18.0,18.0,1016.2,1016.2,1016.2,98,98,98,0,0,0,90,90,90,1790115292
22.09 22:22,14.5,14.5,14.5,51.0,51.0,51.0,57.0,57.0,57.0,57.0,57.0,57.0,48.5,48.5,48.5,29.0,29.0,29.0,18.0,18.0,18.0,1016.2,1016.2,1016.2,98,98,98,0,0,0,90,90,90,1790115772
22.09 22:28,14.5,14.5,14.5,51.0,51.0,51.0,56.2,56.2,56.2,56.2,56.2,56.2,48.7,48.7,48.7,29.0,29.0,29.0,18.0,18.0,18.0,1016.2,1016.2,1016.2, 0, 0, 0,0,0,0,90,90,90,1790116132
22.09 22:29,14.5,14.5,14.5,50.8,50.8,50.8,56.2,56.2,56.2,56.2,56.2,56.2,48.7,48.7,48.7,29.0,29.0,29.0,18.0,18.0,18.0,1016.2,1016.2,1016.2,98,98,98,0,0,0,90,90,90,1790116192
22.09 22:33,15.0,15.0,15.0,50.8,50.8,50.8,56.0,56.0,56.0,56.0,56.0,56.0,48.5,48.5,48.5,29.0,29.0,29.0,18.0,18.0,18.0,1016.3,1016.3,1016.3,98,98,98,0,0,0,90,90,90,1790116432
22.09 22:38,14.5,14.5,14.5,50.5,50.5,50.5,55.0,55.0,55.0,55.0,55.0,55.0,48.3,48.3,48.3,29.0,29.0,29.0,18.0,18.0,18.0,1016.3,1016.3,1016.3,98,98,98,0,0,0,90,90,90,1790116732
22.09 22:47,14.5,14.5,14.5,50.2,50.2,50.2,54.0,54.0,54.0,54.0,54.0,54.0,47.2,47.2,47.2,28.7,28.7,28.7,18.0,18.0,18.0,1016.3,1016.3,1016.3,98,98,98,0,0,0,90,90,90,1790117272
22.09 22:54,14.0,14.0,14.0,49.7,49.7,49.7,53.0,53.0,53.0,53.0,53.0,53.0,46.2,46.2,46.2,28.7,28.7,28.7,18.0,18.0,18.0,1016.3,1016.3,1016.3,98,98,98,0,0,0,90,90,90,1790117692
22.09 22:55,14.5,14.5,14.5,49.7,49.7,49.7,53.0,53.0,53.0,53.0,53.0,53.0,46.2,46.2,46.2,28.7,28.7,28.7,18.0,18.0,18.0,1016.4,1016.4,1016.4,98,98,98,0,0,0,90,90,90,1790117752
22.09 23:00,14.5,14.5,14.5,49.7,49.7,49.7,52.5,52.5,52.5,52.5,52.5,52.5,45.2,45.2,45.2,28.7,28.7,28.7,18.0,18.0,18.0,1016.4,1016.4,1016.4,98,98,98,0,0,0,90,90,90,1790118052
22.09 23:07,14.5,14.5,14.5,49.5,49.5,49.5,51.7,51.7,51.7,51.7,51.7,51.7,44.2,44.2,44.2,28.7,28.7,28.7,18.0,18.0,18.0,1016.4,1016.4,1016.4,99,99,99,0,0,0,90,90,90,1790118472
22.09 23:13,14.0,14.0,14.0,49.2,49.2,49.2,51.0,51.0,51.0,51.0,51.0,51.0,43.5,43.5,43.5,28.7,28.7,28.7,18.0,18.0,18.0,1016.5,1016.5,1016.5,99,99,99,0,0,0,90,90,90,1790118832
22.09 23:18,14.5,14.5,14.5,49.0,49.0,49.0,50.5,50.5,50.5,50.5,50.5,50.5,42.5,42.5,42.5,28.7,28.7,28.7,18.0,18.0,18.0,1016.4,1016.4,1016.4,99,99,99,0,0,0,90,90,90,1790119132
22.09 23:19,14.5,14.5,14.5,49.0,49.0,49.0,50.2,50.2,50.2,50.2,50.2,50.2,42.5,42.5,42.5,28.7,28.7,28.7,18.0,18.0,18.0,1016.5,1016.5,1016.5,99,99,99,0,0,0,90,90,90,1790119192
22.09 23:24,14.5,14.5,14.5,49.0,49.0,49.0,50.0,50.0,50.0,50.0,50.0,50.0,41.7,41.7,41.7,28.7,28.7,28.7,18.0,18.0,18.0,1016.5,1016.5,1016.5, 0, 0, 0,0,0,0,90,90,90,1790119492
22.09 23:25,14.0,14.0,14.0,49.0,49.0,49.0,49.7,49.7,49.7,49.7,49.7,49.7,41.5,41.5,41.5,28.7,28.7,28.7,18.0,18.0,18.0,1016.5,1016.5,1016.5,99,99,99,0,0,0,90,90,90,1790119552
22.09 23:30,14.0,14.0,14.0,48.7,48.7,48.7,49.2,49.2,49.2,49.2,49.2,49.2,40.5,40.5,40.5,28.7,28.7,28.7,18.0,18.0,18.0,1016.5,1016.5,1016.5,99,99,99,0,0,0,90,90,90,1790119852
22.09 23:37,14.5,14.5,14.5,48.5,48.5,48.5,49.0,49.0,49.0,49.0,49.0,49.0,39.5,39.5,39.5,28.7,28.7,28.7,18.0,18.0,18.0,1016.5,1016.5,1016.5,99,99,99,0,0,0,90,90,90,1790120272
22.09 23:42,14.5,14.5,14.5,48.5,48.5,48.5,48.3,48.3,48.3,48.3,48.3,48.3,38.5,38.5,38.5,28.7,28.7,28.7,18.0,18.0,18.0,1016.5,1016.5,1016.5,99,99,99,0,0,0,90,90,90,1790120572
22.09 23:49,14.5,14.5,14.5,48.3,48.3,48.3,47.7,47.7,47.7,47.7,47.7,47.7,38.0,38.0,38.0,28.7,28.7,28.7,18.0,18.0,18.0,1016.5,1016.5,1016.5,99,99,99,0,0,0,90,90,90,1790120992
22.09 23:53,14.5,14.5,14.5,48.3,48.3,48.3,47.5,47.5,47.5,47.5,47.5,47.5,37.0,37.0,37.0,28.7,28.7,28.7,18.0,18.0,18.0,1016.5,1016.5,1016.5,99,99,99,0,0,0,90,90,90,1790121232
22.09 23:56,14.5,14.5,14.5,48.0,48.0,48.0,47.0,47.0,47.0,47.0,47.0,47.0,35.7,35.7,35.7,28.7,28.7,28.7,18.0,18.0,18.0,1016.5,1016.5,1016.5,99,99,99,0,0,0,90,90,90,1790121412
22.09 23:59,14.5,14.5,14.5,48.0,48.0,48.0,46.7,46.7,46.7,47.0,47.0,47.0,34.7,34.7,34.7,28.7,28.7,28.7,18.0,18.0,18.0,1016.5,1016.5,1016.5,99,99,99,0,0,0,90,90,90,1790121592
23.09 00:07,14.5,14.5,14.5,47.7,47.7,47.7,46.2,46.2,46.2,46.2,46.2,46.2,35.7,35.7,35.7,28.7,28.7,28.7,18.0,18.0,18.0,1016.5,1016.5,1016.5,99,99,99,0,0,0,90,90,90,1790122072
23.09 00:10,14.5,14.5,14.5,47.7,47.7,47.7,46.0,46.0,46.0,46.0,46.0,46.0,34.7,34.7,34.7,28.7,28.7,28.7,18.0,18.0,18.0,1016.5,1016.5,1016.5,99,99,99,0,0,0,90,90,90,1790122252
23.09 00:12,14.5,14.5,14.5,47.7,47.7,47.7,45.8,45.8,45.8,45.8,45.8,45.8,33.5,33.5,33.5,28.7,28.7,28.7,18.0,18.0,18.0,1016.5,1016.5,1016.5,98,98,98,0,0,0,90,90,90,1790122372
23.09 00:15,14.5,14.5,14.5,47.5,47.5,47.5,45.5,45.5,45.5,45.5,45.5,45.5,32.5,32.5,32.5,28.7,28.7,28.7,18.0,18.0,18.0,1016.5,1016.5,1016.5,98,98,98,0,0,0,90,90,90,1790122552
23.09 00:18,14.5,14.5,14.5,47.5,47.5,47.5,45.5,45.5,45.5,45.5,45.5,45.5,31.5,31.5,31.5,28.7,28.7,28.7,18.0,18.0,18.0,1016.4,1016.4,1016.4,98,98,98,0,0,0,90,90,90,1790122732
23.09 00:23,14.5,14.5,14.5,47.5,47.5,47.5,45.0,45.0,45.0,45.0,45.0,45.0,30.5,30.5,30.5,28.7,28.7,28.7,18.0,18.0,18.0,1016.5,1016.5,1016.5,98,98,98,0,0,0,90,90,90,1790123032
23.09 00:27,14.5,14.5,14.5,47.2,47.2,47.2,44.7,44.7,44.7,44.7,44.7,44.7,31.8,31.8,31.8,28.7,28.7,28.7,18.0,18.0,18.0,1016.5,1016.5,1016.5,98,98,98,0,0,0,90,90,90,1790123272
23.09 00:33,14.5,14.5,14.5,47.2,47.2,47.2,44.2,44.2,44.2,44.2,44.2,44.2,30.8,30.8,30.8,28.7,28.7,28.7,18.0,18.0,18.0,1016.5,1016.5,1016.5,98,98,98,0,0,0,90,90,90,1790123632
23.09 00:36,15.0,15.0,15.0,47.2,47.2,47.2,44.0,44.0,44.0,44.0,44.0,44.0,29.8,29.8,29.8,28.7,28.7,28.7,18.0,18.0,18.0,1016.5,1016.5,1016.5,98,98,98,0,0,0,90,90,90,1790123812
23.09 00:40,15.0,15.0,15.0,47.0,47.0,47.0,44.0,44.0,44.0,44.0,44.0,44.0,28.7,28.7,28.7,28.7,28.7,28.7,18.0,18.0,18.0,1016.4,1016.4,1016.4,98,98,98,0,0,0,90,90,90,1790124052
23.09 00:44,15.0,15.0,15.0,47.0,47.0,47.0,43.5,43.5,43.5,43.5,43.5,43.5,27.8,27.8,27.8,28.7,28.7,28.7,18.0,18.0,18.0,1016.5,1016.5,1016.5,98,98,98,0,0,0,90,90,90,1790124292
23.09 00:46,14.5,14.5,14.5,47.0,47.0,47.0,43.3,43.3,43.3,43.3,43.3,43.3,27.5,27.5,27.5,28.7,28.7,28.7,18.0,18.0,18.0,1016.4,1016.4,1016.4,98,98,98,0,0,0,90,90,90,1790124412
23.09 00:51,15.0,15.0,15.0,47.0,47.0,47.0,43.0,43.0,43.0,43.0,43.0,43.0,26.8,26.8,26.8,28.7,28.7,28.7,18.0,18.0,18.0,1016.5,1016.5,1016.5,98,98,98,0,0,0,90,90,90,1790124712
23.09 00:55,15.0,15.0,15.0,46.7,46.7,46.7,42.7,42.7,42.7,42.7,42.7,42.7,28.3,28.3,28.3,28.7,28.7,28.7,18.0,18.0,18.0,1016.5,1016.5,1016.5,98,98,98,0,0,0,90,90,90,1790124953
23.09 00:57,15.0,15.0,15.0,46.7,46.7,46.7,42.7,42.7,42.7,42.7,42.7,42.7,29.3,29.3,29.3,28.7,28.7,28.7,18.0,18.0,18.0,1016.5,1016.5,1016.5,98,98,98,0,0,0,90,90,90,1790125073
23.09 01:00,14.5,14.5,14.5,46.7,46.7,46.7,42.5,42.5,42.5,42.5,42.5,42.5,28.3,28.3,28.3,28.7,28.7,28.7,18.0,18.0,18.0,1016.5,1016.5,1016.5,98,98,98,0,0,0,90,90,90,1790125253
23.09 01:03,15.0,15.0,15.0,46.7,46.7,46.7,42.2,42.2,42.2,42.2,42.2,42.2,27.2,27.2,27.2,28.7,28.7,28.7,18.0,18.0,18.0,1016.5,1016.5,1016.5,98,98,98,0,0,0,90,90,90,1790125433
23.09 01:07,15.0,15.0,15.0,46.5,46.5,46.5,42.0,42.0,42.0,42.0,42.0,42.0,26.2,26.2,26.2,28.7,28.7,28.7,18.0,18.0,18.0,1016.5,1016.5,1016.5,98,98,98,0,0,0,90,90,90,1790125673
23.09 01:12,15.0,15.0,15.0,46.5,46.5,46.5,41.5,41.5,41.5,41.5,41.5,41.5,25.3,25.3,25.3,28.7,28.7,28.7,18.0,18.0,18.0,1016.5,1016.5,1016.5,98,98,98,0,0,0,90,90,90,1790125973
23.09 01:19,15.0,15.0,15.0,46.5,46.5,46.5,41.0,41.0,41.0,41.0,41.0,41.0,24.3,24.3,24.3,28.5,28.5,28.5,18.0,18.0,18.0,1016.5,1016.5,1016.5,98,98,98,0,0,0,90,90,90,1790126393
23.09 01:28,14.5,14.5,14.5,46.2,46.2,46.2,40.5,40.5,40.5,40.5,40.5,40.5,23.3,23.3,23.3,28.5,28.5,28.5,18.0,18.0,18.0,1016.5,1016.5,1016.5,98,98,98,0,0,0,90,90,90,1790126933
23.09 01:42,15.0,15.0,15.0,46.0,46.0,46.0,39.5,39.5,39.5,39.5,39.5,39.5,22.8,22.8,22.8,28.3,28.3,28.3,18.0,18.0,18.0,1016.4,1016.4,1016.4,99,99,99,0,0,0,90,90,90,1790127773
23.09 01:56,14.5,14.5,14.5,46.0,46.0,46.0,38.5,38.5,38.5,38.7,38.7,38.7,23.0,23.0,23.0,28.3,28.3,28.3,18.0,18.0,18.0,1016.4,1016.4,1016.4,98,98,98,0,0,0,90,90,90,1790128613
23.09 02:07,15.0,15.0,15.0,45.8,45.8,45.8,37.7,37.7,37.7,37.7,37.7,37.7,22.2,22.2,22.2,28.3,28.3,28.3,18.0,18.0,18.0,1016.4,1016.4,1016.4,98,98,98,0,0,0,90,90,90,1790129273
23.09 02:22,14.5,14.5,14.5,45.5,45.5,45.5,37.0,37.0,37.0,37.0,37.0,37.0,21.8,21.8,21.8,28.3,28.3,28.3,17.5,17.5,17.5,1016.5,1016.5,1016.5,98,98,98,0,0,0,90,90,90,1790130173
23.09 02:30,15.0,15.0,15.0,45.5,45.5,45.5,36.5,36.5,36.5,36.5,36.5,36.5,21.5,21.5,21.5,28.3,28.3,28.3,18.0,18.0,18.0,1016.4,1016.4,1016.4,98,98,98,0,0,0,90,90,90,1790130653
23.09 02:39,14.5,14.5,14.5,45.2,45.2,45.2,35.7,35.7,35.7,35.7,35.7,35.7,21.5,21.5,21.5,28.3,28.3,28.3,17.5,17.5,17.5,1016.4,1016.4,1016.4, 0, 0, 0,0,0,0,90,90,90,1790131193
23.09 02:40,14.5,14.5,14.5,45.2,45.2,45.2,35.7,35.7,35.7,35.7,35.7,35.7,21.5,21.5,21.5,28.3,28.3,28.3,18.0,18.0,18.0,1016.4,1016.4,1016.4,98,98,98,0,0,0,90,90,90,1790131253
23.09 02:53,15.0,15.0,15.0,45.2,45.2,45.2,35.0,35.0,35.0,35.0,35.0,35.0,21.5,21.5,21.5,28.0,28.0,28.0,17.5,17.5,17.5,1016.4,1016.4,1016.4,98,98,98,0,0,0,90,90,90,1790132033
23.09 03:07,15.0,15.0,15.0,45.0,45.0,45.0,34.0,34.0,34.0,34.0,34.0,34.0,21.2,21.2,21.2,28.0,28.0,28.0,17.5,17.5,17.5,1016.3,1016.3,1016.3,98,98,98,0,0,0,90,90,90,1790132873
23.09 03:22,15.5,15.5,15.5,44.7,44.7,44.7,33.2,33.2,33.2,33.2,33.2,33.2,21.2,21.2,21.2,28.0,28.0,28.0,17.5,17.5,17.5,1016.3,1016.3,1016.3,98,98,98,0,0,0,90,90,90,1790133773
23.09 03:33,14.5,14.5,14.5,44.7,44.7,44.7,32.7,32.7,32.7,32.7,32.7,32.7,21.2,21.2,21.2,28.0,28.0,28.0,17.5,17.5,17.5,1016.3,1016.3,1016.3,98,98,98,0,0,0,90,90,90,1790134433
23.09 03:48,15.0,15.0,15.0,44.5,44.5,44.5,31.8,31.8,31.8,31.8,31.8,31.8,21.0,21.0,21.0,27.8,27.8,27.8,17.5,17.5,17.5,1016.3,1016.3,1016.3,98,98,98,0,0,0,90,90,90,1790135333
23.09 04:07,15.0,15.0,15.0,44.2,44.2,44.2,31.0,31.0,31.0,31.0,31.0,31.0,20.8,20.8,20.8,27.8,27.8,27.8,17.5,17.5,17.5,1016.3,1016.3,1016.3, 0, 0, 0,0,0,0,90,90,90,1790136473
23.09 04:08,15.0,15.0,15.0,44.2,44.2,44.2,31.0,31.0,31.0,31.0,31.0,31.0,20.8,20.8,20.8,27.8,27.8,27.8,17.5,17.5,17.5,1016.3,1016.3,1016.3,98,98,98,0,0,0,90,90,90,1790136533
23.09 04:17,15.0,15.0,15.0,44.2,44.2,44.2,30.5,30.5,30.5,30.5,30.5,30.5,20.5,20.5,20.5,27.8,27.8,27.8,17.5,17.5,17.5,1016.4,1016.4,1016.4,98,98,98,0,0,0,90,90,90,1790137074
23.09 04:38,15.0,15.0,15.0,44.0,44.0,44.0,29.5,29.5,29.5,29.5,29.5,29.5,20.3,20.3,20.3,27.5,27.5,27.5,17.5,17.5,17.5,1016.3,1016.3,1016.3,98,98,98,0,0,0,90,90,90,1790138334
23.09 04:57,15.0,15.0,15.0,43.7,43.7,43.7,28.7,28.7,28.7,28.7,28.7,28.7,20.3,20.3,20.3,27.5,27.5,27.5,17.5,17.5,17.5,1016.3,1016.3,1016.3, 0, 0, 0,0,0,0,90,90,90,1790139474
23.09 04:58,15.0,15.0,15.0,43.7,43.7,43.7,28.7,28.7,28.7,28.7,28.7,28.7,20.3,20.3,20.3,27.5,27.5,27.5,17.5,17.5,17.5,1016.3,1016.3,1016.3,98,98,98,0,0,0,90,90,90,1790139534
23.09 05:22,15.0,15.0,15.0,43.5,43.5,43.5,27.8,27.8,27.8,28.0,28.0,28.0,20.0,20.0,20.0,27.0,27.0,27.0,17.5,17.5,17.5,1016.3,1016.3,1016.3,98,98,98,0,0,0,90,90,90,1790140974
23.09 05:39,14.0,14.0,14.0,43.3,43.3,43.3,27.2,27.2,27.2,27.2,27.2,27.2,19.8,19.8,19.8,26.8,26.8,26.8,17.5,17.5,17.5,1016.3,1016.3,1016.3,98,98,98,0,0,0,90,90,90,1790141994
23.09 05:44,14.5,14.5,14.5,43.3,43.3,43.3,27.2,27.2,27.2,27.2,27.2,27.2,19.8,19.8,19.8,26.8,26.8,26.8,17.5,17.5,17.5,1016.3,1016.3,1016.3, 0, 0, 0,0,0,0,90,90,90,1790142294
23.09 05:45,15.0,15.0,15.0,43.3,43.3,43.3,27.0,27.0,27.0,27.0,27.0,27.0,19.8,19.8,19.8,26.8,26.8,26.8,17.5,17.5,17.5,1016.3,1016.3,1016.3,98,98,98,0,0,0,90,90,90,1790142354
23.09 05:49,14.0,14.0,14.0,43.3,43.3,43.3,27.0,27.0,27.0,27.0,27.0,27.0,19.8,19.8,19.8,26.8,26.8,26.8,17.5,17.5,17.5,1016.3,1016.3,1016.3,98,98,98,0,0,0,90,90,90,1790142594
23.09 05:52,14.5,14.5,14.5,43.3,43.3,43.3,26.8,26.8,26.8,26.8,26.8,26.8,19.5,19.5,19.5,26.8,26.8,26.8,17.5,17.5,17.5,1016.3,1016.3,1016.3,98,98,98,0,0,0,90,90,90,1790142774
23.09 06:04,14.5,14.5,14.5,43.0,43.0,43.0,26.5,26.5,26.5,26.5,26.5,26.5,19.5,19.5,19.5,26.5,26.5,26.5,17.5,17.5,17.5,1016.4,1016.4,1016.4,98,98,98,0,0,0,90,90,90,1790143494
23.09 06:07,14.0,14.0,14.0,43.0,43.0,43.0,26.2,26.2,26.2,26.2,26.2,26.2,19.5,19.5,19.5,26.5,26.5,26.5,17.5,17.5,17.5,1016.5,1016.5,1016.5,99,99,99,0,0,0,90,90,90,1790143674
23.09 06:10,14.0,14.0,14.0,43.0,43.0,43.0,26.2,26.2,26.2,26.2,26.2,26.2,19.5,19.5,19.5,26.5,26.5,26.5,17.5,17.5,17.5,1016.5,1016.5,1016.5,99,99,99,0,0,0,90,90,90,1790143854
23.09 06:15,14.5,14.5,14.5,43.0,43.0,43.0,26.0,26.0,26.0,26.0,26.0,26.0,19.3,19.3,19.3,26.5,26.5,26.5,17.5,17.5,17.5,1016.6,1016.6,1016.6,99,99,99,0,0,0,90,90,90,1790144154
23.09 06:20,14.5,14.5,14.5,42.7,42.7,42.7,26.0,26.0,26.0,26.0,26.0,26.0,19.3,19.3,19.3,26.5,26.5,26.5,17.5,17.5,17.5,1016.5,1016.5,1016.5,99,99,99,0,0,0,90,90,90,1790144454
23.09 06:24,14.5,14.5,14.5,42.7,42.7,42.7,25.8,25.8,25.8,25.8,25.8,25.8,19.3,19.3,19.3,26.5,26.5,26.5,17.5,17.5,17.5,1016.6,1016.6,1016.6,98,98,98,0,0,0,90,90,90,1790144694
23.09 06:33,14.5,14.5,14.5,42.7,42.7,42.7,25.5,25.5,25.5,25.5,25.5,25.5,19.3,19.3,19.3,26.5,26.5,26.5,17.5,17.5,17.5,1016.6,1016.6,1016.6,98,98,98,0,0,0,90,90,90,1790145234
23.09 06:39,14.0,14.0,14.0,42.5,42.5,42.5,25.3,25.3,25.3,25.5,25.5,25.5,19.3,19.3,19.3,26.5,26.5,26.5,17.5,17.5,17.5,1016.7,1016.7,1016.7,98,98,98,0,0,0,90,90,90,1790145594
23.09 06:42,14.5,14.5,14.5,42.5,42.5,42.5,25.3,25.3,25.3,25.3,25.3,25.3,19.3,19.3,19.3,26.5,26.5,26.5,17.5,17.5,17.5,1016.8,1016.8,1016.8,98,98,98,0,0,0,90,90,90,1790145774
23.09 06:52,14.5,14.5,14.5,42.5,42.5,42.5,25.0,25.0,25.0,25.0,25.0,25.0,19.0,19.0,19.0,26.5,26.5,26.5,17.5,17.5,17.5,1016.7,1016.7,1016.7,98,98,98,0,0,0,90,90,90,1790146374
23.09 07:03,14.5,14.5,14.5,42.2,42.2,42.2,24.7,24.7,24.7,24.7,24.7,24.7,19.0,19.0,19.0,26.5,26.5,26.5,18.0,18.0,18.0,1016.8,1016.8,1016.8,97,97,97,0,0,0,90,90,90,1790147034
23.09 07:18,14.5,14.5,14.5,42.0,42.0,42.0,24.3,24.3,24.3,24.3,24.3,24.3,18.8,18.8,18.8,26.5,26.5,26.5,18.0,18.0,18.0,1016.9,1016.9,1016.9,98,98,98,0,0,0,90,90,90,1790147934
23.09 07:25,15.0,15.0,15.0,42.0,42.0,42.0,24.3,24.3,24.3,24.3,24.3,24.3,18.8,18.8,18.8,26.5,26.5,26.5,18.0,18.0,18.0,1016.8,1016.8,1016.8,97,97,97,0,0,0,90,90,90,1790148354
23.09 07:27,14.5,14.5,14.5,42.0,42.0,42.0,24.0,24.0,24.0,24.0,24.0,24.0,18.8,18.8,18.8,26.5,26.5,26.5,18.0,18.0,18.0,1016.9,1016.9,1016.9,97,97,97,0,0,0,90,90,90,1790148474
23.09 07:28,14.5,14.5,14.5,42.0,42.0,42.0,24.0,24.0,24.0,24.0,24.0,24.0,18.8,18.8,18.8,26.5,26.5,26.5,18.0,18.0,18.0,1016.8,1016.8,1016.8,97,97,97,0,0,0,90,90,90,1790148534
23.09 07:31,14.5,14.5,14.5,42.0,42.0,42.0,24.0,24.0,24.0,24.0,24.0,24.0,18.8,18.8,18.8,26.5,26.5,26.5,18.0,18.0,18.0,1016.8,1016.8,1016.8, 0, 0, 0,0,0,0,90,90,90,1790148714
23.09 07:32,14.5,14.5,14.5,42.0,42.0,42.0,24.0,24.0,24.0,24.0,24.0,24.0,18.8,18.8,18.8,26.8,26.8,26.8,17.5,17.5,17.5,1016.8,1016.8,1016.8,97,97,97,0,0,0,90,90,90,1790148774
23.09 07:38,15.5,15.5,15.5,41.7,41.7,41.7,23.7,23.7,23.7,23.7,23.7,23.7,18.8,18.8,18.8,26.8,26.8,26.8,18.0,18.0,18.0,1016.8,1016.8,1016.8,97,97,97,0,0,0,90,90,90,1790149134
23.09 07:50,15.5,15.5,15.5,41.7,41.7,41.7,23.5,23.5,23.5,23.5,23.5,23.5,18.8,18.8,18.8,27.5,27.5,27.5,17.5,17.5,17.5,1016.9,1016.9,1016.9,95,95,95,0,0,0,90,90,90,1790149855
23.09 07:54,15.5,15.5,15.5,41.7,41.7,41.7,23.5,23.5,23.5,23.5,23.5,23.5,18.8,18.8,18.8,27.8,27.8,27.8,17.5,17.5,17.5,1016.9,1016.9,1016.9,94,94,94,0,0,0,90,90,90,1790150095
23.09 07:56,15.5,15.5,15.5,41.7,41.7,41.7,23.5,23.5,23.5,23.5,23.5,23.5,18.8,18.8,18.8,27.8,27.8,27.8,17.5,17.5,17.5,1017.0,1017.0,1017.0,95,95,95,0,0,0,90,90,90,1790150215
23.09 07:59,15.0,15.0,15.0,41.5,41.5,41.5,23.5,23.5,23.5,23.5,23.5,23.5,18.8,18.8,18.8,27.8,27.8,27.8,17.5,17.5,17.5,1017.1,1017.1,1017.1,94,94,94,0,0,0,90,90,90,1790150395
23.09 08:06,15.0,15.0,15.0,41.5,41.5,41.5,23.3,23.3,23.3,23.3,23.3,23.3,18.5,18.5,18.5,27.5,27.5,27.5,17.5,17.5,17.5,1017.0,1017.0,1017.0,95,95,95,0,0,0,90,90,90,1790150815
23.09 08:11,15.0,15.0,15.0,41.5,41.5,41.5,23.0,23.0,23.0,23.0,23.0,23.0,18.5,18.5,18.5,27.5,27.5,27.5,17.5,17.5,17.5,1017.1,1017.1,1017.1,95,95,95,0,0,0,90,90,90,1790151115
23.09 08:12,15.0,15.0,15.0,41.5,41.5,41.5,23.0,23.0,23.0,23.0,23.0,23.0,18.5,18.5,18.5,27.5,27.5,27.5,17.5,17.5,17.5,1017.0,1017.0,1017.0, 0, 0, 0,0,0,0,90,90,90,1790151175
23.09 08:13,15.0,15.0,15.0,41.5,41.5,41.5,23.0,23.0,23.0,23.0,23.0,23.0,18.5,18.5,18.5,27.5,27.5,27.5,17.5,17.5,17.5,1017.1,1017.1,1017.1,95,95,95,0,0,0,90,90,90,1790151235
23.09 08:22,15.0,15.0,15.0,41.2,41.2,41.2,23.0,23.0,23.0,23.0,23.0,23.0,18.5,18.5,18.5,27.2,27.2,27.2,17.5,17.5,17.5,1017.1,1017.1,1017.1,95,95,95,0,0,0,90,90,90,1790151775
23.09 08:25,15.5,15.5,15.5,41.2,41.2,41.2,22.8,22.8,22.8,22.8,22.8,22.8,18.5,18.5,18.5,27.2,27.2,27.2,17.5,17.5,17.5,1017.2,1017.2,1017.2,96,96,96,0,0,0,90,90,90,1790151955
23.09 08:39,15.5,15.5,15.5,41.0,41.0,41.0,22.5,22.5,22.5,22.5,22.5,22.5,18.5,18.5,18.5,27.2,27.2,27.2,17.5,17.5,17.5,1017.3,1017.3,1017.3,95,95,95,0,0,0,90,90,90,1790152795
23.09 08:44,15.0,15.0,15.0,41.0,41.0,41.0,22.5,22.5,22.5,22.5,22.5,22.5,18.5,18.5,18.5,27.2,27.2,27.2,17.5,17.5,17.5,1017.3,1017.3,1017.3,96,96,96,0,0,0,90,90,90,1790153095
23.09 08:48,15.0,15.0,15.0,41.0,41.0,41.0,22.5,22.5,22.5,22.5,22.5,22.5,18.5,18.5,18.5,27.0,27.0,27.0,17.5,17.5,17.5,1017.2,1017.2,1017.2,96,96,96,0,0,0,90,90,90,1790153335
23.09 08:56,15.5,15.5,15.5,40.8,40.8,40.8,22.5,22.5,22.5,22.5,22.5,22.5,19.8,19.8,19.8,27.0,27.0,27.0,17.5,17.5,17.5,1017.3,1017.3,1017.3,95,95,95,0,0,0,90,90,90,1790153815
23.09 08:58,15.5,15.5,15.5,41.0,41.0,41.0,22.5,22.5,22.5,22.5,22.5,22.5,21.2,21.2,21.2,27.0,27.0,27.0,17.5,17.5,17.5,1017.3,1017.3,1017.3,95,95,95,0,0,0,90,90,90,1790153935
23.09 09:01,15.5,15.5,15.5,41.0,41.0,41.0,23.0,23.0,23.0,23.0,23.0,23.0,22.5,22.5,22.5,27.0,27.0,27.0,17.5,17.5,17.5,1017.3,1017.3,1017.3,95,95,95,0,0,0,90,90,90,1790154115
23.09 09:10,15.5,15.5,15.5,41.2,41.2,41.2,23.0,23.0,23.0,23.0,23.0,23.0,21.5,21.5,21.5,27.2,27.2,27.2,17.5,17.5,17.5,1017.3,1017.3,1017.3,94,94,94,0,0,0,90,90,90,1790154655
23.09 09:19,16.5,16.5,16.5,41.2,41.2,41.2,22.5,22.5,22.5,22.5,22.5,22.5,20.8,20.8,20.8,28.0,28.0,28.0,17.5,17.5,17.5,1017.3,1017.3,1017.3,93,93,93,0,0,0,90,90,90,1790155195
23.09 09:22,16.0,16.0,16.0,41.2,41.2,41.2,22.5,22.5,22.5,22.5,22.5,22.5,20.5,20.5,20.5,28.0,28.0,28.0,17.5,17.5,17.5,1017.3,1017.3,1017.3,93,93,93,0,0,0,90,90,90,1790155375
23.09 09:28,16.0,16.0,16.0,41.2,41.2,41.2,22.2,22.2,22.2,22.2,22.2,22.2,20.3,20.3,20.3,28.0,28.0,28.0,17.5,17.5,17.5,1017.3,1017.3,1017.3,93,93,93,0,0,0,90,90,90,1790155735
23.09 09:34,16.0,16.0,16.0,41.2,41.2,41.2,22.2,22.2,22.2,22.2,22.2,22.2,20.0,20.0,20.0,28.0,28.0,28.0,17.5,17.5,17.5,1017.4,1017.4,1017.4,93,93,93,0,0,0,90,90,90,1790156095
23.09 09:40,16.5,16.5,16.5,41.0,41.0,41.0,22.0,22.0,22.0,22.0,22.0,22.0,20.0,20.0,20.0,28.0,28.0,28.0,17.5,17.5,17.5,1017.5,1017.5,1017.5,92,92,92,0,0,0,90,90,90,1790156455
23.09 09:53,16.0,16.0,16.0,40.8,40.8,40.8,21.8,21.8,21.8,21.8,21.8,21.8,19.5,19.5,19.5,28.0,28.0,28.0,17.5,17.5,17.5,1017.5,1017.5,1017.5,91,91,91,0,0,0,90,90,90,1790157235
23.09 09:58,16.0,16.0,16.0,40.5,40.5,40.5,21.8,21.8,21.8,21.8,21.8,21.8,19.5,19.5,19.5,28.0,28.0,28.0,17.5,17.5,17.5,1017.5,1017.5,1017.5,91,91,91,0,0,0,90,90,90,1790157535
23.09 10:02,17.0,17.0,17.0,40.5,40.5,40.5,21.8,21.8,21.8,21.8,21.8,21.8,19.3,19.3,19.3,28.3,28.3,28.3,17.5,17.5,17.5,1017.5,1017.5,1017.5,92,92,92,0,0,0,90,90,90,1790157775
23.09 10:12,16.5,16.5,16.5,40.2,40.2,40.2,21.5,21.5,21.5,21.5,21.5,21.5,19.0,19.0,19.0,28.7,28.7,28.7,17.5,17.5,17.5,1017.5,1017.5,1017.5, 0, 0, 0,0,0,0,90,90,90,1790158375
23.09 10:13,16.5,16.5,16.5,40.2,40.2,40.2,21.5,21.5,21.5,21.5,21.5,21.5,19.0,19.0,19.0,28.7,28.7,28.7,17.5,17.5,17.5,1017.5,1017.5,1017.5,89,89,89,0,0,0,90,90,90,1790158435
23.09 10:19,16.5,16.5,16.5,40.0,40.0,40.0,21.5,21.5,21.5,21.5,21.5,21.5,19.0,19.0,19.0,29.8,29.8,29.8,17.5,17.5,17.5,1017.5,1017.5,1017.5,87,87,87,0,0,0,90,90,90,1790158796
23.09 10:28,17.0,17.0,17.0,39.7,39.7,39.7,21.5,21.5,21.5,21.5,21.5,21.5,18.8,18.8,18.8,29.8,29.8,29.8,17.5,17.5,17.5,1017.4,1017.4,1017.4,88,88,88,0,0,0,90,90,90,1790159336
23.09 10:32,17.0,17.0,17.0,39.7,39.7,39.7,21.5,21.5,21.5,21.5,21.5,21.5,18.8,18.8,18.8,30.0,30.0,30.0,17.5,17.5,17.5,1017.4,1017.4,1017.4,86,86,86,0,0,0,90,90,90,1790159576
23.09 10:53,16.5,16.5,16.5,39.2,39.2,39.2,21.2,21.2,21.2,21.2,21.2,21.2,18.8,18.8,18.8,30.8,30.8,30.8,17.5,17.5,17.5,1017.4,1017.4,1017.4,87,87,87,0,0,0,90,90,90,1790160836
23.09 11:00,16.0,16.0,16.0,39.2,39.2,39.2,21.0,21.0,21.0,21.2,21.2,21.2,18.8,18.8,18.8,31.0,31.0,31.0,17.5,17.5,17.5,1017.4,1017.4,1017.4,86,86,86,0,0,0,90,90,90,1790161256
23.09 11:03,17.0,17.0,17.0,39.2,39.2,39.2,21.0,21.0,21.0,21.0,21.0,21.0,18.8,18.8,18.8,31.2,31.2,31.2,17.5,17.5,17.5,1017.4,1017.4,1017.4,88,88,88,0,0,0,90,90,90,1790161436
23.09 11:08,17.5,17.5,17.5,39.0,39.0,39.0,21.0,21.0,21.0,21.0,21.0,21.0,18.8,18.8,18.8,32.0,32.0,32.0,17.5,17.5,17.5,1017.5,1017.5,1017.5,88,88,88,0,0,0,90,90,90,1790161736
23.09 11:28,17.5,17.5,17.5,38.7,38.7,38.7,21.0,21.0,21.0,21.0,21.0,21.0,18.5,18.5,18.5,33.0,33.0,33.0,17.5,17.5,17.5,1017.4,1017.4,1017.4,84,84,84,0,0,0,90,90,90,1790162936
23.09 11:42,17.0,17.0,17.0,38.5,38.5,38.5,20.8,20.8,20.8,20.8,20.8,20.8,18.5,18.5,18.5,33.7,33.7,33.7,17.5,17.5,17.5,1017.5,1017.5,1017.5,84,84,84,0,0,0,90,90,90,1790163776
23.09 11:50,17.5,17.5,17.5,38.2,38.2,38.2,20.8,20.8,20.8,20.8,20.8,20.8,18.5,18.5,18.5,34.0,34.0,34.0,17.5,17.5,17.5,1017.4,1017.4,1017.4, 0, 0, 0,0,0,0,90,90,90,1790164256
23.09 11:51,18.0,18.0,18.0,38.2,38.2,38.2,20.8,20.8,20.8,20.8,20.8,20.8,18.5,18.5,18.5,34.0,34.0,34.0,17.5,17.5,17.5,1017.4,1017.4,1017.4,84,84,84,0,0,0,90,90,90,1790164316
23.09 11:59,17.0,17.0,17.0,38.2,38.2,38.2,20.8,20.8,20.8,20.8,20.8,20.8,18.5,18.5,18.5,34.2,34.2,34.2,17.5,17.5,17.5,1017.4,1017.4,1017.4,83,83,83,0,0,0,90,90,90,1790164796
23.09 12:02,18.0,18.0,18.0,38.2,38.2,38.2,20.8,20.8,20.8,20.5,20.5,20.5,18.5,18.5,18.5,34.2,34.2,34.2,17.5,17.5,17.5,1017.4,1017.4,1017.4,84,84,84,0,0,0,90,90,90,1790164976
23.09 12:03,18.0,18.0,18.0,38.2,38.2,38.2,20.8,20.8,20.8,20.8,20.8,20.8,18.5,18.5,18.5,34.2,34.2,34.2,17.5,17.5,17.5,1017.4,1017.4,1017.4,83,83,83,0,0,0,90,90,90,1790165036
23.09 12:12,18.5,18.5,18.5,38.0,38.0,38.0,20.8,20.8,20.8,20.8,20.8,20.8,18.5,18.5,18.5,35.2,35.2,35.2,17.5,17.5,17.5,1017.4,1017.4,1017.4,82,82,82,0,0,0,90,90,90,1790165576
23.09 12:15,18.5,18.5,18.5,38.0,38.0,38.0,20.8,20.8,20.8,20.8,20.8,20.8,18.5,18.5,18.5,35.7,35.7,35.7,17.5,17.5,17.5,1017.4,1017.4,1017.4,81,81,81,0,0,0,90,90,90,1790165756
23.09 12:20,18.5,18.5,18.5,38.0,38.0,38.0,20.5,20.5,20.5,20.5,20.5,20.5,18.5,18.5,18.5,36.2,36.2,36.2,17.5,17.5,17.5,1017.3,1017.3,1017.3,82,82,82,0,0,0,90,90,90,1790166056
23.09 12:21,18.5,18.5,18.5,38.0,38.0,38.0,20.5,20.5,20.5,20.5,20.5,20.5,18.5,18.5,18.5,36.5,36.5,36.5,17.5,17.5,17.5,1017.4,1017.4,1017.4,83,83,83,0,0,0,90,90,90,1790166116
23.09 12:26,17.5,17.5,17.5,37.7,37.7,37.7,20.5,20.5,20.5,20.5,20.5,20.5,18.5,18.5,18.5,37.0,37.0,37.0,17.5,17.5,17.5,1017.4,1017.4,1017.4,81,81,81,0,0,0,90,90,90,1790166416
23.09 12:33,17.5,17.5,17.5,37.7,37.7,37.7,20.5,20.5,20.5,20.5,20.5,20.5,18.5,18.5,18.5,36.7,36.7,36.7,17.5,17.5,17.5,1017.4,1017.4,1017.4,82,82,82,0,0,0,90,90,90,1790166836
23.09 12:35,17.5,17.5,17.5,37.7,37.7,37.7,20.5,20.5,20.5,20.5,20.5,20.5,18.5,18.5,18.5,36.5,36.5,36.5,17.5,17.5,17.5,1017.4,1017.4,1017.4,83,83,83,0,0,0,90,90,90,1790166956
23.09 12:37,18.5,18.5,18.5,37.7,37.7,37.7,20.5,20.5,20.5,20.5,20.5,20.5,18.5,18.5,18.5,36.5,36.5,36.5,17.5,17.5,17.5,1017.4,1017.4,1017.4,84,84,84,0,0,0,90,90,90,1790167076
23.09 12:43,18.0,18.0,18.0,37.5,37.5,37.5,20.5,20.5,20.5,20.5,20.5,20.5,18.5,18.5,18.5,37.0,37.0,37.0,17.5,17.5,17.5,1017.4,1017.4,1017.4,82,82,82,0,0,0,90,90,90,1790167436
23.09 12:47,18.0,18.0,18.0,37.5,37.5,37.5,20.5,20.5,20.5,20.5,20.5,20.5,18.5,18.5,18.5,37.5,37.5,37.5,17.5,17.5,17.5,1017.3,1017.3,1017.3, 0, 0, 0,0,0,0,90,90,90,1790167676
23.09 12:48,18.0,18.0,18.0,37.5,37.5,37.5,20.5,20.5,20.5,20.5,20.5,20.5,18.5,18.5,18.5,37.5,37.5,37.5,17.5,17.5,17.5,1017.2,1017.2,1017.2,81,81,81,0,0,0,90,90,90,1790167736
23.09 12:55,18.5,18.5,18.5,37.2,37.2,37.2,20.5,20.5,20.5,20.5,20.5,20.5,18.5,18.5,18.5,38.2,38.2,38.2,17.5,17.5,17.5,1017.3,1017.3,1017.3,81,81,81,0,0,0,90,90,90,1790168156
23.09 12:57,18.0,18.0,18.0,37.2,37.2,37.2,20.5,20.5,20.5,20.5,20.5,20.5,18.5,18.5,18.5,38.2,38.2,38.2,17.5,17.5,17.5,1017.2,1017.2,1017.2,80,80,80,0,0,0,90,90,90,1790168276
23.09 13:04,17.0,17.0,17.0,37.2,37.2,37.2,20.5,20.5,20.5,20.5,20.5,20.5,18.5,18.5,18.5,38.5,38.5,38.5,17.5,17.5,17.5,1017.2,1017.2,1017.2,81,81,81,0,0,0,90,90,90,1790168696
23.09 13:08,18.0,18.0,18.0,37.2,37.2,37.2,20.5,20.5,20.5,20.5,20.5,20.5,18.5,18.5,18.5,38.0,38.0,38.0,17.5,17.5,17.5,1017.2,1017.2,1017.2,82,82,82,0,0,0,90,90,90,1790168936
23.09 13:12,18.0,18.0,18.0,37.0,37.0,37.0,20.5,20.5,20.5,20.5,20.5,20.5,18.5,18.5,18.5,38.0,38.0,38.0,17.5,17.5,17.5,1017.1,1017.1,1017.1,82,82,82,0,0,0,90,90,90,1790169176
23.09 13:13,18.0,18.0,18.0,37.0,37.0,37.0,20.5,20.5,20.5,20.5,20.5,20.5,18.5,18.5,18.5,38.2,38.2,38.2,17.5,17.5,17.5,1017.1,1017.1,1017.1,81,81,81,0,0,0,90,90,90,1790169236
23.09 13:14,18.0,18.0,18.0,37.0,37.0,37.0,20.5,20.5,20.5,20.5,20.5,20.5,18.5,18.5,18.5,38.2,38.2,38.2,17.5,17.5,17.5,1017.1,1017.1,1017.1,80,80,80,0,0,0,90,90,90,1790169296
23.09 13:17,18.5,18.5,18.5,37.0,37.0,37.0,20.5,20.5,20.5,20.5,20.5,20.5,18.5,18.5,18.5,38.5,38.5,38.5,17.5,17.5,17.5,1017.1,1017.1,1017.1,81,81,81,0,0,0,90,90,90,1790169476
23.09 13:21,19.0,19.0,19.0,37.0,37.0,37.0,20.5,20.5,20.5,20.5,20.5,20.5,18.5,18.5,18.5,39.0,39.0,39.0,17.5,17.5,17.5,1017.0,1017.0,1017.0,79,79,79,0,0,0,90,90,90,1790169717
23.09 13:23,18.5,18.5,18.5,36.7,36.7,36.7,20.5,20.5,20.5,20.5,20.5,20.5,18.5,18.5,18.5,39.2,39.2,39.2,17.5,17.5,17.5,1017.1,1017.1,1017.1,79,79,79,0,0,0,90,90,90,1790169837
23.09 13:24,18.0,18.0,18.0,36.7,36.7,36.7,20.5,20.5,20.5,20.5,20.5,20.5,18.5,18.5,18.5,39.2,39.2,39.2,17.5,17.5,17.5,1017.0,1017.0,1017.0,78,78,78,0,0,0,90,90,90,1790169897
23.09 13:28,18.0,18.0,18.0,36.7,36.7,36.7,20.5,20.5,20.5,20.5,20.5,20.5,18.5,18.5,18.5,39.7,39.7,39.7,17.5,17.5,17.5,1017.0,1017.0,1017.0,79,79,79,0,0,0,90,90,90,1790170137
23.09 13:33,18.0,18.0,18.0,36.7,36.7,36.7,20.5,20.5,20.5,20.5,20.5,20.5,18.5,18.5,18.5,40.0,40.0,40.0,17.5,17.5,17.5,1016.9,1016.9,1016.9,79,79,79,0,0,0,90,90,90,1790170437
23.09 13:43,17.5,17.5,17.5,36.5,36.5,36.5,20.5,20.5,20.5,20.5,20.5,20.5,18.5,18.5,18.5,40.5,40.5,40.5,17.5,17.5,17.5,1016.8,1016.8,1016.8,80,80,80,0,0,0,90,90,90,1790171037
23.09 13:45,18.0,18.0,18.0,36.5,36.5,36.5,20.5,20.5,20.5,20.5,20.5,20.5,18.5,18.5,18.5,40.2,40.2,40.2,17.5,17.5,17.5,1016.8,1016.8,1016.8,81,81,81,0,0,0,90,90,90,1790171157
23.09 13:55,18.0,18.0,18.0,36.2,36.2,36.2,20.8,20.8,20.8,20.8,20.8,20.8,18.5,18.5,18.5,40.8,40.8,40.8,17.5,17.5,17.5,1016.8,1016.8,1016.8,77,77,77,0,0,0,90,90,90,1790171757
23.09 14:01,17.0,17.0,17.0,36.2,36.2,36.2,20.8,20.8,20.8,20.8,20.8,20.8,18.5,18.5,18.5,41.2,41.2,41.2,17.5,17.5,17.5,1016.8,1016.8,1016.8,79,79,79,0,0,0,90,90,90,1790172117
23.09 14:04,18.0,18.0,18.0,36.0,36.0,36.0,20.8,20.8,20.8,20.8,20.8,20.8,18.5,18.5,18.5,41.0,41.0,41.0,17.5,17.5,17.5,1016.7,1016.7,1016.7,81,81,81,0,0,0,90,90,90,1790172297
23.09 14:06,18.0,18.0,18.0,36.0,36.0,36.0,20.5,20.5,20.5,20.5,20.5,20.5,18.5,18.5,18.5,41.2,41.2,41.2,17.5,17.5,17.5,1016.7,1016.7,1016.7,80,80,80,0,0,0,90,90,90,1790172417
23.09 14:11,18.5,18.5,18.5,35.7,35.7,35.7,20.8,20.8,20.8,20.8,20.8,20.8,18.5,18.5,18.5,41.5,41.5,41.5,17.5,17.5,17.5,1016.6,1016.6,1016.6,78,78,78,0,0,0,90,90,90,1790172717
23.09 14:15,18.5,18.5,18.5,35.7,35.7,35.7,20.5,20.5,20.5,20.5,20.5,20.5,18.5,18.5,18.5,41.7,41.7,41.7,17.5,17.5,17.5,1016.6,1016.6,1016.6,78,78,78,0,0,0,90,90,90,1790172957
23.09 14:18,18.5,18.5,18.5,35.7,35.7,35.7,20.5,20.5,20.5,20.5,20.5,20.5,18.5,18.5,18.5,42.0,42.0,42.0,17.5,17.5,17.5,1016.5,1016.5,1016.5,78,78,78,0,0,0,90,90,90,1790173137
23.09 14:22,18.5,18.5,18.5,35.5,35.5,35.5,20.5,20.5,20.5,20.5,20.5,20.5,18.5,18.5,18.5,42.5,42.5,42.5,17.5,17.5,17.5,1016.5,1016.5,1016.5,78,78,78,0,0,0,90,90,90,1790173377
23.09 14:26,19.0,19.0,19.0,35.5,35.5,35.5,20.5,20.5,20.5,20.5,20.5,20.5,18.5,18.5,18.5,42.7,42.7,42.7,17.5,17.5,17.5,1016.4,1016.4,1016.4,78,78,78,0,0,0,90,90,90,1790173617
23.09 14:29,18.5,18.5,18.5,35.2,35.2,35.2,20.5,20.5,20.5,20.5,20.5,20.5,18.3,18.3,18.3,43.0,43.0,43.0,17.5,17.5,17.5,1016.4,1016.4,1016.4,78,78,78,0,0,0,90,90,90,1790173797
23.09 14:32,17.5,17.5,17.5,35.2,35.2,35.2,20.5,20.5,20.5,20.5,20.5,20.5,18.3,18.3,18.3,43.0,43.0,43.0,17.5,17.5,17.5,1016.4,1016.4,1016.4,77,77,77,0,0,0,90,90,90,1790173977
23.09 14:38,18.5,18.5,18.5,35.0,35.0,35.0,20.5,20.5,20.5,20.5,20.5,20.5,18.3,18.3,18.3,43.3,43.3,43.3,17.5,17.5,17.5,1016.4,1016.4,1016.4,79,79,79,0,0,0,90,90,90,1790174337
23.09 14:49,18.5,18.5,18.5,34.5,34.5,34.5,20.3,20.3,20.3,20.5,20.5,20.5,18.3,18.3,18.3,43.7,43.7,43.7,17.5,17.5,17.5,1016.4,1016.4,1016.4,77,77,77,0,0,0,90,90,90,1790174997
23.09 14:53,18.5,18.5,18.5,34.2,34.2,34.2,20.3,20.3,20.3,20.3,20.3,20.3,18.3,18.3,18.3,44.2,44.2,44.2,17.5,17.5,17.5,1016.3,1016.3,1016.3,78,78,78,0,0,0,90,90,90,1790175237
23.09 15:01,18.5,18.5,18.5,33.7,33.7,33.7,20.3,20.3,20.3,20.3,20.3,20.3,18.3,18.3,18.3,44.7,44.7,44.7,17.5,17.5,17.5,1016.3,1016.3,1016.3,77,77,77,0,0,0,90,90,90,1790175717
23.09 15:08,19.0,19.0,19.0,33.2,33.2,33.2,20.3,20.3,20.3,20.3,20.3,20.3,18.3,18.3,18.3,45.2,45.2,45.2,17.5,17.5,17.5,1016.2,1016.2,1016.2,78,78,78,0,0,0,90,90,90,1790176137
23.09 15:17,18.5,18.5,18.5,32.7,32.7,32.7,20.3,20.3,20.3,20.3,20.3,20.3,18.3,18.3,18.3,45.5,45.5,45.5,17.5,17.5,17.5,1016.3,1016.3,1016.3,77,77,77,0,0,0,90,90,90,1790176677
23.09 15:27,18.5,18.5,18.5,32.0,32.0,32.0,20.3,20.3,20.3,20.3,20.3,20.3,18.3,18.3,18.3,45.0,45.0,45.0,17.5,17.5,17.5,1016.3,1016.3,1016.3,78,78,78,0,0,0,90,90,90,1790177277
23.09 15:32,19.5,19.5,19.5,31.8,31.8,31.8,20.3,20.3,20.3,20.3,20.3,20.3,18.3,18.3,18.3,44.7,44.7,44.7,17.5,17.5,17.5,1016.3,1016.3,1016.3,79,79,79,0,0,0,90,90,90,1790177577
23.09 15:39,18.5,18.5,18.5,31.5,31.5,31.5,20.3,20.3,20.3,20.3,20.3,20.3,18.3,18.3,18.3,44.5,44.5,44.5,17.5,17.5,17.5,1016.3,1016.3,1016.3,77,77,77,0,0,0,90,90,90,1790177997
23.09 15:46,18.0,18.0,18.0,31.2,31.2,31.2,20.3,20.3,20.3,20.3,20.3,20.3,18.0,18.0,18.0,44.7,44.7,44.7,17.5,17.5,17.5,1016.4,1016.4,1016.4,78,78,78,0,0,0,90,90,90,1790178417
23.09 15:52,19.0,19.0,19.0,31.0,31.0,31.0,20.0,20.0,20.0,20.0,20.0,20.0,18.0,18.0,18.0,44.7,44.7,44.7,17.5,17.5,17.5,1016.4,1016.4,1016.4,80,80,80,0,0,0,90,90,90,1790178777
23.09 15:59,19.5,19.5,19.5,30.8,30.8,30.8,20.0,20.0,20.0,20.0,20.0,20.0,18.0,18.0,18.0,45.0,45.0,45.0,17.5,17.5,17.5,1016.4,1016.4,1016.4,79,79,79,0,0,0,90,90,90,1790179197
23.09 16:03,18.5,18.5,18.5,30.8,30.8,30.8,20.0,20.0,20.0,20.0,20.0,20.0,18.0,18.0,18.0,45.2,45.2,45.2,17.5,17.5,17.5,1016.3,1016.3,1016.3,77,77,77,0,0,0,90,90,90,1790179437
23.09 16:06,19.0,19.0,19.0,30.5,30.5,30.5,20.0,20.0,20.0,20.0,20.0,20.0,18.0,18.0,18.0,45.2,45.2,45.2,17.5,17.5,17.5,1016.3,1016.3,1016.3,77,77,77,0,0,0,90,90,90,1790179617
23.09 16:09,18.0,18.0,18.0,30.5,30.5,30.5,20.0,20.0,20.0,20.0,20.0,20.0,18.0,18.0,18.0,45.2,45.2,45.2,17.5,17.5,17.5,1016.3,1016.3,1016.3,77,77,77,0,0,0,90,90,90,1790179797
23.09 16:10,18.0,18.0,18.0,30.5,30.5,30.5,20.0,20.0,20.0,20.0,20.0,20.0,18.0,18.0,18.0,45.2,45.2,45.2,17.5,17.5,17.5,1016.2,1016.2,1016.2,77,77,77,0,0,0,90,90,90,1790179857
23.09 16:15,18.5,18.5,18.5,30.3,30.3,30.3,20.0,20.0,20.0,20.0,20.0,20.0,18.0,18.0,18.0,45.2,45.2,45.2,17.5,17.5,17.5,1016.3,1016.3,1016.3, 0, 0, 0,0,0,0,90,90,90,1790180158
23.09 16:16,18.5,18.5,18.5,30.3,30.3,30.3,20.0,20.0,20.0,20.0,20.0,20.0,18.0,18.0,18.0,45.2,45.2,45.2,17.5,17.5,17.5,1016.3,1016.3,1016.3,79,79,79,0,0,0,90,90,90,1790180218
23.09 16:29,18.5,18.5,18.5,29.8,29.8,29.8,20.0,20.0,20.0,20.0,20.0,20.0,18.0,18.0,18.0,45.0,45.0,45.0,17.5,17.5,17.5,1016.2,1016.2,1016.2,79,79,79,0,0,0,90,90,90,1790180998
23.09 16:40,19.0,19.0,19.0,29.3,29.3,29.3,19.8,19.8,19.8,19.8,19.8,19.8,18.0,18.0,18.0,45.2,45.2,45.2,17.5,17.5,17.5,1016.3,1016.3,1016.3,78,78,78,0,0,0,90,90,90,1790181658
23.09 16:44,18.0,18.0,18.0,29.0,29.0,29.0,19.8,19.8,19.8,19.8,19.8,19.8,18.0,18.0,18.0,45.2,45.2,45.2,17.5,17.5,17.5,1016.3,1016.3,1016.3,78,78,78,0,0,0,90,90,90,1790181898
23.09 16:45,18.0,18.0,18.0,29.0,29.0,29.0,19.8,19.8,19.8,19.8,19.8,19.8,18.0,18.0,18.0,45.2,45.2,45.2,17.5,17.5,17.5,1016.4,1016.4,1016.4,78,78,78,0,0,0,90,90,90,1790181958
23.09 16:47,16.5,16.5,16.5,28.7,28.7,28.7,19.8,19.8,19.8,19.8,19.8,19.8,18.0,18.0,18.0,45.2,45.2,45.2,17.5,17.5,17.5,1016.4,1016.4,1016.4,80,80,80,0,0,0,90,90,90,1790182078
23.09 16:49,16.5,16.5,16.5,28.7,28.7,28.7,19.8,19.8,19.8,19.8,19.8,19.8,18.0,18.0,18.0,45.0,45.0,45.0,17.5,17.5,17.5,1016.5,1016.5,1016.5,82,82,82,0,0,0,90,90,90,1790182198
23.09 16:50,16.5,16.5,16.5,28.7,28.7,28.7,19.8,19.8,19.8,19.8,19.8,19.8,18.0,18.0,18.0,45.0,45.0,45.0,17.5,17.5,17.5,1016.6,1016.6,1016.6,84,84,84,0,0,0,90,90,90,1790182258
23.09 17:03,16.0,16.0,16.0,28.0,28.0,28.0,19.8,19.8,19.8,19.8,19.8,19.8,17.8,17.8,17.8,44.0,44.0,44.0,17.5,17.5,17.5,1016.6,1016.6,1016.6,83,83,83,0,0,0,90,90,90,1790183038
23.09 17:10,16.5,16.5,16.5,27.0,27.0,27.0,19.5,19.5,19.5,19.5,19.5,19.5,17.8,17.8,17.8,44.0,44.0,44.0,17.5,17.5,17.5,1016.6,1016.6,1016.6,84,84,84,0,0,0,90,90,90,1790183458
23.09 17:13,16.0,16.0,16.0,25.8,25.8,25.8,19.5,19.5,19.5,19.5,19.5,19.5,18.0,18.0,18.0,43.7,43.7,43.7,17.5,17.5,17.5,1016.6,1016.6,1016.6,84,84,84,0,0,0,90,90,90,1790183638
23.09 17:18,16.0,16.0,16.0,24.7,24.7,24.7,19.5,19.5,19.5,19.5,19.5,19.5,18.3,18.3,18.3,43.5,43.5,43.5,17.5,17.5,17.5,1016.5,1016.5,1016.5,84,84,84,0,0,0,90,90,90,1790183938
23.09 17:23,16.0,16.0,16.0,23.7,23.7,23.7,19.5,19.5,19.5,19.5,19.5,19.5,18.5,18.5,18.5,43.3,43.3,43.3,17.5,17.5,17.5,1016.6,1016.6,1016.6,85,85,85,0,0,0,90,90,90,1790184238
23.09 17:31,16.0,16.0,16.0,22.8,22.8,22.8,19.5,19.5,19.5,19.5,19.5,19.5,18.5,18.5,18.5,43.0,43.0,43.0,17.5,17.5,17.5,1016.6,1016.6,1016.6,86,86,86,0,0,0,90,90,90,1790184718
23.09 17:43,16.0,16.0,16.0,21.8,21.8,21.8,19.3,19.3,19.3,19.3,19.3,19.3,18.3,18.3,18.3,42.7,42.7,42.7,17.5,17.5,17.5,1016.6,1016.6,1016.6,87,87,87,0,0,0,90,90,90,1790185438
23.09 17:58,16.5,16.5,16.5,20.8,20.8,20.8,19.3,19.3,19.3,19.3,19.3,19.3,18.0,18.0,18.0,43.0,43.0,43.0,17.5,17.5,17.5,1016.6,1016.6,1016.6,88,88,88,0,0,0,90,90,90,1790186338
23.09 18:09,17.0,17.0,17.0,20.3,20.3,20.3,19.0,19.0,19.0,19.0,19.0,19.0,17.8,17.8,17.8,43.0,43.0,43.0,17.5,17.5,17.5,1016.7,1016.7,1016.7,88,88,88,0,0,0,90,90,90,1790186998
23.09 18:14,17.0,17.0,17.0,20.3,20.3,20.3,19.3,19.3,19.3,19.3,19.3,19.3,17.8,17.8,17.8,43.0,43.0,43.0,17.5,17.5,17.5,1016.8,1016.8,1016.8,89,89,89,0,0,0,90,90,90,1790187298
23.09 18:29,16.5,16.5,16.5,19.8,19.8,19.8,20.8,20.8,20.8,20.5,20.5,20.5,17.8,17.8,17.8,42.7,42.7,42.7,17.5,17.5,17.5,1016.8,1016.8,1016.8,89,89,89,0,0,0,90,90,90,1790188198
23.09 18:30,16.5,16.5,16.5,19.8,19.8,19.8,21.8,21.8,21.8,21.8,21.8,21.8,17.8,17.8,17.8,42.7,42.7,42.7,17.5,17.5,17.5,1016.8,1016.8,1016.8,89,89,89,0,0,0,90,90,90,1790188258
23.09 18:31,16.5,16.5,16.5,19.8,19.8,19.8,23.3,23.3,23.3,23.3,23.3,23.3,17.8,17.8,17.8,42.5,42.5,42.5,17.5,17.5,17.5,1016.8,1016.8,1016.8,89,89,89,0,0,0,90,90,90,1790188318
23.09 18:32,16.5,16.5,16.5,19.8,19.8,19.8,25.5,25.5,25.5,25.5,25.5,25.5,17.8,17.8,17.8,42.5,42.5,42.5,17.5,17.5,17.5,1016.8,1016.8,1016.8,89,89,89,0,0,0,90,90,90,1790188378
23.09 18:33,16.5,16.5,16.5,19.8,19.8,19.8,27.8,27.8,27.8,27.8,27.8,27.8,18.0,18.0,18.0,42.5,42.5,42.5,17.5,17.5,17.5,1016.8,1016.8,1016.8,89,89,89,0,0,0,90,90,90,1790188438
23.09 18:34,16.5,16.5,16.5,19.8,19.8,19.8,30.0,30.0,30.0,30.0,30.0,30.0,18.0,18.0,18.0,42.5,42.5,42.5,17.5,17.5,17.5,1016.8,1016.8,1016.8,90,90,90,0,0,0,90,90,90,1790188498
23.09 18:35,16.5,16.5,16.5,19.8,19.8,19.8,32.2,32.2,32.2,32.2,32.2,32.2,18.0,18.0,18.0,42.5,42.5,42.5,17.5,17.5,17.5,1016.8,1016.8,1016.8,90,90,90,0,0,0,90,90,90,1790188558
23.09 18:36,16.5,16.5,16.5,20.0,20.0,20.0,34.7,34.7,34.7,34.5,34.5,34.5,18.3,18.3,18.3,42.5,42.5,42.5,17.5,17.5,17.5,1016.8,1016.8,1016.8,90,90,90,0,0,0,90,90,90,1790188618
23.09 18:37,16.5,16.5,16.5,20.0,20.0,20.0,36.7,36.7,36.7,36.7,36.7,36.7,18.3,18.3,18.3,42.2,42.2,42.2,17.5,17.5,17.5,1016.7,1016.7,1016.7,90,90,90,0,0,0,90,90,90,1790188678
23.09 18:38,16.5,16.5,16.5,20.3,20.3,20.3,39.2,39.2,39.2,39.2,39.2,39.2,18.5,18.5,18.5,42.2,42.2,42.2,17.5,17.5,17.5,1016.7,1016.7,1016.7,90,90,90,0,0,0,90,90,90,1790188738
23.09 18:39,16.0,16.0,16.0,20.5,20.5,20.5,42.0,42.0,42.0,41.7,41.7,41.7,18.8,18.8,18.8,42.2,42.2,42.2,17.5,17.5,17.5,1016.7,1016.7,1016.7,90,90,90,0,0,0,90,90,90,1790188798
23.09 18:40,16.0,16.0,16.0,20.8,20.8,20.8,44.2,44.2,44.2,44.2,44.2,44.2,19.0,19.0,19.0,42.2,42.2,42.2,17.5,17.5,17.5,1016.7,1016.7,1016.7,90,90,90,0,0,0,90,90,90,1790188858
23.09 18:41,16.0,16.0,16.0,21.0,21.0,21.0,46.5,46.5,46.5,46.5,46.5,46.5,19.5,19.5,19.5,42.2,42.2,42.2,17.5,17.5,17.5,1016.7,1016.7,1016.7,90,90,90,0,0,0,90,90,90,1790188918
23.09 18:42,16.0,16.0,16.0,21.2,21.2,21.2,48.5,48.5,48.5,48.5,48.5,48.5,19.8,19.8,19.8,42.2,42.2,42.2,17.5,17.5,17.5,1016.7,1016.7,1016.7,90,90,90,0,0,0,90,90,90,1790188978
23.09 18:43,16.0,16.0,16.0,21.5,21.5,21.5,50.8,50.8,50.8,50.8,50.8,50.8,20.0,20.0,20.0,42.2,42.2,42.2,17.5,17.5,17.5,1016.7,1016.7,1016.7,90,90,90,0,0,0,90,90,90,1790189038
23.09 18:44,16.0,16.0,16.0,22.0,22.0,22.0,53.0,53.0,53.0,52.7,52.7,52.7,20.0,20.0,20.0,42.0,42.0,42.0,17.5,17.5,17.5,1016.7,1016.7,1016.7,90,90,90,0,0,0,90,90,90,1790189098
23.09 18:45,16.0,16.0,16.0,22.2,22.2,22.2,55.0,55.0,55.0,55.0,55.0,55.0,20.3,20.3,20.3,42.0,42.0,42.0,17.5,17.5,17.5,1016.7,1016.7,1016.7,90,90,90,0,0,0,90,90,90,1790189158
23.09 18:46,16.0,16.0,16.0,22.8,22.8,22.8,57.7,57.7,57.7,57.7,57.7,57.7,20.3,20.3,20.3,42.0,42.0,42.0,17.5,17.5,17.5,1016.6,1016.6,1016.6,90,90,90,0,0,0,90,90,90,1790189218
23.09 18:47,16.0,16.0,16.0,23.0,23.0,23.0,60.0,60.0,60.0,59.7,59.7,59.7,20.3,20.3,20.3,42.0,42.0,42.0,17.5,17.5,17.5,1016.6,1016.6,1016.6,90,90,90,0,0,0,90,90,90,1790189278
23.09 18:48,16.0,16.0,16.0,23.3,23.3,23.3,62.2,62.2,62.2,62.2,62.2,62.2,20.0,20.0,20.0,42.0,42.0,42.0,17.5,17.5,17.5,1016.6,1016.6,1016.6,90,90,90,0,0,0,90,90,90,1790189338
23.09 18:49,16.0,16.0,16.0,23.5,23.5,23.5,65.0,65.0,65.0,64.7,64.7,64.7,19.8,19.8,19.8,42.0,42.0,42.0,17.5,17.5,17.5,1016.6,1016.6,1016.6,90,90,90,0,0,0,90,90,90,1790189398
23.09 18:50,16.0,16.0,16.0,24.0,24.0,24.0,67.5,67.5,67.5,67.2,67.2,67.2,19.5,19.5,19.5,42.0,42.0,42.0,17.5,17.5,17.5,1016.6,1016.6,1016.6,90,90,90,0,0,0,90,90,90,1790189458
23.09 18:51,16.0,16.0,16.0,24.3,24.3,24.3,70.0,70.0,70.0,70.0,70.0,70.0,19.3,19.3,19.3,42.0,42.0,42.0,17.5,17.5,17.5,1016.6,1016.6,1016.6,90,90,90,0,0,0,90,90,90,1790189518
23.09 18:52,16.0,16.0,16.0,24.7,24.7,24.7,73.0,73.0,73.0,73.0,73.0,73.0,19.0,19.0,19.0,41.7,41.7,41.7,17.5,17.5,17.5,1016.6,1016.6,1016.6,91,91,91,0,0,0,90,90,90,1790189578
23.09 18:53,16.0,16.0,16.0,25.3,25.3,25.3,75.2,75.2,75.2,75.0,75.0,75.0,18.8,18.8,18.8,41.7,41.7,41.7,17.5,17.5,17.5,1016.6,1016.6,1016.6,91,91,91,0,0,0,90,90,90,1790189638
23.09 18:54,15.5,15.5,15.5,25.8,25.8,25.8,77.5,77.5,77.5,77.5,77.5,77.5,19.0,19.0,19.0,41.7,41.7,41.7,17.5,17.5,17.5,1016.6,1016.6,1016.6,91,91,91,0,0,0,90,90,90,1790189698
23.09 18:55,16.0,16.0,16.0,26.2,26.2,26.2,80.0,80.0,80.0,79.0,79.0,79.0,18.8,18.8,18.8,41.7,41.7,41.7,17.5,17.5,17.5,1016.6,1016.6,1016.6,91,91,91,0,0,0,0,0,0,1790189758
23.09 18:56,16.0,16.0,16.0,27.0,27.0,27.0,83.0,83.0,83.0,82.0,82.0,82.0,29.0,29.0,29.0,41.7,41.7,41.7,17.5,17.5,17.5,1016.6,1016.6,1016.6,91,91,91,0,0,0,0,0,0,1790189818
23.09 18:57,16.0,16.0,16.0,27.5,27.5,27.5,74.7,74.7,74.7,75.0,75.0,75.0,51.7,51.7,51.7,41.7,41.7,41.7,17.5,17.5,17.5,1016.6,1016.6,1016.6,91,91,91,0,0,0,0,0,0,1790189878
23.09 18:58,16.0,16.0,16.0,28.0,28.0,28.0,65.2,65.2,65.2,65.0,65.0,65.0,63.3,63.3,63.3,41.7,41.7,41.7,17.5,17.5,17.5,1016.6,1016.6,1016.6,91,91,91,0,0,0,90,90,90,1790189938
23.09 18:59,16.0,16.0,16.0,28.5,28.5,28.5,62.7,62.7,62.7,65.0,65.0,65.0,61.2,61.2,61.2,41.7,41.7,41.7,17.5,17.5,17.5,1016.6,1016.6,1016.6,91,91,91,0,0,0,90,90,90,1790189998
23.09 19:00,15.5,15.5,15.5,29.0,29.0,29.0,62.0,62.0,62.0,65.0,65.0,65.0,56.0,56.0,56.0,41.7,41.7,41.7,17.5,17.5,17.5,1016.6,1016.6,1016.6,91,91,91,0,0,0,90,90,90,1790190058
23.09 19:01,15.5,15.5,15.5,29.5,29.5,29.5,61.5,61.5,61.5,65.0,65.0,65.0,51.7,51.7,51.7,41.7,41.7,41.7,17.5,17.5,17.5,1016.6,1016.6,1016.6,91,91,91,0,0,0,90,90,90,1790190118
23.09 19:02,15.5,15.5,15.5,30.0,30.0,30.0,62.0,62.0,62.0,65.0,65.0,65.0,49.5,49.5,49.5,41.7,41.7,41.7,17.5,17.5,17.5,1016.6,1016.6,1016.6,91,91,91,0,0,0,90,90,90,1790190178
23.09 19:03,15.5,15.5,15.5,30.3,30.3,30.3,63.0,63.0,63.0,65.0,65.0,65.0,48.3,48.3,48.3,41.7,41.7,41.7,17.5,17.5,17.5,1016.6,1016.6,1016.6,91,91,91,0,0,0,90,90,90,1790190238
23.09 19:04,15.5,15.5,15.5,30.8,30.8,30.8,64.0,64.0,64.0,65.0,65.0,65.0,47.7,47.7,47.7,41.5,41.5,41.5,17.5,17.5,17.5,1016.6,1016.6,1016.6,92,92,92,0,0,0,90,90,90,1790190298
23.09 19:05,15.5,15.5,15.5,31.2,31.2,31.2,65.2,65.2,65.2,65.0,65.0,65.0,48.0,48.0,48.0,41.5,41.5,41.5,17.5,17.5,17.5,1016.6,1016.6,1016.6,92,92,92,0,0,0,90,90,90,1790190358
23.09 19:06,15.5,15.5,15.5,31.5,31.5,31.5,66.5,66.5,66.5,65.0,65.0,65.0,48.5,48.5,48.5,41.5,41.5,41.5,17.5,17.5,17.5,1016.6,1016.6,1016.6,92,92,92,0,0,0,90,90,90,1790190418
23.09 19:07,15.5,15.5,15.5,32.0,32.0,32.0,67.5,67.5,67.5,65.0,65.0,65.0,49.0,49.0,49.0,41.5,41.5,41.5,17.5,17.5,17.5,1016.6,1016.6,1016.6,92,92,92,0,0,0,90,90,90,1790190478
23.09 19:08,15.5,15.5,15.5,32.2,32.2,32.2,68.7,68.7,68.7,65.0,65.0,65.0,49.5,49.5,49.5,41.5,41.5,41.5,17.5,17.5,17.5,1016.6,1016.6,1016.6,92,92,92,0,0,0,90,90,90,1790190538
23.09 19:09,15.5,15.5,15.5,32.7,32.7,32.7,70.0,70.0,70.0,65.0,65.0,65.0,49.7,49.7,49.7,41.5,41.5,41.5,17.5,17.5,17.5,1016.6,1016.6,1016.6,92,92,92,0,0,0,90,90,90,1790190598
23.09 19:10,15.5,15.5,15.5,33.2,33.2,33.2,71.2,71.2,71.2,65.0,65.0,65.0,49.5,49.5,49.5,41.5,41.5,41.5,17.5,17.5,17.5,1016.6,1016.6,1016.6,92,92,92,0,0,0,90,90,90,1790190658
23.09 19:11,15.5,15.5,15.5,33.7,33.7,33.7,72.2,72.2,72.2,65.0,65.0,65.0,49.2,49.2,49.2,41.5,41.5,41.5,17.5,17.5,17.5,1016.6,1016.6,1016.6,92,92,92,0,0,0,90,90,90,1790190718
23.09 19:12,15.0,15.0,15.0,34.0,34.0,34.0,73.5,73.5,73.5,65.0,65.0,65.0,48.5,48.5,48.5,41.5,41.5,41.5,17.5,17.5,17.5,1016.6,1016.6,1016.6,92,92,92,0,0,0,90,90,90,1790190778
23.09 19:14,15.0,15.0,15.0,35.0,35.0,35.0,75.0,75.0,75.0,65.0,65.0,65.0,46.5,46.5,46.5,41.5,41.5,41.5,17.5,17.5,17.5,1016.5,1016.5,1016.5,93,93,93,0,0,0,90,90,90,1790190898
23.09 19:15,15.0,15.0,15.0,35.5,35.5,35.5,75.2,75.2,75.2,65.0,65.0,65.0,44.7,44.7,44.7,41.5,41.5,41.5,17.5,17.5,17.5,1016.6,1016.6,1016.6,93,93,93,0,0,0,90,90,90,1790190958
23.09 19:16,15.0,15.0,15.0,35.7,35.7,35.7,76.0,76.0,76.0,65.0,65.0,65.0,43.3,43.3,43.3,41.5,41.5,41.5,17.5,17.5,17.5,1016.5,1016.5,1016.5,93,93,93,0,0,0,90,90,90,1790191018
23.09 19:17,15.0,15.0,15.0,36.2,36.2,36.2,76.0,76.0,76.0,65.0,65.0,65.0,41.7,41.7,41.7,41.5,41.5,41.5,17.5,17.5,17.5,1016.5,1016.5,1016.5,93,93,93,0,0,0,90,90,90,1790191078
23.09 19:18,15.0,15.0,15.0,36.7,36.7,36.7,76.5,76.5,76.5,65.0,65.0,65.0,40.2,40.2,40.2,41.5,41.5,41.5,17.5,17.5,17.5,1016.5,1016.5,1016.5,93,93,93,0,0,0,90,90,90,1790191138
23.09 19:19,15.0,15.0,15.0,37.0,37.0,37.0,77.0,77.0,77.0,77.0,77.0,77.0,38.7,38.7,38.7,41.5,41.5,41.5,17.5,17.5,17.5,1016.5,1016.5,1016.5,93,93,93,0,0,0,90,90,90,1790191198
23.09 19:20,15.0,15.0,15.0,37.5,37.5,37.5,77.5,77.5,77.5,77.5,77.5,77.5,37.7,37.7,37.7,41.5,41.5,41.5,17.5,17.5,17.5,1016.5,1016.5,1016.5,93,93,93,0,0,0,90,90,90,1790191258
23.09 19:21,15.0,15.0,15.0,37.7,37.7,37.7,78.0,78.0,78.0,77.7,77.7,77.7,36.5,36.5,36.5,41.5,41.5,41.5,17.5,17.5,17.5,1016.5,1016.5,1016.5,93,93,93,0,0,0,90,90,90,1790191318
23.09 19:22,15.5,15.5,15.5,38.2,38.2,38.2,78.0,78.0,78.0,78.0,78.0,78.0,35.5,35.5,35.5,41.5,41.5,41.5,17.5,17.5,17.5,1016.5,1016.5,1016.5,93,93,93,0,0,0,90,90,90,1790191378
23.09 19:24,15.5,15.5,15.5,39.0,39.0,39.0,78.0,78.0,78.0,78.0,78.0,78.0,34.5,34.5,34.5,41.5,41.5,41.5,17.5,17.5,17.5,1016.5,1016.5,1016.5,93,93,93,0,0,0,90,90,90,1790191498
23.09 19:27,15.5,15.5,15.5,40.2,40.2,40.2,77.2,77.2,77.2,77.2,77.2,77.2,33.5,33.5,33.5,41.5,41.5,41.5,17.5,17.5,17.5,1016.4,1016.4,1016.4,94,94,94,0,0,0,90,90,90,1790191678
23.09 19:30,15.5,15.5,15.5,41.2,41.2,41.2,76.2,76.2,76.2,76.2,76.2,76.2,33.5,33.5,33.5,41.5,41.5,41.5,17.5,17.5,17.5,1016.4,1016.4,1016.4,94,94,94,0,0,0,90,90,90,1790191858
23.09 19:32,15.5,15.5,15.5,42.0,42.0,42.0,75.2,75.2,75.2,75.2,75.2,75.2,34.0,34.0,34.0,41.5,41.5,41.5,17.5,17.5,17.5,1016.4,1016.4,1016.4,94,94,94,0,0,0,90,90,90,1790191978
23.09 19:34,15.5,15.5,15.5,42.5,42.5,42.5,74.2,74.2,74.2,74.2,74.2,74.2,34.5,34.5,34.5,41.5,41.5,41.5,17.5,17.5,17.5,1016.4,1016.4,1016.4, 0, 0, 0,0,0,0,90,90,90,1790192099
23.09 19:35,15.0,15.0,15.0,42.7,42.7,42.7,74.0,74.0,74.0,74.0,74.0,74.0,34.7,34.7,34.7,41.5,41.5,41.5,17.5,17.5,17.5,1016.4,1016.4,1016.4,94,94,94,0,0,0,90,90,90,1790192159
23.09 19:38,15.0,15.0,15.0,43.7,43.7,43.7,72.7,72.7,72.7,72.7,72.7,72.7,35.2,35.2,35.2,41.5,41.5,41.5,17.5,17.5,17.5,1016.4,1016.4,1016.4,94,94,94,0,0,0,90,90,90,1790192339
23.09 19:42,15.0,15.0,15.0,44.5,44.5,44.5,71.5,71.5,71.5,71.5,71.5,71.5,36.0,36.0,36.0,41.5,41.5,41.5,17.5,17.5,17.5,1016.4,1016.4,1016.4,93,93,93,0,0,0,90,90,90,1790192579
23.09 19:46,15.0,15.0,15.0,45.5,45.5,45.5,71.2,71.2,71.2,71.2,71.2,71.2,36.5,36.5,36.5,41.2,41.2,41.2,17.5,17.5,17.5,1016.4,1016.4,1016.4,93,93,93,0,0,0,90,90,90,1790192819
23.09 19:51,15.0,15.0,15.0,46.5,46.5,46.5,70.8,70.8,70.8,70.8,70.8,70.8,37.0,37.0,37.0,41.2,41.2,41.2,17.5,17.5,17.5,1016.4,1016.4,1016.4,93,93,93,0,0,0,90,90,90,1790193119
23.09 19:54,14.5,14.5,14.5,47.0,47.0,47.0,70.8,70.8,70.8,70.8,70.8,70.8,37.0,37.0,37.0,41.2,41.2,41.2,17.5,17.5,17.5,1016.3,1016.3,1016.3,93,93,93,0,0,0,90,90,90,1790193299
23.09 20:01,14.5,14.5,14.5,48.0,48.0,48.0,70.8,70.8,70.8,70.8,70.8,70.8,37.2,37.2,37.2,41.0,41.0,41.0,17.5,17.5,17.5,1016.3,1016.3,1016.3,94,94,94,0,0,0,90,90,90,1790193719
23.09 20:06,15.0,15.0,15.0,48.5,48.5,48.5,70.2,70.2,70.2,70.2,70.2,70.2,37.2,37.2,37.2,41.0,41.0,41.0,17.5,17.5,17.5,1016.3,1016.3,1016.3,94,94,94,0,0,0,90,90,90,1790194019
23.09 20:15,14.5,14.5,14.5,49.5,49.5,49.5,69.7,69.7,69.7,69.5,69.5,69.5,37.0,37.0,37.0,41.0,41.0,41.0,17.5,17.5,17.5,1016.4,1016.4,1016.4,93,93,93,0,0,0,90,90,90,1790194559
23.09 20:25,14.5,14.5,14.5,50.0,50.0,50.0,68.7,68.7,68.7,68.7,68.7,68.7,37.5,37.5,37.5,40.8,40.8,40.8,17.5,17.5,17.5,1016.3,1016.3,1016.3,94,94,94,0,0,0,90,90,90,1790195159
23.09 20:27,14.5,14.5,14.5,50.2,50.2,50.2,68.3,68.3,68.3,68.3,68.3,68.3,37.7,37.7,37.7,40.8,40.8,40.8,17.5,17.5,17.5,1016.2,1016.2,1016.2,94,94,94,0,0,0,90,90,90,1790195279
23.09 20:33,14.0,14.0,14.0,50.5,50.5,50.5,67.2,67.2,67.2,67.2,67.2,67.2,38.5,38.5,38.5,40.8,40.8,40.8,17.5,17.5,17.5,1016.3,1016.3,1016.3,94,94,94,0,0,0,90,90,90,1790195639
23.09 20:39,14.0,14.0,14.0,50.5,50.5,50.5,66.2,66.2,66.2,66.2,66.2,66.2,39.0,39.0,39.0,40.8,40.8,40.8,17.5,17.5,17.5,1016.3,1016.3,1016.3,94,94,94,0,0,0,90,90,90,1790195999
23.09 20:46,14.0,14.0,14.0,50.8,50.8,50.8,65.8,65.8,65.8,66.0,66.0,66.0,39.5,39.5,39.5,40.8,40.8,40.8,17.5,17.5,17.5,1016.2,1016.2,1016.2,94,94,94,0,0,0,90,90,90,1790196413
23.09 20:55,14.0,14.0,14.0,51.0,51.0,51.0,65.2,65.2,65.2,65.2,65.2,65.2,40.0,40.0,40.0,40.8,40.8,40.8,17.5,17.5,17.5,1016.2,1016.2,1016.2, 0, 0, 0,0,0,0,90,90,90,1790196953
23.09 20:56,14.0,14.0,14.0,51.0,51.0,51.0,65.2,65.2,65.2,65.2,65.2,65.2,40.0,40.0,40.0,40.5,40.5,40.5,18.0,18.0,18.0,1016.2,1016.2,1016.2,94,94,94,0,0,0,90,90,90,1790197013
23.09 21:01,14.0,14.0,14.0,51.0,51.0,51.0,65.5,65.5,65.5,20.0,20.0,20.0,40.2,40.2,40.2,40.5,40.5,40.5,17.5,17.5,17.5,1016.2,1016.2,1016.2,94,94,94,0,0,0,90,90,90,1790197298
23.09 21:10,13.5,13.5,13.5,51.2,51.2,51.2,65.2,65.2,65.2,20.0,20.0,20.0,41.2,41.2,41.2,40.5,40.5,40.5,18.0,18.0,18.0,1016.2,1016.2,1016.2,95,95,95,0,0,0,90,90,90,1790197838
23.09 21:19,13.5,13.5,13.5,51.2,51.2,51.2,65.0,65.0,65.0,20.0,20.0,20.0,42.2,42.2,42.2,40.5,40.5,40.5,17.5,17.5,17.5,1016.1,1016.1,1016.1,95,95,95,0,0,0,90,90,90,1790198378
23.09 21:21,13.5,13.5,13.5,51.2,51.2,51.2,65.0,65.0,65.0,65.0,65.0,65.0,42.5,42.5,42.5,40.5,40.5,40.5,17.5,17.5,17.5,1016.1,1016.1,1016.1,95,95,95,0,0,0,90,90,90,1790198498
23.09 21:32,13.5,13.5,13.5,51.2,51.2,51.2,64.5,64.5,64.5,64.5,64.5,64.5,43.5,43.5,43.5,40.2,40.2,40.2,17.5,17.5,17.5,1016.0,1016.0,1016.0,95,95,95,0,0,0,90,90,90,1790199158
23.09 21:36,13.5,13.5,13.5,51.2,51.2,51.2,64.0,64.0,64.0,64.0,64.0,64.0,43.7,43.7,43.7,40.2,40.2,40.2,17.5,17.5,17.5,1016.0,1016.0,1016.0,95,95,95,0,0,0,90,90,90,1790199398
23.09 21:51,13.5,13.5,13.5,51.0,51.0,51.0,63.5,63.5,63.5,63.5,63.5,63.5,44.5,44.5,44.5,40.2,40.2,40.2,17.5,17.5,17.5,1015.9,1015.9,1015.9,95,95,95,0,0,0,90,90,90,1790200298
23.09 21:57,13.5,13.5,13.5,51.0,51.0,51.0,63.3,63.3,63.3,63.3,63.3,63.3,45.0,45.0,45.0,40.0,40.0,40.0,17.5,17.5,17.5,1015.9,1015.9,1015.9,95,95,95,0,0,0,90,90,90,1790200658
23.09 22:01,13.5,13.5,13.5,51.0,51.0,51.0,63.0,63.0,63.0,63.0,63.0,63.0,45.2,45.2,45.2,40.0,40.0,40.0,17.5,17.5,17.5,1015.8,1015.8,1015.8,95,95,95,0,0,0,90,90,90,1790200898
23.09 22:07,13.0,13.0,13.0,50.8,50.8,50.8,62.0,62.0,62.0,62.0,62.0,62.0,46.0,46.0,46.0,40.0,40.0,40.0,17.5,17.5,17.5,1015.8,1015.8,1015.8,95,95,95,0,0,0,90,90,90,1790201258
23.09 22:11,13.0,13.0,13.0,50.8,50.8,50.8,62.0,62.0,62.0,62.0,62.0,62.0,46.2,46.2,46.2,40.0,40.0,40.0,17.5,17.5,17.5,1015.8,1015.8,1015.8,95,95,95,0,0,0,90,90,90,1790201498
23.09 22:17,13.0,13.0,13.0,50.8,50.8,50.8,61.0,61.0,61.0,61.0,61.0,61.0,47.0,47.0,47.0,40.0,40.0,40.0,18.0,18.0,18.0,1015.7,1015.7,1015.7,96,96,96,0,0,0,90,90,90,1790201858
23.09 22:23,13.0,13.0,13.0,50.5,50.5,50.5,60.5,60.5,60.5,60.5,60.5,60.5,47.7,47.7,47.7,40.0,40.0,40.0,17.5,17.5,17.5,1015.7,1015.7,1015.7,96,96,96,0,0,0,90,90,90,1790202219
23.09 22:28,13.0,13.0,13.0,50.5,50.5,50.5,59.7,59.7,59.7,59.7,59.7,59.7,48.3,48.3,48.3,40.0,40.0,40.0,17.5,17.5,17.5,1015.6,1015.6,1015.6,96,96,96,0,0,0,90,90,90,1790202519
23.09 22:33,13.5,13.5,13.5,50.2,50.2,50.2,59.0,59.0,59.0,59.0,59.0,59.0,48.7,48.7,48.7,40.0,40.0,40.0,18.0,18.0,18.0,1015.5,1015.5,1015.5,96,96,96,0,0,0,90,90,90,1790202819
23.09 22:37,13.5,13.5,13.5,50.2,50.2,50.2,58.5,58.5,58.5,58.5,58.5,58.5,49.0,49.0,49.0,40.0,40.0,40.0,17.5,17.5,17.5,1015.5,1015.5,1015.5,96,96,96,0,0,0,90,90,90,1790203059
23.09 22:42,13.5,13.5,13.5,50.0,50.0,50.0,57.5,57.5,57.5,57.5,57.5,57.5,49.2,49.2,49.2,40.0,40.0,40.0,17.5,17.5,17.5,1015.5,1015.5,1015.5,96,96,96,0,0,0,90,90,90,1790203359
23.09 22:47,13.5,13.5,13.5,50.0,50.0,50.0,56.5,56.5,56.5,56.5,56.5,56.5,49.2,49.2,49.2,40.2,40.2,40.2,17.5,17.5,17.5,1015.5,1015.5,1015.5,96,96,96,0,0,0,90,90,90,1790203659
23.09 22:50,13.5,13.5,13.5,50.0,50.0,50.0,56.2,56.2,56.2,56.2,56.2,56.2,49.0,49.0,49.0,40.2,40.2,40.2,17.5,17.5,17.5,1015.4,1015.4,1015.4,96,96,96,0,0,0,90,90,90,1790203839
23.09 22:56,13.5,13.5,13.5,49.7,49.7,49.7,55.2,55.2,55.2,55.2,55.2,55.2,48.5,48.5,48.5,40.2,40.2,40.2,17.5,17.5,17.5,1015.4,1015.4,1015.4,96,96,96,0,0,0,90,90,90,1790204199
23.09 23:00,14.0,14.0,14.0,49.7,49.7,49.7,54.7,54.7,54.7,54.7,54.7,54.7,47.7,47.7,47.7,40.0,40.0,40.0,17.5,17.5,17.5,1015.3,1015.3,1015.3,96,96,96,0,0,0,90,90,90,1790204439
23.09 23:06,14.0,14.0,14.0,49.5,49.5,49.5,54.2,54.2,54.2,54.2,54.2,54.2,46.7,46.7,46.7,40.0,40.0,40.0,17.5,17.5,17.5,1015.3,1015.3,1015.3,96,96,96,0,0,0,90,90,90,1790204799
23.09 23:11,13.5,13.5,13.5,49.2,49.2,49.2,53.5,53.5,53.5,53.5,53.5,53.5,45.8,45.8,45.8,40.0,40.0,40.0,17.5,17.5,17.5,1015.3,1015.3,1015.3,96,96,96,0,0,0,90,90,90,1790205099
23.09 23:16,13.5,13.5,13.5,49.0,49.0,49.0,53.0,53.0,53.0,53.0,53.0,53.0,44.7,44.7,44.7,39.7,39.7,39.7,17.5,17.5,17.5,1015.3,1015.3,1015.3,96,96,96,0,0,0,90,90,90,1790205399
23.09 23:21,13.5,13.5,13.5,49.0,49.0,49.0,52.5,52.5,52.5,52.2,52.2,52.2,43.7,43.7,43.7,39.7,39.7,39.7,17.5,17.5,17.5,1015.3,1015.3,1015.3,96,96,96,0,0,0,90,90,90,1790205699
23.09 23:26,13.5,13.5,13.5,48.7,48.7,48.7,52.0,52.0,52.0,52.0,52.0,52.0,42.7,42.7,42.7,39.7,39.7,39.7,17.5,17.5,17.5,1015.2,1015.2,1015.2,96,96,96,0,0,0,90,90,90,1790205999
23.09 23:30,13.5,13.5,13.5,48.7,48.7,48.7,51.5,51.5,51.5,51.5,51.5,51.5,41.7,41.7,41.7,39.7,39.7,39.7,17.5,17.5,17.5,1015.3,1015.3,1015.3,97,97,97,0,0,0,90,90,90,1790206239
23.09 23:34,13.5,13.5,13.5,48.5,48.5,48.5,51.2,51.2,51.2,20.0,20.0,20.0,41.5,41.5,41.5,39.7,39.7,39.7,18.0,18.0,18.0,1015.3,1015.3,1015.3,97,97,97,0,0,0,90,90,90,1790206456
23.09 23:39,13.5,13.5,13.5,48.5,48.5,48.5,50.8,50.8,50.8,20.0,20.0,20.0,40.2,40.2,40.2,39.7,39.7,39.7,17.5,17.5,17.5,1015.2,1015.2,1015.2,96,96,96,0,0,0,90,90,90,1790206756
23.09 23:44,13.5,13.5,13.5,48.3,48.3,48.3,50.5,50.5,50.5,20.0,20.0,20.0,39.2,39.2,39.2,39.7,39.7,39.7,17.5,17.5,17.5,1015.2,1015.2,1015.2,97,97,97,0,0,0,90,90,90,1790207056
23.09 23:46,13.0,13.0,13.0,48.3,48.3,48.3,50.2,50.2,50.2,20.0,20.0,20.0,39.0,39.0,39.0,39.7,39.7,39.7,17.5,17.5,17.5,1015.1,1015.1,1015.1,97,97,97,0,0,0,90,90,90,1790207176
23.09 23:50,13.5,13.5,13.5,48.3,48.3,48.3,49.7,49.7,49.7,20.0,20.0,20.0,38.0,38.0,38.0,39.7,39.7,39.7,17.5,17.5,17.5,1015.1,1015.1,1015.1,97,97,97,0,0,0,90,90,90,1790207416
23.09 23:53,13.5,13.5,13.5,48.0,48.0,48.0,49.7,49.7,49.7,20.0,20.0,20.0,37.2,37.2,37.2,39.7,39.7,39.7,17.5,17.5,17.5,1015.0,1015.0,1015.0,97,97,97,0,0,0,90,90,90,1790207596
23.09 23:54,13.5,13.5,13.5,48.0,48.0,48.0,49.5,49.5,49.5,49.5,49.5,49.5,37.0,37.0,37.0,39.7,39.7,39.7,17.5,17.5,17.5,1015.1,1015.1,1015.1,97,97,97,0,0,0,90,90,90,1790207656
23.09 23:58,13.5,13.5,13.5,48.0,48.0,48.0,49.0,49.0,49.0,49.0,49.0,49.0,36.0,36.0,36.0,39.7,39.7,39.7,17.5,17.5,17.5,1015.1,1015.1,1015.1,97,97,97,0,0,0,90,90,90,1790207896
24.09 00:02,13.0,13.0,13.0,47.7,47.7,47.7,48.5,48.5,48.5,48.5,48.5,48.5,35.0,35.0,35.0,39.7,39.7,39.7,17.5,17.5,17.5,1015.0,1015.0,1015.0,97,97,97,0,0,0,90,90,90,1790208136
24.09 00:06,13.5,13.5,13.5,47.7,47.7,47.7,48.0,48.0,48.0,48.0,48.0,48.0,34.0,34.0,34.0,39.7,39.7,39.7,17.5,17.5,17.5,1015.0,1015.0,1015.0,97,97,97,0,0,0,90,90,90,1790208376
24.09 00:11,13.5,13.5,13.5,47.7,47.7,47.7,47.7,47.7,47.7,47.7,47.7,47.7,33.0,33.0,33.0,39.7,39.7,39.7,17.5,17.5,17.5,1014.9,1014.9,1014.9,97,97,97,0,0,0,90,90,90,1790208676
24.09 00:14,13.0,13.0,13.0,47.5,47.5,47.5,47.2,47.2,47.2,47.2,47.2,47.2,32.0,32.0,32.0,39.7,39.7,39.7,17.5,17.5,17.5,1014.9,1014.9,1014.9,97,97,97,0,0,0,90,90,90,1790208856
24.09 00:16,13.5,13.5,13.5,47.5,47.5,47.5,47.0,47.0,47.0,47.0,47.0,47.0,31.0,31.0,31.0,39.7,39.7,39.7,17.5,17.5,17.5,1014.9,1014.9,1014.9,97,97,97,0,0,0,90,90,90,1790208976
24.09 00:24,13.5,13.5,13.5,47.5,47.5,47.5,46.2,46.2,46.2,46.2,46.2,46.2,31.0,31.0,31.0,39.7,39.7,39.7,17.5,17.5,17.5,1014.8,1014.8,1014.8,96,96,96,0,0,0,90,90,90,1790209456
24.09 00:27,13.0,13.0,13.0,47.2,47.2,47.2,46.0,46.0,46.0,46.0,46.0,46.0,29.5,29.5,29.5,39.7,39.7,39.7,17.5,17.5,17.5,1014.8,1014.8,1014.8,96,96,96,0,0,0,90,90,90,1790209636
24.09 00:29,13.5,13.5,13.5,47.2,47.2,47.2,45.8,45.8,45.8,45.8,45.8,45.8,28.3,28.3,28.3,39.7,39.7,39.7,18.0,18.0,18.0,1014.8,1014.8,1014.8,96,96,96,0,0,0,90,90,90,1790209756
24.09 00:31,13.0,13.0,13.0,47.2,47.2,47.2,45.5,45.5,45.5,45.5,45.5,45.5,27.0,27.0,27.0,39.5,39.5,39.5,17.5,17.5,17.5,1014.8,1014.8,1014.8,96,96,96,0,0,0,90,90,90,1790209876
24.09 00:34,13.0,13.0,13.0,47.2,47.2,47.2,45.2,45.2,45.2,45.2,45.2,45.2,26.0,26.0,26.0,39.5,39.5,39.5,17.5,17.5,17.5,1014.8,1014.8,1014.8,96,96,96,0,0,0,90,90,90,1790210056
24.09 00:37,13.0,13.0,13.0,47.0,47.0,47.0,44.7,44.7,44.7,44.7,44.7,44.7,25.3,25.3,25.3,39.5,39.5,39.5,17.5,17.5,17.5,1014.7,1014.7,1014.7,96,96,96,0,0,0,90,90,90,1790210236
24.09 00:42,13.5,13.5,13.5,47.0,47.0,47.0,44.5,44.5,44.5,44.5,44.5,44.5,24.7,24.7,24.7,39.5,39.5,39.5,17.5,17.5,17.5,1014.7,1014.7,1014.7,97,97,97,0,0,0,90,90,90,1790210536
24.09 00:48,13.5,13.5,13.5,47.0,47.0,47.0,43.7,43.7,43.7,43.7,43.7,43.7,25.8,25.8,25.8,39.2,39.2,39.2,17.5,17.5,17.5,1014.6,1014.6,1014.6,97,97,97,0,0,0,90,90,90,1790210896
24.09 00:56,13.0,13.0,13.0,46.7,46.7,46.7,43.0,43.0,43.0,43.0,43.0,43.0,24.7,24.7,24.7,39.2,39.2,39.2,17.5,17.5,17.5,1014.6,1014.6,1014.6,97,97,97,0,0,0,90,90,90,1790211377
24.09 01:00,13.0,13.0,13.0,46.7,46.7,46.7,42.5,42.5,42.5,42.5,42.5,42.5,23.7,23.7,23.7,39.2,39.2,39.2,17.5,17.5,17.5,1014.6,1014.6,1014.6,97,97,97,0,0,0,90,90,90,1790211617
24.09 01:07,13.0,13.0,13.0,46.5,46.5,46.5,42.0,42.0,42.0,42.0,42.0,42.0,22.8,22.8,22.8,39.0,39.0,39.0,17.5,17.5,17.5,1014.6,1014.6,1014.6,97,97,97,0,0,0,90,90,90,1790212037
24.09 01:13,13.0,13.0,13.0,46.5,46.5,46.5,41.2,41.2,41.2,41.2,41.2,41.2,22.5,22.5,22.5,39.0,39.0,39.0,17.5,17.5,17.5,1014.5,1014.5,1014.5,97,97,97,0,0,0,90,90,90,1790212397
24.09 01:23,13.0,13.0,13.0,46.5,46.5,46.5,40.2,40.2,40.2,40.2,40.2,40.2,22.5,22.5,22.5,39.0,39.0,39.0,17.5,17.5,17.5,1014.5,1014.5,1014.5,98,98,98,0,0,0,90,90,90,1790212997
24.09 01:28,13.0,13.0,13.0,46.2,46.2,46.2,40.0,40.0,40.0,40.0,40.0,40.0,22.5,22.5,22.5,39.0,39.0,39.0,17.5,17.5,17.5,1014.4,1014.4,1014.4,97,97,97,0,0,0,90,90,90,1790213297
24.09 01:37,13.5,13.5,13.5,46.2,46.2,46.2,39.0,39.0,39.0,39.0,39.0,39.0,22.5,22.5,22.5,38.7,38.7,38.7,17.5,17.5,17.5,1014.4,1014.4,1014.4,97,97,97,0,0,0,90,90,90,1790213837
24.09 01:42,13.5,13.5,13.5,46.2,46.2,46.2,38.7,38.7,38.7,38.7,38.7,38.7,22.2,22.2,22.2,38.7,38.7,38.7,17.5,17.5,17.5,1014.3,1014.3,1014.3,97,97,97,0,0,0,90,90,90,1790214137
24.09 01:46,13.5,13.5,13.5,46.2,46.2,46.2,38.2,38.2,38.2,38.2,38.2,38.2,22.2,22.2,22.2,38.7,38.7,38.7,17.5,17.5,17.5,1014.3,1014.3,1014.3,97,97,97,0,0,0,90,90,90,1790214377
24.09 01:52,13.0,13.0,13.0,46.0,46.0,46.0,37.7,37.7,37.7,37.7,37.7,37.7,22.2,22.2,22.2,38.7,38.7,38.7,17.5,17.5,17.5,1014.2,1014.2,1014.2,97,97,97,0,0,0,90,90,90,1790214737
24.09 01:57,12.5,12.5,12.5,46.0,46.0,46.0,37.2,37.2,37.2,37.2,37.2,37.2,22.2,22.2,22.2,38.5,38.5,38.5,17.5,17.5,17.5,1014.1,1014.1,1014.1,97,97,97,0,0,0,90,90,90,1790215037
24.09 02:00,12.5,12.5,12.5,46.0,46.0,46.0,37.0,37.0,37.0,37.0,37.0,37.0,22.2,22.2,22.2,38.5,38.5,38.5,17.5,17.5,17.5,1014.1,1014.1,1014.1,97,97,97,0,0,0,90,90,90,1790215217
24.09 02:05,13.0,13.0,13.0,46.0,46.0,46.0,36.5,36.5,36.5,36.5,36.5,36.5,22.0,22.0,22.0,38.5,38.5,38.5,17.5,17.5,17.5,1014.0,1014.0,1014.0,97,97,97,0,0,0,90,90,90,1790215517
24.09 02:18,13.0,13.0,13.0,45.8,45.8,45.8,35.5,35.5,35.5,35.5,35.5,35.5,22.0,22.0,22.0,38.5,38.5,38.5,17.5,17.5,17.5,1014.1,1014.1,1014.1,98,98,98,0,0,0,90,90,90,1790216297
24.09 02:23,13.0,13.0,13.0,45.8,45.8,45.8,35.2,35.2,35.2,35.2,35.2,35.2,22.0,22.0,22.0,38.5,38.5,38.5,17.5,17.5,17.5,1014.0,1014.0,1014.0,98,98,98,0,0,0,90,90,90,1790216597
24.09 02:26,13.0,13.0,13.0,45.8,45.8,45.8,34.7,34.7,34.7,34.7,34.7,34.7,22.0,22.0,22.0,38.5,38.5,38.5,17.5,17.5,17.5,1013.9,1013.9,1013.9,98,98,98,0,0,0,90,90,90,1790216777
24.09 02:30,13.0,13.0,13.0,45.5,45.5,45.5,34.5,34.5,34.5,34.5,34.5,34.5,21.8,21.8,21.8,38.2,38.2,38.2,17.5,17.5,17.5,1013.9,1013.9,1013.9,97,97,97,0,0,0,90,90,90,1790217017
24.09 02:45,13.0,13.0,13.0,45.5,45.5,45.5,33.7,33.7,33.7,33.7,33.7,33.7,21.8,21.8,21.8,38.2,38.2,38.2,17.5,17.5,17.5,1013.8,1013.8,1013.8,97,97,97,0,0,0,90,90,90,1790217917
24.09 02:55,13.0,13.0,13.0,45.2,45.2,45.2,32.7,32.7,32.7,32.7,32.7,32.7,21.5,21.5,21.5,38.2,38.2,38.2,17.5,17.5,17.5,1013.8,1013.8,1013.8,97,97,97,0,0,0,90,90,90,1790218517
24.09 02:59,12.5,12.5,12.5,45.2,45.2,45.2,32.5,32.5,32.5,32.5,32.5,32.5,21.5,21.5,21.5,38.0,38.0,38.0,17.5,17.5,17.5,1013.7,1013.7,1013.7,97,97,97,0,0,0,90,90,90,1790218757
24.09 03:03,12.5,12.5,12.5,45.2,45.2,45.2,32.2,32.2,32.2,32.5,32.5,32.5,21.5,21.5,21.5,38.0,38.0,38.0,17.5,17.5,17.5,1013.7,1013.7,1013.7,97,97,97,0,0,0,90,90,90,1790218997
24.09 03:06,12.5,12.5,12.5,45.2,45.2,45.2,32.2,32.2,32.2,32.2,32.2,32.2,21.2,21.2,21.2,38.0,38.0,38.0,17.5,17.5,17.5,1013.6,1013.6,1013.6,97,97,97,0,0,0,90,90,90,1790219177
24.09 03:13,12.5,12.5,12.5,45.0,45.0,45.0,31.8,31.8,31.8,31.8,31.8,31.8,21.2,21.2,21.2,38.0,38.0,38.0,17.5,17.5,17.5,1013.6,1013.6,1013.6,97,97,97,0,0,0,90,90,90,1790219597
24.09 03:17,12.5,12.5,12.5,45.0,45.0,45.0,31.5,31.5,31.5,31.5,31.5,31.5,21.2,21.2,21.2,38.0,38.0,38.0,17.5,17.5,17.5,1013.5,1013.5,1013.5,97,97,97,0,0,0,90,90,90,1790219837
24.09 03:19,12.5,12.5,12.5,45.0,45.0,45.0,31.2,31.2,31.2,31.2,31.2,31.2,21.2,21.2,21.2,38.0,38.0,38.0,17.5,17.5,17.5,1013.6,1013.6,1013.6,97,97,97,0,0,0,90,90,90,1790219957
24.09 03:35,12.5,12.5,12.5,44.7,44.7,44.7,30.3,30.3,30.3,30.3,30.3,30.3,21.0,21.0,21.0,37.7,37.7,37.7,17.5,17.5,17.5,1013.5,1013.5,1013.5,97,97,97,0,0,0,90,90,90,1790220917
24.09 03:48,12.5,12.5,12.5,44.7,44.7,44.7,29.8,29.8,29.8,29.8,29.8,29.8,20.8,20.8,20.8,37.7,37.7,37.7,17.5,17.5,17.5,1013.5,1013.5,1013.5,97,97,97,0,0,0,90,90,90,1790221697
24.09 03:58,12.0,12.0,12.0,44.5,44.5,44.5,29.0,29.0,29.0,29.0,29.0,29.0,20.5,20.5,20.5,37.7,37.7,37.7,17.5,17.5,17.5,1013.4,1013.4,1013.4,97,97,97,0,0,0,90,90,90,1790222298
24.09 04:15,12.5,12.5,12.5,44.2,44.2,44.2,28.3,28.3,28.3,28.3,28.3,28.3,20.3,20.3,20.3,37.5,37.5,37.5,17.5,17.5,17.5,1013.3,1013.3,1013.3,97,97,97,0,0,0,90,90,90,1790223318
24.09 04:22,12.0,12.0,12.0,44.2,44.2,44.2,28.0,28.0,28.0,28.0,28.0,28.0,20.3,20.3,20.3,37.2,37.2,37.2,17.5,17.5,17.5,1013.3,1013.3,1013.3,97,97,97,0,0,0,90,90,90,1790223738
24.09 04:36,12.0,12.0,12.0,44.0,44.0,44.0,27.2,27.2,27.2,27.2,27.2,27.2,20.0,20.0,20.0,37.2,37.2,37.2,17.5,17.5,17.5,1013.2,1013.2,1013.2,97,97,97,0,0,0,90,90,90,1790224578
24.09 04:56,12.0,12.0,12.0,43.7,43.7,43.7,26.2,26.2,26.2,26.2,26.2,26.2,19.8,19.8,19.8,37.2,37.2,37.2,17.5,17.5,17.5,1013.2,1013.2,1013.2,97,97,97,0,0,0,90,90,90,1790225778
24.09 05:05,12.0,12.0,12.0,43.7,43.7,43.7,26.0,26.0,26.0,26.0,26.0,26.0,19.5,19.5,19.5,37.0,37.0,37.0,17.5,17.5,17.5,1013.1,1013.1,1013.1,97,97,97,0,0,0,90,90,90,1790226318
24.09 05:08,12.0,12.0,12.0,43.5,43.5,43.5,26.0,26.0,26.0,26.0,26.0,26.0,19.5,19.5,19.5,37.0,37.0,37.0,17.5,17.5,17.5,1013.1,1013.1,1013.1,96,96,96,0,0,0,90,90,90,1790226498
24.09 05:18,12.0,12.0,12.0,43.5,43.5,43.5,25.5,25.5,25.5,25.5,25.5,25.5,19.3,19.3,19.3,37.0,37.0,37.0,17.5,17.5,17.5,1013.0,1013.0,1013.0,97,97,97,0,0,0,90,90,90,1790227098
24.09 05:31,11.5,11.5,11.5,43.3,43.3,43.3,25.0,25.0,25.0,25.0,25.0,25.0,19.0,19.0,19.0,37.0,37.0,37.0,17.5,17.5,17.5,1012.9,1012.9,1012.9,96,96,96,0,0,0,90,90,90,1790227878
24.09 05:41,11.5,11.5,11.5,43.3,43.3,43.3,24.7,24.7,24.7,24.7,24.7,24.7,19.0,19.0,19.0,36.7,36.7,36.7,17.5,17.5,17.5,1013.0,1013.0,1013.0,96,96,96,0,0,0,90,90,90,1790228478
24.09 05:50,11.5,11.5,11.5,43.3,43.3,43.3,24.3,24.3,24.3,24.3,24.3,24.3,18.8,18.8,18.8,36.7,36.7,36.7,17.5,17.5,17.5,1012.9,1012.9,1012.9,97,97,97,0,0,0,90,90,90,1790229018
24.09 05:55,11.5,11.5,11.5,43.3,43.3,43.3,24.3,24.3,24.3,24.3,24.3,24.3,18.8,18.8,18.8,36.7,36.7,36.7,17.5,17.5,17.5,1012.9,1012.9,1012.9,97,97,97,0,0,0,90,90,90,1790229318
24.09 06:04,11.5,11.5,11.5,43.0,43.0,43.0,23.7,23.7,23.7,23.7,23.7,23.7,18.5,18.5,18.5,36.7,36.7,36.7,17.5,17.5,17.5,1012.8,1012.8,1012.8,97,97,97,0,0,0,90,90,90,1790229858
24.09 06:18,11.5,11.5,11.5,42.7,42.7,42.7,23.5,23.5,23.5,23.5,23.5,23.5,18.5,18.5,18.5,36.7,36.7,36.7,17.5,17.5,17.5,1012.7,1012.7,1012.7,97,97,97,0,0,0,90,90,90,1790230698
24.09 06:30,12.0,12.0,12.0,42.7,42.7,42.7,23.0,23.0,23.0,23.0,23.0,23.0,18.3,18.3,18.3,36.7,36.7,36.7,17.5,17.5,17.5,1012.7,1012.7,1012.7,97,97,97,0,0,0,90,90,90,1790231418
24.09 06:35,12.0,12.0,12.0,42.7,42.7,42.7,23.0,23.0,23.0,23.0,23.0,23.0,18.3,18.3,18.3,36.7,36.7,36.7,17.5,17.5,17.5,1012.6,1012.6,1012.6,97,97,97,0,0,0,90,90,90,1790231718
24.09 06:38,12.0,12.0,12.0,42.5,42.5,42.5,22.8,22.8,22.8,22.8,22.8,22.8,18.3,18.3,18.3,36.7,36.7,36.7,17.5,17.5,17.5,1012.6,1012.6,1012.6,97,97,97,0,0,0,90,90,90,1790231898
24.09 06:45,12.0,12.0,12.0,42.5,42.5,42.5,22.8,22.8,22.8,22.8,22.8,22.8,18.0,18.0,18.0,36.7,36.7,36.7,17.5,17.5,17.5,1012.5,1012.5,1012.5,97,97,97,0,0,0,90,90,90,1790232318
24.09 06:50,12.0,12.0,12.0,42.5,42.5,42.5,22.5,22.5,22.5,22.5,22.5,22.5,18.0,18.0,18.0,36.7,36.7,36.7,17.5,17.5,17.5,1012.5,1012.5,1012.5,97,97,97,0,0,0,90,90,90,1790232618
24.09 06:56,12.0,12.0,12.0,42.2,42.2,42.2,22.2,22.2,22.2,22.2,22.2,22.2,18.0,18.0,18.0,36.7,36.7,36.7,17.5,17.5,17.5,1012.5,1012.5,1012.5,97,97,97,0,0,0,90,90,90,1790232978
24.09 06:59,12.0,12.0,12.0,42.2,42.2,42.2,22.2,22.2,22.2,22.2,22.2,22.2,18.0,18.0,18.0,36.7,36.7,36.7,17.5,17.5,17.5,1012.6,1012.6,1012.6,97,97,97,0,0,0,90,90,90,1790233158
24.09 07:03,13.0,13.0,13.0,42.2,42.2,42.2,22.2,22.2,22.2,22.2,22.2,22.2,18.0,18.0,18.0,36.5,36.5,36.5,18.0,18.0,18.0,1012.6,1012.6,1012.6,98,98,98,0,0,0,90,90,90,1790233398
24.09 07:06,14.0,14.0,14.0,42.2,42.2,42.2,22.0,22.0,22.0,22.0,22.0,22.0,18.0,18.0,18.0,36.7,36.7,36.7,17.5,17.5,17.5,1012.6,1012.6,1012.6,98,98,98,0,0,0,90,90,90,1790233579
24.09 07:12,15.0,15.0,15.0,42.2,42.2,42.2,22.0,22.0,22.0,22.0,22.0,22.0,17.8,17.8,17.8,36.7,36.7,36.7,17.5,17.5,17.5,1012.6,1012.6,1012.6,96,96,96,0,0,0,90,90,90,1790233939
24.09 07:26,15.5,15.5,15.5,42.0,42.0,42.0,21.8,21.8,21.8,21.8,21.8,21.8,17.8,17.8,17.8,36.7,36.7,36.7,17.5,17.5,17.5,1012.6,1012.6,1012.6,93,93,93,0,0,0,90,90,90,1790234779
24.09 07:29,15.5,15.5,15.5,42.0,42.0,42.0,21.5,21.5,21.5,21.5,21.5,21.5,17.8,17.8,17.8,36.7,36.7,36.7,17.5,17.5,17.5,1012.6,1012.6,1012.6,93,93,93,0,0,0,90,90,90,1790234959
24.09 07:32,15.5,15.5,15.5,42.0,42.0,42.0,21.5,21.5,21.5,21.5,21.5,21.5,17.8,17.8,17.8,37.0,37.0,37.0,17.5,17.5,17.5,1012.5,1012.5,1012.5,93,93,93,0,0,0,90,90,90,1790235139
24.09 07:35,15.5,15.5,15.5,42.0,42.0,42.0,21.5,21.5,21.5,21.5,21.5,21.5,17.8,17.8,17.8,37.0,37.0,37.0,17.5,17.5,17.5,1012.5,1012.5,1012.5,92,92,92,0,0,0,90,90,90,1790235319
24.09 07:44,15.0,15.0,15.0,42.0,42.0,42.0,21.2,21.2,21.2,21.2,21.2,21.2,17.8,17.8,17.8,37.5,37.5,37.5,17.5,17.5,17.5,1012.4,1012.4,1012.4,93,93,93,0,0,0,90,90,90,1790235859
24.09 08:03,14.5,14.5,14.5,41.7,41.7,41.7,21.0,21.0,21.0,21.0,21.0,21.0,17.8,17.8,17.8,38.5,38.5,38.5,17.5,17.5,17.5,1012.4,1012.4,1012.4,94,94,94,0,0,0,90,90,90,1790236999
24.09 08:09,14.5,14.5,14.5,41.7,41.7,41.7,20.8,20.8,20.8,20.8,20.8,20.8,17.8,17.8,17.8,38.5,38.5,38.5,17.5,17.5,17.5,1012.3,1012.3,1012.3,94,94,94,0,0,0,90,90,90,1790237359
24.09 08:24,14.5,14.5,14.5,41.5,41.5,41.5,20.5,20.5,20.5,20.5,20.5,20.5,17.8,17.8,17.8,39.2,39.2,39.2,17.5,17.5,17.5,1012.3,1012.3,1012.3, 0, 0, 0,0,0,0,90,90,90,1790238259
24.09 08:25,14.5,14.5,14.5,41.5,41.5,41.5,20.5,20.5,20.5,20.5,20.5,20.5,17.8,17.8,17.8,39.2,39.2,39.2,17.5,17.5,17.5,1012.3,1012.3,1012.3,94,94,94,0,0,0,90,90,90,1790238319
24.09 08:29,14.5,14.5,14.5,41.5,41.5,41.5,20.3,20.3,20.3,20.3,20.3,20.3,17.8,17.8,17.8,39.2,39.2,39.2,17.5,17.5,17.5,1012.3,1012.3,1012.3,94,94,94,0,0,0,90,90,90,1790238559
24.09 08:42,15.5,15.5,15.5,41.2,41.2,41.2,20.3,20.3,20.3,20.3,20.3,20.3,17.8,17.8,17.8,40.0,40.0,40.0,17.5,17.5,17.5,1012.3,1012.3,1012.3,94,94,94,0,0,0,90,90,90,1790239339
24.09 08:45,15.5,15.5,15.5,41.2,41.2,41.2,20.0,20.0,20.0,20.0,20.0,20.0,17.8,17.8,17.8,40.2,40.2,40.2,17.5,17.5,17.5,1012.2,1012.2,1012.2,94,94,94,0,0,0,90,90,90,1790239519
24.09 08:48,15.5,15.5,15.5,41.2,41.2,41.2,20.0,20.0,20.0,20.0,20.0,20.0,17.5,17.5,17.5,40.5,40.5,40.5,17.5,17.5,17.5,1012.2,1012.2,1012.2,94,94,94,0,0,0,90,90,90,1790239699
24.09 08:51,16.0,16.0,16.0,41.2,41.2,41.2,20.0,20.0,20.0,20.0,20.0,20.0,17.5,17.5,17.5,40.8,40.8,40.8,17.5,17.5,17.5,1012.1,1012.1,1012.1,94,94,94,0,0,0,90,90,90,1790239879
24.09 08:53,16.0,16.0,16.0,41.2,41.2,41.2,20.0,20.0,20.0,20.0,20.0,20.0,17.8,17.8,17.8,40.8,40.8,40.8,17.5,17.5,17.5,1012.0,1012.0,1012.0,93,93,93,0,0,0,90,90,90,1790239999
24.09 09:01,16.0,16.0,16.0,41.0,41.0,41.0,19.8,19.8,19.8,19.8,19.8,19.8,17.5,17.5,17.5,41.2,41.2,41.2,17.5,17.5,17.5,1012.1,1012.1,1012.1,93,93,93,0,0,0,90,90,90,1790240479
24.09 09:09,16.5,16.5,16.5,41.0,41.0,41.0,19.8,19.8,19.8,19.8,19.8,19.8,17.5,17.5,17.5,42.2,42.2,42.2,17.5,17.5,17.5,1012.1,1012.1,1012.1,91,91,91,0,0,0,90,90,90,1790240959
24.09 09:14,17.0,17.0,17.0,41.0,41.0,41.0,19.8,19.8,19.8,19.8,19.8,19.8,17.5,17.5,17.5,42.7,42.7,42.7,17.5,17.5,17.5,1012.1,1012.1,1012.1, 0, 0, 0,0,0,0,90,90,90,1790241259
24.09 09:15,16.5,16.5,16.5,40.8,40.8,40.8,19.8,19.8,19.8,19.8,19.8,19.8,17.5,17.5,17.5,43.0,43.0,43.0,17.5,17.5,17.5,1012.1,1012.1,1012.1,92,92,92,0,0,0,90,90,90,1790241319
24.09 09:21,17.5,17.5,17.5,40.8,40.8,40.8,19.5,19.5,19.5,19.5,19.5,19.5,17.5,17.5,17.5,43.5,43.5,43.5,17.5,17.5,17.5,1012.1,1012.1,1012.1,92,92,92,0,0,0,90,90,90,1790241679
24.09 09:34,17.5,17.5,17.5,40.8,40.8,40.8,19.5,19.5,19.5,19.5,19.5,19.5,17.5,17.5,17.5,43.5,43.5,43.5,17.5,17.5,17.5,1012.2,1012.2,1012.2,90,90,90,0,0,0,90,90,90,1790242459
24.09 09:45,17.0,17.0,17.0,40.5,40.5,40.5,19.3,19.3,19.3,20.0,20.0,20.0,17.5,17.5,17.5,42.7,42.7,42.7,17.5,17.5,17.5,1012.1,1012.1,1012.1,89,89,89,0,0,0,90,90,90,1790243107
24.09 09:56,16.5,16.5,16.5,40.2,40.2,40.2,19.0,19.0,19.0,20.0,20.0,20.0,17.5,17.5,17.5,42.0,42.0,42.0,17.5,17.5,17.5,1012.1,1012.1,1012.1,90,90,90,0,0,0,90,90,90,1790243782
24.09 10:16,17.0,17.0,17.0,40.2,40.2,40.2,18.8,18.8,18.8,18.8,18.8,18.8,17.2,17.2,17.2,41.2,41.2,41.2,17.5,17.5,17.5,1012.1,1012.1,1012.1,90,90,90,0,0,0,90,90,90,1790244982
24.09 10:18,16.5,16.5,16.5,40.0,40.0,40.0,18.8,18.8,18.8,20.0,20.0,20.0,17.2,17.2,17.2,41.2,41.2,41.2,17.5,17.5,17.5,1012.1,1012.1,1012.1,90,90,90,0,0,0,90,90,90,1790245128
24.09 10:32,16.5,16.5,16.5,40.0,40.0,40.0,18.8,18.8,18.8,20.0,20.0,20.0,17.2,17.2,17.2,41.0,41.0,41.0,17.5,17.5,17.5,1012.1,1012.1,1012.1,89,89,89,0,0,0,90,90,90,1790245971
24.09 10:36,16.5,16.5,16.5,39.7,39.7,39.7,18.5,18.5,18.5,20.0,20.0,20.0,17.2,17.2,17.2,41.0,41.0,41.0,17.5,17.5,17.5,1012.1,1012.1,1012.1,90,90,90,0,0,0,90,90,90,1790246211
24.09 10:46,16.5,16.5,16.5,39.7,39.7,39.7,18.5,18.5,18.5,20.0,20.0,20.0,17.2,17.2,17.2,41.2,41.2,41.2,17.5,17.5,17.5,1012.0,1012.0,1012.0,89,89,89,0,0,0,90,90,90,1790246811
24.09 10:50,17.0,17.0,17.0,39.5,39.5,39.5,18.5,18.5,18.5,20.0,20.0,20.0,17.2,17.2,17.2,41.5,41.5,41.5,17.5,17.5,17.5,1012.0,1012.0,1012.0,89,89,89,0,0,0,90,90,90,1790247051
24.09 10:52,17.0,17.0,17.0,39.5,39.5,39.5,18.5,18.5,18.5,18.5,18.5,18.5,17.2,17.2,17.2,41.5,41.5,41.5,17.5,17.5,17.5,1012.0,1012.0,1012.0,89,89,89,0,0,0,90,90,90,1790247171
24.09 11:02,17.5,17.5,17.5,39.5,39.5,39.5,18.3,18.3,18.3,18.3,18.3,18.3,17.2,17.2,17.2,42.2,42.2,42.2,17.5,17.5,17.5,1011.9,1011.9,1011.9, 0, 0, 0,0,0,0,90,90,90,1790247771
24.09 11:03,18.0,18.0,18.0,39.2,39.2,39.2,18.3,18.3,18.3,18.3,18.3,18.3,17.2,17.2,17.2,42.5,42.5,42.5,17.5,17.5,17.5,1011.9,1011.9,1011.9,87,87,87,0,0,0,90,90,90,1790247831
24.09 11:16,18.5,18.5,18.5,39.2,39.2,39.2,18.3,18.3,18.3,18.3,18.3,18.3,17.2,17.2,17.2,43.5,43.5,43.5,17.5,17.5,17.5,1011.9,1011.9,1011.9,85,85,85,0,0,0,90,90,90,1790248611
24.09 11:25,18.5,18.5,18.5,39.0,39.0,39.0,18.3,18.3,18.3,18.3,18.3,18.3,17.2,17.2,17.2,43.3,43.3,43.3,17.5,17.5,17.5,1011.9,1011.9,1011.9,83,83,83,0,0,0,90,90,90,1790249151
24.09 11:31,18.5,18.5,18.5,39.0,39.0,39.0,18.0,18.0,18.0,18.0,18.0,18.0,17.2,17.2,17.2,43.5,43.5,43.5,17.5,17.5,17.5,1011.9,1011.9,1011.9, 0, 0, 0,0,0,0,90,90,90,1790249511
24.09 11:32,18.5,18.5,18.5,39.0,39.0,39.0,18.0,18.0,18.0,18.0,18.0,18.0,17.2,17.2,17.2,43.5,43.5,43.5,17.5,17.5,17.5,1011.9,1011.9,1011.9,84,84,84,0,0,0,90,90,90,1790249571
24.09 11:53,18.5,18.5,18.5,38.7,38.7,38.7,18.0,18.0,18.0,18.0,18.0,18.0,17.2,17.2,17.2,43.5,43.5,43.5,17.5,17.5,17.5,1011.8,1011.8,1011.8,83,83,83,0,0,0,90,90,90,1790250831
24.09 12:01,18.5,18.5,18.5,38.7,38.7,38.7,18.0,18.0,18.0,18.0,18.0,18.0,17.2,17.2,17.2,43.5,43.5,43.5,17.5,17.5,17.5,1011.8,1011.8,1011.8,83,83,83,0,0,0,90,90,90,1790251311
24.09 12:09,19.0,19.0,19.0,38.7,38.7,38.7,17.8,17.8,17.8,17.8,17.8,17.8,17.2,17.2,17.2,43.7,43.7,43.7,17.5,17.5,17.5,1011.7,1011.7,1011.7,82,82,82,0,0,0,90,90,90,1790251791
24.09 12:13,19.0,19.0,19.0,38.7,38.7,38.7,17.8,17.8,17.8,17.0,17.0,17.0,17.5,17.5,17.5,43.7,43.7,43.7,17.5,17.5,17.5,1011.7,1011.7,1011.7,83,83,83,0,0,0,90,90,90,1790252031
24.09 12:15,19.0,19.0,19.0,38.7,38.7,38.7,18.8,18.8,18.8,18.0,18.0,18.0,18.3,18.3,18.3,43.7,43.7,43.7,17.5,17.5,17.5,1011.7,1011.7,1011.7,82,82,82,0,0,0,90,90,90,1790252151
24.09 12:16,19.0,19.0,19.0,38.7,38.7,38.7,19.3,19.3,19.3,19.0,19.0,19.0,18.5,18.5,18.5,43.7,43.7,43.7,17.5,17.5,17.5,1011.7,1011.7,1011.7,82,82,82,0,0,0,90,90,90,1790252212
24.09 12:18,19.0,19.0,19.0,38.7,38.7,38.7,20.0,20.0,20.0,20.0,20.0,20.0,19.5,19.5,19.5,43.7,43.7,43.7,17.5,17.5,17.5,1011.6,1011.6,1011.6,83,83,83,0,0,0,90,90,90,1790252332
24.09 12:20,19.5,19.5,19.5,38.5,38.5,38.5,21.0,21.0,21.0,21.0,21.0,21.0,20.3,20.3,20.3,43.7,43.7,43.7,17.5,17.5,17.5,1011.6,1011.6,1011.6,82,82,82,0,0,0,90,90,90,1790252452
24.09 12:23,19.5,19.5,19.5,38.5,38.5,38.5,22.0,22.0,22.0,22.0,22.0,22.0,21.0,21.0,21.0,44.0,44.0,44.0,17.5,17.5,17.5,1011.6,1011.6,1011.6,81,81,81,0,0,0,90,90,90,1790252632
24.09 12:26,19.5,19.5,19.5,38.5,38.5,38.5,22.8,22.8,22.8,22.0,22.0,22.0,22.0,22.0,22.0,44.0,44.0,44.0,17.5,17.5,17.5,1011.5,1011.5,1011.5,83,83,83,0,0,0,90,90,90,1790252812
24.09 12:27,19.5,19.5,19.5,38.5,38.5,38.5,23.0,23.0,23.0,23.0,23.0,23.0,22.2,22.2,22.2,44.0,44.0,44.0,17.5,17.5,17.5,1011.6,1011.6,1011.6,82,82,82,0,0,0,90,90,90,1790252872
24.09 12:31,20.0,20.0,20.0,38.2,38.2,38.2,24.0,24.0,24.0,24.0,24.0,24.0,23.0,23.0,23.0,44.2,44.2,44.2,17.5,17.5,17.5,1011.5,1011.5,1011.5,81,81,81,0,0,0,90,90,90,1790253112
24.09 12:34,19.5,19.5,19.5,37.0,37.0,37.0,24.5,24.5,24.5,24.0,24.0,24.0,23.7,23.7,23.7,44.2,44.2,44.2,17.5,17.5,17.5,1011.6,1011.6,1011.6,80,80,80,0,0,0,90,90,90,1790253292
24.09 12:38,19.5,19.5,19.5,36.0,36.0,36.0,24.7,24.7,24.7,24.0,24.0,24.0,24.0,24.0,24.0,44.2,44.2,44.2,17.5,17.5,17.5,1011.6,1011.6,1011.6,81,81,81,0,0,0,90,90,90,1790253532
24.09 12:40,19.5,19.5,19.5,35.7,35.7,35.7,25.0,25.0,25.0,25.0,25.0,25.0,24.3,24.3,24.3,44.2,44.2,44.2,17.5,17.5,17.5,1011.6,1011.6,1011.6,81,81,81,0,0,0,90,90,90,1790253652
24.09 12:43,19.5,19.5,19.5,34.7,34.7,34.7,25.0,25.0,25.0,25.0,25.0,25.0,24.5,24.5,24.5,44.2,44.2,44.2,17.5,17.5,17.5,1011.6,1011.6,1011.6,81,81,81,0,0,0,90,90,90,1790253832
24.09 12:45,20.0,20.0,20.0,33.7,33.7,33.7,25.0,25.0,25.0,25.0,25.0,25.0,24.5,24.5,24.5,44.2,44.2,44.2,17.5,17.5,17.5,1011.6,1011.6,1011.6,82,82,82,0,0,0,90,90,90,1790253952
24.09 12:46,20.0,20.0,20.0,33.2,33.2,33.2,24.7,24.7,24.7,24.0,24.0,24.0,24.5,24.5,24.5,44.2,44.2,44.2,17.5,17.5,17.5,1011.7,1011.7,1011.7,81,81,81,0,0,0,90,90,90,1790254012
24.09 12:48,20.0,20.0,20.0,32.7,32.7,32.7,24.7,24.7,24.7,24.0,24.0,24.0,24.3,24.3,24.3,44.5,44.5,44.5,17.5,17.5,17.5,1011.6,1011.6,1011.6, 0, 0, 0,0,0,0,90,90,90,1790254132
24.09 12:49,19.5,19.5,19.5,32.2,32.2,32.2,24.7,24.7,24.7,24.0,24.0,24.0,24.3,24.3,24.3,44.5,44.5,44.5,17.5,17.5,17.5,1011.6,1011.6,1011.6,80,80,80,0,0,0,90,90,90,1790254192
24.09 12:53,19.5,19.5,19.5,31.2,31.2,31.2,24.5,24.5,24.5,24.0,24.0,24.0,24.3,24.3,24.3,44.5,44.5,44.5,17.5,17.5,17.5,1011.7,1011.7,1011.7,80,80,80,0,0,0,90,90,90,1790254432
24.09 12:56,19.5,19.5,19.5,30.8,30.8,30.8,24.5,24.5,24.5,20.0,20.0,20.0,24.3,24.3,24.3,44.5,44.5,44.5,17.5,17.5,17.5,1011.7,1011.7,1011.7,81,81,81,0,0,0,90,90,90,1790254577
24.09 13:02,19.5,19.5,19.5,29.8,29.8,29.8,24.0,24.0,24.0,20.0,20.0,20.0,23.7,23.7,23.7,44.5,44.5,44.5,17.5,17.5,17.5,1011.6,1011.6,1011.6,82,82,82,0,0,0,90,90,90,1790254937
24.09 13:09,19.0,19.0,19.0,28.7,28.7,28.7,23.5,23.5,23.5,20.0,20.0,20.0,23.3,23.3,23.3,44.5,44.5,44.5,17.5,17.5,17.5,1011.6,1011.6,1011.6,80,80,80,0,0,0,90,90,90,1790255357
24.09 13:16,19.0,19.0,19.0,28.0,28.0,28.0,23.5,23.5,23.5,23.5,23.5,23.5,22.8,22.8,22.8,44.0,44.0,44.0,17.5,17.5,17.5,1011.6,1011.6,1011.6,80,80,80,0,0,0,90,90,90,1790255777
24.09 13:20,18.0,18.0,18.0,27.5,27.5,27.5,23.5,23.5,23.5,23.5,23.5,23.5,22.5,22.5,22.5,43.7,43.7,43.7,17.5,17.5,17.5,1011.6,1011.6,1011.6,81,81,81,0,0,0,90,90,90,1790256017
24.09 13:26,18.0,18.0,18.0,27.0,27.0,27.0,23.5,23.5,23.5,23.5,23.5,23.5,22.0,22.0,22.0,43.5,43.5,43.5,17.5,17.5,17.5,1011.7,1011.7,1011.7,83,83,83,0,0,0,90,90,90,1790256377
24.09 13:37,18.5,18.5,18.5,26.2,26.2,26.2,23.5,23.5,23.5,23.5,23.5,23.5,21.5,21.5,21.5,42.7,42.7,42.7,17.5,17.5,17.5,1011.6,1011.6,1011.6,84,84,84,0,0,0,90,90,90,1790257037
24.09 13:51,19.0,19.0,19.0,25.8,25.8,25.8,23.3,23.3,23.3,23.3,23.3,23.3,21.5,21.5,21.5,42.5,42.5,42.5,17.5,17.5,17.5,1011.7,1011.7,1011.7,84,84,84,0,0,0,90,90,90,1790257877
24.09 14:01,18.5,18.5,18.5,25.3,25.3,25.3,23.0,23.0,23.0,23.0,23.0,23.0,21.5,21.5,21.5,42.5,42.5,42.5,17.5,17.5,17.5,1011.8,1011.8,1011.8,85,85,85,0,0,0,90,90,90,1790258477
24.09 14:05,18.5,18.5,18.5,25.0,25.0,25.0,23.0,23.0,23.0,23.0,23.0,23.0,21.5,21.5,21.5,42.5,42.5,42.5,17.5,17.5,17.5,1011.8,1011.8,1011.8,86,86,86,0,0,0,90,90,90,1790258717
24.09 14:19,18.5,18.5,18.5,24.5,24.5,24.5,22.8,22.8,22.8,22.8,22.8,22.8,21.0,21.0,21.0,42.2,42.2,42.2,17.5,17.5,17.5,1011.8,1011.8,1011.8, 0, 0, 0,0,0,0,90,90,90,1790259557
24.09 14:20,18.5,18.5,18.5,24.5,24.5,24.5,22.8,22.8,22.8,22.8,22.8,22.8,21.0,21.0,21.0,42.2,42.2,42.2,17.5,17.5,17.5,1011.8,1011.8,1011.8,87,87,87,0,0,0,90,90,90,1790259617
24.09 14:32,18.5,18.5,18.5,24.3,24.3,24.3,22.8,22.8,22.8,22.8,22.8,22.8,20.8,20.8,20.8,42.0,42.0,42.0,17.5,17.5,17.5,1011.8,1011.8,1011.8,89,89,89,0,0,0,90,90,90,1790260337
24.09 14:41,18.5,18.5,18.5,24.0,24.0,24.0,22.5,22.5,22.5,22.5,22.5,22.5,20.8,20.8,20.8,42.2,42.2,42.2,17.5,17.5,17.5,1011.7,1011.7,1011.7,90,90,90,0,0,0,90,90,90,1790260877
24.09 14:51,18.5,18.5,18.5,23.7,23.7,23.7,22.5,22.5,22.5,22.5,22.5,22.5,20.5,20.5,20.5,42.5,42.5,42.5,17.5,17.5,17.5,1011.6,1011.6,1011.6,90,90,90,0,0,0,90,90,90,1790261477
24.09 15:12,18.5,18.5,18.5,23.5,23.5,23.5,22.2,22.2,22.2,22.2,22.2,22.2,20.3,20.3,20.3,42.7,42.7,42.7,17.5,17.5,17.5,1011.6,1011.6,1011.6,88,88,88,0,0,0,90,90,90,1790262738
24.09 15:20,19.5,19.5,19.5,23.3,23.3,23.3,22.2,22.2,22.2,22.2,22.2,22.2,20.0,20.0,20.0,43.0,43.0,43.0,17.5,17.5,17.5,1011.6,1011.6,1011.6,88,88,88,0,0,0,90,90,90,1790263218
24.09 15:33,19.5,19.5,19.5,23.3,23.3,23.3,22.0,22.0,22.0,22.0,22.0,22.0,19.8,19.8,19.8,43.7,43.7,43.7,17.5,17.5,17.5,1011.5,1011.5,1011.5,85,85,85,0,0,0,90,90,90,1790263998
24.09 15:48,20.0,20.0,20.0,23.0,23.0,23.0,21.8,21.8,21.8,21.8,21.8,21.8,19.5,19.5,19.5,44.2,44.2,44.2,17.5,17.5,17.5,1011.4,1011.4,1011.4,85,85,85,0,0,0,90,90,90,1790264898
24.09 16:20,20.0,20.0,20.0,22.8,22.8,22.8,21.5,21.5,21.5,21.5,21.5,21.5,19.0,19.0,19.0,44.0,44.0,44.0,17.5,17.5,17.5,1011.5,1011.5,1011.5,84,84,84,0,0,0,90,90,90,1790266818
24.09 16:23,20.0,20.0,20.0,22.8,22.8,22.8,21.5,21.5,21.5,21.5,21.5,21.5,19.0,19.0,19.0,44.0,44.0,44.0,17.5,17.5,17.5,1011.6,1011.6,1011.6,85,85,85,0,0,0,90,90,90,1790266998
24.09 16:28,19.0,19.0,19.0,22.8,22.8,22.8,21.2,21.2,21.2,21.2,21.2,21.2,19.0,19.0,19.0,44.0,44.0,44.0,17.5,17.5,17.5,1011.6,1011.6,1011.6,84,84,84,0,0,0,90,90,90,1790267298
24.09 16:39,20.0,20.0,20.0,22.5,22.5,22.5,21.2,21.2,21.2,21.2,21.2,21.2,18.8,18.8,18.8,44.0,44.0,44.0,17.5,17.5,17.5,1011.6,1011.6,1011.6,86,86,86,0,0,0,90,90,90,1790267958
24.09 16:44,20.0,20.0,20.0,22.5,22.5,22.5,22.2,22.2,22.2,22.2,22.2,22.2,18.8,18.8,18.8,43.7,43.7,43.7,17.5,17.5,17.5,1011.6,1011.6,1011.6,86,86,86,0,0,0,90,90,90,1790268258
24.09 16:45,20.0,20.0,20.0,22.5,22.5,22.5,23.5,23.5,23.5,23.5,23.5,23.5,19.0,19.0,19.0,43.7,43.7,43.7,17.5,17.5,17.5,1011.6,1011.6,1011.6,86,86,86,0,0,0,90,90,90,1790268318
24.09 16:46,20.0,20.0,20.0,22.5,22.5,22.5,25.5,25.5,25.5,25.5,25.5,25.5,19.0,19.0,19.0,43.7,43.7,43.7,17.5,17.5,17.5,1011.5,1011.5,1011.5,86,86,86,0,0,0,90,90,90,1790268378
24.09 16:47,20.0,20.0,20.0,22.5,22.5,22.5,27.8,27.8,27.8,27.8,27.8,27.8,19.0,19.0,19.0,43.7,43.7,43.7,17.5,17.5,17.5,1011.6,1011.6,1011.6,85,85,85,0,0,0,90,90,90,1790268438
24.09 16:48,20.0,20.0,20.0,22.5,22.5,22.5,30.5,30.5,30.5,30.5,30.5,30.5,19.5,19.5,19.5,43.7,43.7,43.7,17.5,17.5,17.5,1011.6,1011.6,1011.6,85,85,85,0,0,0,90,90,90,1790268498
24.09 16:49,20.0,20.0,20.0,22.5,22.5,22.5,33.5,33.5,33.5,33.5,33.5,33.5,19.8,19.8,19.8,43.7,43.7,43.7,17.5,17.5,17.5,1011.6,1011.6,1011.6,86,86,86,0,0,0,90,90,90,1790268558
24.09 16:50,20.0,20.0,20.0,22.8,22.8,22.8,36.5,36.5,36.5,36.5,36.5,36.5,20.0,20.0,20.0,43.7,43.7,43.7,17.5,17.5,17.5,1011.6,1011.6,1011.6,85,85,85,0,0,0,90,90,90,1790268618
24.09 16:51,20.0,20.0,20.0,22.8,22.8,22.8,39.7,39.7,39.7,39.7,39.7,39.7,20.0,20.0,20.0,43.7,43.7,43.7,17.5,17.5,17.5,1011.6,1011.6,1011.6,85,85,85,0,0,0,90,90,90,1790268678
24.09 16:52,20.0,20.0,20.0,23.0,23.0,23.0,43.5,43.5,43.5,43.3,43.3,43.3,20.0,20.0,20.0,43.7,43.7,43.7,17.5,17.5,17.5,1011.6,1011.6,1011.6,85,85,85,0,0,0,90,90,90,1790268738
24.09 16:53,20.0,20.0,20.0,23.3,23.3,23.3,47.2,47.2,47.2,47.2,47.2,47.2,20.0,20.0,20.0,43.7,43.7,43.7,17.5,17.5,17.5,1011.6,1011.6,1011.6,85,85,85,0,0,0,90,90,90,1790268798
24.09 16:54,20.0,20.0,20.0,23.5,23.5,23.5,51.2,51.2,51.2,51.0,51.0,51.0,19.8,19.8,19.8,43.7,43.7,43.7,17.5,17.5,17.5,1011.7,1011.7,1011.7,86,86,86,0,0,0,90,90,90,1790268858
24.09 16:55,19.5,19.5,19.5,23.7,23.7,23.7,55.2,55.2,55.2,55.0,55.0,55.0,19.8,19.8,19.8,43.7,43.7,43.7,17.5,17.5,17.5,1011.7,1011.7,1011.7,86,86,86,0,0,0,90,90,90,1790268918
24.09 16:56,20.0,20.0,20.0,24.3,24.3,24.3,59.7,59.7,59.7,59.7,59.7,59.7,19.5,19.5,19.5,43.7,43.7,43.7,17.5,17.5,17.5,1011.7,1011.7,1011.7,86,86,86,0,0,0,90,90,90,1790268978
24.09 16:57,20.0,20.0,20.0,24.5,24.5,24.5,63.5,63.5,63.5,63.5,63.5,63.5,19.5,19.5,19.5,43.7,43.7,43.7,17.5,17.5,17.5,1011.7,1011.7,1011.7,86,86,86,0,0,0,90,90,90,1790269038
24.09 16:58,20.0,20.0,20.0,25.0,25.0,25.0,67.7,67.7,67.7,67.5,67.5,67.5,19.5,19.5,19.5,43.7,43.7,43.7,17.5,17.5,17.5,1011.7,1011.7,1011.7,86,86,86,0,0,0,90,90,90,1790269098
24.09 16:59,20.0,20.0,20.0,25.5,25.5,25.5,71.0,71.0,71.0,71.0,71.0,71.0,19.5,19.5,19.5,43.7,43.7,43.7,17.5,17.5,17.5,1011.7,1011.7,1011.7,86,86,86,0,0,0,90,90,90,1790269158
24.09 17:00,20.0,20.0,20.0,25.8,25.8,25.8,74.2,74.2,74.2,74.2,74.2,74.2,19.5,19.5,19.5,43.7,43.7,43.7,17.5,17.5,17.5,1011.7,1011.7,1011.7,86,86,86,0,0,0,90,90,90,1790269218
24.09 17:01,20.0,20.0,20.0,26.2,26.2,26.2,76.7,76.7,76.7,76.7,76.7,76.7,19.5,19.5,19.5,43.7,43.7,43.7,17.5,17.5,17.5,1011.8,1011.8,1011.8,86,86,86,0,0,0,90,90,90,1790269278
24.09 17:02,19.5,19.5,19.5,26.8,26.8,26.8,78.5,78.5,78.5,78.5,78.5,78.5,19.5,19.5,19.5,43.7,43.7,43.7,17.5,17.5,17.5,1011.8,1011.8,1011.8,86,86,86,0,0,0,90,90,90,1790269338
24.09 17:03,19.5,19.5,19.5,27.2,27.2,27.2,80.5,80.5,80.5,80.0,80.0,80.0,19.5,19.5,19.5,43.5,43.5,43.5,17.5,17.5,17.5,1011.8,1011.8,1011.8,85,85,85,0,0,0,0,0,0,1790269398
24.09 17:04,19.5,19.5,19.5,27.8,27.8,27.8,80.0,80.0,80.0,80.0,80.0,80.0,35.0,35.0,35.0,43.5,43.5,43.5,17.5,17.5,17.5,1011.8,1011.8,1011.8,86,86,86,0,0,0,0,0,0,1790269458
24.09 17:05,19.5,19.5,19.5,28.3,28.3,28.3,68.3,68.3,68.3,68.0,68.0,68.0,54.5,54.5,54.5,43.5,43.5,43.5,17.5,17.5,17.5,1011.8,1011.8,1011.8,87,87,87,0,0,0,0,0,0,1790269518
24.09 17:06,19.5,19.5,19.5,28.7,28.7,28.7,62.0,62.0,62.0,65.0,65.0,65.0,60.5,60.5,60.5,43.5,43.5,43.5,17.5,17.5,17.5,1011.8,1011.8,1011.8,87,87,87,0,0,0,4,4,4,1790269578
24.09 17:07,19.5,19.5,19.5,29.3,29.3,29.3,60.5,60.5,60.5,65.0,65.0,65.0,57.5,57.5,57.5,43.5,43.5,43.5,17.5,17.5,17.5,1011.8,1011.8,1011.8,87,87,87,0,0,0,4,4,4,1790269638
24.09 17:08,19.5,19.5,19.5,29.8,29.8,29.8,60.0,60.0,60.0,65.0,65.0,65.0,53.3,53.3,53.3,43.5,43.5,43.5,17.5,17.5,17.5,1011.8,1011.8,1011.8,87,87,87,0,0,0,4,4,4,1790269698
24.09 17:09,19.5,19.5,19.5,30.0,30.0,30.0,59.7,59.7,59.7,65.0,65.0,65.0,50.5,50.5,50.5,43.5,43.5,43.5,17.5,17.5,17.5,1011.7,1011.7,1011.7,87,87,87,0,0,0,4,4,4,1790269758
24.09 17:10,19.5,19.5,19.5,30.5,30.5,30.5,59.5,59.5,59.5,65.0,65.0,65.0,48.7,48.7,48.7,43.3,43.3,43.3,17.5,17.5,17.5,1011.8,1011.8,1011.8,88,88,88,0,0,0,4,4,4,1790269818
24.09 17:12,19.5,19.5,19.5,31.2,31.2,31.2,60.2,60.2,60.2,65.0,65.0,65.0,47.5,47.5,47.5,43.3,43.3,43.3,17.5,17.5,17.5,1011.8,1011.8,1011.8,88,88,88,0,0,0,4,4,4,1790269938
24.09 17:14,19.5,19.5,19.5,32.0,32.0,32.0,61.5,61.5,61.5,65.0,65.0,65.0,48.3,48.3,48.3,43.3,43.3,43.3,17.5,17.5,17.5,1011.7,1011.7,1011.7,88,88,88,0,0,0,4,4,4,1790270058
24.09 17:16,19.5,19.5,19.5,32.7,32.7,32.7,62.2,62.2,62.2,65.0,65.0,65.0,49.2,49.2,49.2,43.3,43.3,43.3,17.5,17.5,17.5,1011.7,1011.7,1011.7,88,88,88,0,0,0,4,4,4,1790270178
24.09 17:18,19.5,19.5,19.5,33.2,33.2,33.2,63.3,63.3,63.3,65.0,65.0,65.0,49.2,49.2,49.2,43.0,43.0,43.0,17.5,17.5,17.5,1011.7,1011.7,1011.7,88,88,88,0,0,0,4,4,4,1790270298
24.09 17:21,19.5,19.5,19.5,34.2,34.2,34.2,64.2,64.2,64.2,65.0,65.0,65.0,48.3,48.3,48.3,43.0,43.0,43.0,17.5,17.5,17.5,1011.8,1011.8,1011.8,88,88,88,0,0,0,4,4,4,1790270478
24.09 17:23,19.5,19.5,19.5,35.0,35.0,35.0,65.0,65.0,65.0,65.0,65.0,65.0,47.0,47.0,47.0,43.0,43.0,43.0,17.5,17.5,17.5,1011.8,1011.8,1011.8,88,88,88,0,0,0,4,4,4,1790270598
24.09 17:24,19.5,19.5,19.5,35.2,35.2,35.2,65.5,65.5,65.5,65.0,65.0,65.0,46.0,46.0,46.0,42.7,42.7,42.7,17.5,17.5,17.5,1011.8,1011.8,1011.8,88,88,88,0,0,0,4,4,4,1790270658
24.09 17:25,19.5,19.5,19.5,35.5,35.5,35.5,65.8,65.8,65.8,65.0,65.0,65.0,44.7,44.7,44.7,42.7,42.7,42.7,17.5,17.5,17.5,1011.8,1011.8,1011.8,88,88,88,0,0,0,4,4,4,1790270718
24.09 17:26,19.5,19.5,19.5,36.0,36.0,36.0,66.0,66.0,66.0,66.0,66.0,66.0,43.5,43.5,43.5,42.7,42.7,42.7,17.5,17.5,17.5,1011.8,1011.8,1011.8,88,88,88,0,0,0,4,4,4,1790270778
24.09 17:27,19.5,19.5,19.5,36.2,36.2,36.2,66.0,66.0,66.0,66.0,66.0,66.0,42.2,42.2,42.2,42.7,42.7,42.7,17.5,17.5,17.5,1011.8,1011.8,1011.8,88,88,88,0,0,0,4,4,4,1790270838
24.09 17:28,19.5,19.5,19.5,36.5,36.5,36.5,66.2,66.2,66.2,66.2,66.2,66.2,40.8,40.8,40.8,42.7,42.7,42.7,17.5,17.5,17.5,1011.9,1011.9,1011.9,88,88,88,0,0,0,4,4,4,1790270898
24.09 17:29,19.5,19.5,19.5,36.7,36.7,36.7,66.5,66.5,66.5,66.5,66.5,66.5,39.5,39.5,39.5,42.7,42.7,42.7,17.5,17.5,17.5,1011.9,1011.9,1011.9,88,88,88,0,0,0,4,4,4,1790270958
24.09 17:30,19.5,19.5,19.5,37.0,37.0,37.0,66.5,66.5,66.5,66.5,66.5,66.5,38.2,38.2,38.2,42.7,42.7,42.7,17.5,17.5,17.5,1011.9,1011.9,1011.9,88,88,88,0,0,0,4,4,4,1790271018
24.09 17:32,19.5,19.5,19.5,37.5,37.5,37.5,67.2,67.2,67.2,67.0,67.0,67.0,35.0,35.0,35.0,42.7,42.7,42.7,17.5,17.5,17.5,1011.9,1011.9,1011.9,89,89,89,0,0,0,4,4,4,1790271121
24.09 17:33,19.5,19.5,19.5,37.7,37.7,37.7,66.2,66.2,66.2,66.0,66.0,66.0,42.5,42.5,42.5,42.5,42.5,42.5,17.5,17.5,17.5,1011.9,1011.9,1011.9,89,89,89,0,0,0,4,4,4,1790271181
24.09 17:34,19.5,19.5,19.5,38.2,38.2,38.2,60.5,60.5,60.5,60.0,60.0,60.0,52.0,52.0,52.0,42.5,42.5,42.5,17.5,17.5,17.5,1011.9,1011.9,1011.9,89,89,89,0,0,0,4,4,4,1790271241
24.09 17:35,19.5,19.5,19.5,38.2,38.2,38.2,56.7,56.7,56.7,56.0,56.0,56.0,54.5,54.5,54.5,42.5,42.5,42.5,17.5,17.5,17.5,1011.9,1011.9,1011.9,89,89,89,0,0,0,4,4,4,1790271301
24.09 17:36,19.5,19.5,19.5,38.5,38.5,38.5,55.5,55.5,55.5,55.0,55.0,55.0,52.5,52.5,52.5,42.5,42.5,42.5,17.5,17.5,17.5,1011.9,1011.9,1011.9,89,89,89,0,0,0,4,4,4,1790271361
24.09 17:38,19.5,19.5,19.5,39.0,39.0,39.0,54.7,54.7,54.7,20.0,20.0,20.0,48.7,48.7,48.7,42.5,42.5,42.5,17.5,17.5,17.5,1012.0,1012.0,1012.0,89,89,89,0,0,0,4,4,4,1790271510
24.09 17:39,19.5,19.5,19.5,39.0,39.0,39.0,54.5,54.5,54.5,20.0,20.0,20.0,46.2,46.2,46.2,42.5,42.5,42.5,17.5,17.5,17.5,1012.0,1012.0,1012.0,89,89,89,0,0,0,4,4,4,1790271570
24.09 17:40,19.5,19.5,19.5,39.2,39.2,39.2,54.7,54.7,54.7,20.0,20.0,20.0,44.5,44.5,44.5,42.5,42.5,42.5,17.5,17.5,17.5,1012.0,1012.0,1012.0,89,89,89,0,0,0,4,4,4,1790271630
24.09 17:41,19.0,19.0,19.0,39.5,39.5,39.5,55.0,55.0,55.0,20.0,20.0,20.0,43.3,43.3,43.3,42.5,42.5,42.5,17.5,17.5,17.5,1012.0,1012.0,1012.0,89,89,89,0,0,0,4,4,4,1790271690
24.09 17:42,19.0,19.0,19.0,39.5,39.5,39.5,55.8,55.8,55.8,20.0,20.0,20.0,42.2,42.2,42.2,42.5,42.5,42.5,17.5,17.5,17.5,1012.0,1012.0,1012.0,89,89,89,0,0,0,4,4,4,1790271750
24.09 17:44,19.0,19.0,19.0,39.7,39.7,39.7,58.0,58.0,58.0,20.0,20.0,20.0,41.2,41.2,41.2,42.5,42.5,42.5,17.5,17.5,17.5,1012.0,1012.0,1012.0,89,89,89,0,0,0,4,4,4,1790271870
24.09 17:45,19.0,19.0,19.0,40.0,40.0,40.0,59.0,59.0,59.0,20.0,20.0,20.0,41.2,41.2,41.2,42.5,42.5,42.5,17.5,17.5,17.5,1012.0,1012.0,1012.0,89,89,89,0,0,0,4,4,4,1790271930
24.09 17:46,19.0,19.0,19.0,40.0,40.0,40.0,60.5,60.5,60.5,20.0,20.0,20.0,41.7,41.7,41.7,42.2,42.2,42.2,17.5,17.5,17.5,1012.0,1012.0,1012.0,89,89,89,0,0,0,4,4,4,1790271990
24.09 17:47,19.0,19.0,19.0,40.2,40.2,40.2,61.7,61.7,61.7,20.0,20.0,20.0,42.7,42.7,42.7,42.2,42.2,42.2,17.5,17.5,17.5,1012.0,1012.0,1012.0,89,89,89,0,0,0,4,4,4,1790272050
24.09 17:48,19.0,19.0,19.0,40.5,40.5,40.5,62.7,62.7,62.7,20.0,20.0,20.0,43.5,43.5,43.5,42.2,42.2,42.2,17.5,17.5,17.5,1012.0,1012.0,1012.0,89,89,89,0,0,0,4,4,4,1790272110
24.09 17:49,19.0,19.0,19.0,40.5,40.5,40.5,64.0,64.0,64.0,20.0,20.0,20.0,44.0,44.0,44.0,42.2,42.2,42.2,17.5,17.5,17.5,1012.1,1012.1,1012.1,90,90,90,0,0,0,4,4,4,1790272170
24.09 17:50,19.0,19.0,19.0,40.8,40.8,40.8,65.0,65.0,65.0,65.0,65.0,65.0,44.2,44.2,44.2,42.2,42.2,42.2,17.5,17.5,17.5,1012.1,1012.1,1012.1,90,90,90,0,0,0,4,4,4,1790272230
24.09 17:51,19.0,19.0,19.0,41.0,41.0,41.0,67.2,67.2,67.2,67.0,67.0,67.0,41.7,41.7,41.7,42.2,42.2,42.2,17.5,17.5,17.5,1012.1,1012.1,1012.1,90,90,90,0,0,0,4,4,4,1790272290
24.09 17:52,19.0,19.0,19.0,41.2,41.2,41.2,68.5,68.5,68.5,68.0,68.0,68.0,48.0,48.0,48.0,42.2,42.2,42.2,17.5,17.5,17.5,1012.1,1012.1,1012.1,90,90,90,0,0,0,4,4,4,1790272350
24.09 17:53,19.0,19.0,19.0,41.2,41.2,41.2,64.0,64.0,64.0,64.0,64.0,64.0,56.2,56.2,56.2,42.2,42.2,42.2,17.5,17.5,17.5,1012.1,1012.1,1012.1,90,90,90,0,0,0,4,4,4,1790272410
24.09 17:54,18.5,18.5,18.5,41.5,41.5,41.5,61.0,61.0,61.0,61.0,61.0,61.0,58.5,58.5,58.5,42.2,42.2,42.2,17.5,17.5,17.5,1012.1,1012.1,1012.1,90,90,90,0,0,0,4,4,4,1790272470
24.09 17:55,19.0,19.0,19.0,41.7,41.7,41.7,60.5,60.5,60.5,60.0,60.0,60.0,56.7,56.7,56.7,42.2,42.2,42.2,17.5,17.5,17.5,1012.1,1012.1,1012.1,90,90,90,0,0,0,4,4,4,1790272530
24.09 17:56,18.5,18.5,18.5,41.7,41.7,41.7,60.8,60.8,60.8,60.0,60.0,60.0,55.8,55.8,55.8,42.2,42.2,42.2,17.5,17.5,17.5,1012.1,1012.1,1012.1,90,90,90,0,0,0,4,4,4,1790272590
24.09 17:59,19.0,19.0,19.0,42.2,42.2,42.2,60.0,60.0,60.0,60.0,60.0,60.0,55.8,55.8,55.8,42.2,42.2,42.2,17.5,17.5,17.5,1012.1,1012.1,1012.1,90,90,90,0,0,0,4,4,4,1790272770
24.09 18:01,18.5,18.5,18.5,42.5,42.5,42.5,59.7,59.7,59.7,59.0,59.0,59.0,55.5,55.5,55.5,42.0,42.0,42.0,17.5,17.5,17.5,1012.2,1012.2,1012.2,90,90,90,0,0,0,4,4,4,1790272890
24.09 18:04,18.5,18.5,18.5,42.7,42.7,42.7,59.2,59.2,59.2,59.0,59.0,59.0,55.2,55.2,55.2,42.0,42.0,42.0,17.5,17.5,17.5,1012.2,1012.2,1012.2,90,90,90,0,0,0,4,4,4,1790273070
24.09 18:11,18.5,18.5,18.5,43.7,43.7,43.7,59.2,59.2,59.2,59.0,59.0,59.0,55.2,55.2,55.2,42.0,42.0,42.0,17.5,17.5,17.5,1012.2,1012.2,1012.2,91,91,91,0,0,0,4,4,4,1790273490
24.09 18:16,18.0,18.0,18.0,44.0,44.0,44.0,59.2,59.2,59.2,20.0,20.0,20.0,55.5,55.5,55.5,42.0,42.0,42.0,17.5,17.5,17.5,1012.2,1012.2,1012.2,91,91,91,0,0,0,4,4,4,1790273763
24.09 18:17,18.5,18.5,18.5,44.2,44.2,44.2,59.2,59.2,59.2,59.0,59.0,59.0,55.0,55.0,55.0,42.0,42.0,42.0,17.5,17.5,17.5,1012.2,1012.2,1012.2,91,91,91,0,0,0,4,4,4,1790273823
24.09 18:18,18.0,18.0,18.0,44.2,44.2,44.2,59.5,59.5,59.5,59.0,59.0,59.0,54.0,54.0,54.0,41.7,41.7,41.7,17.5,17.5,17.5,1012.2,1012.2,1012.2,91,91,91,0,0,0,4,4,4,1790273883
24.09 18:19,18.5,18.5,18.5,44.2,44.2,44.2,59.5,59.5,59.5,59.0,59.0,59.0,52.7,52.7,52.7,41.7,41.7,41.7,17.5,17.5,17.5,1012.2,1012.2,1012.2,91,91,91,0,0,0,4,4,4,1790273943
24.09 18:20,18.5,18.5,18.5,44.5,44.5,44.5,59.7,59.7,59.7,59.0,59.0,59.0,51.5,51.5,51.5,41.7,41.7,41.7,17.5,17.5,17.5,1012.2,1012.2,1012.2,91,91,91,0,0,0,4,4,4,1790274003
24.09 18:21,18.5,18.5,18.5,44.5,44.5,44.5,60.2,60.2,60.2,59.0,59.0,59.0,50.5,50.5,50.5,41.7,41.7,41.7,17.5,17.5,17.5,1012.2,1012.2,1012.2,91,91,91,0,0,0,4,4,4,1790274063
24.09 18:22,18.0,18.0,18.0,44.5,44.5,44.5,60.8,60.8,60.8,59.0,59.0,59.0,49.5,49.5,49.5,41.7,41.7,41.7,17.5,17.5,17.5,1012.2,1012.2,1012.2,91,91,91,0,0,0,4,4,4,1790274123
24.09 18:23,18.0,18.0,18.0,44.7,44.7,44.7,61.7,61.7,61.7,59.0,59.0,59.0,49.0,49.0,49.0,41.7,41.7,41.7,17.5,17.5,17.5,1012.2,1012.2,1012.2,91,91,91,0,0,0,4,4,4,1790274183
24.09 18:25,18.5,18.5,18.5,45.0,45.0,45.0,63.3,63.3,63.3,59.0,59.0,59.0,48.3,48.3,48.3,41.7,41.7,41.7,17.5,17.5,17.5,1012.3,1012.3,1012.3,91,91,91,0,0,0,4,4,4,1790274303
24.09 18:27,18.0,18.0,18.0,45.2,45.2,45.2,64.7,64.7,64.7,59.0,59.0,59.0,48.0,48.0,48.0,41.7,41.7,41.7,17.5,17.5,17.5,1012.3,1012.3,1012.3,92,92,92,0,0,0,4,4,4,1790274423
24.09 18:29,18.0,18.0,18.0,45.2,45.2,45.2,65.8,65.8,65.8,59.0,59.0,59.0,48.3,48.3,48.3,41.7,41.7,41.7,17.5,17.5,17.5,1012.3,1012.3,1012.3,92,92,92,0,0,0,4,4,4,1790274543
24.09 18:31,17.5,17.5,17.5,45.5,45.5,45.5,66.7,66.7,66.7,59.0,59.0,59.0,48.3,48.3,48.3,41.7,41.7,41.7,17.5,17.5,17.5,1012.3,1012.3,1012.3,93,93,93,0,0,0,4,4,4,1790274663
24.09 18:33,17.0,17.0,17.0,45.8,45.8,45.8,67.5,67.5,67.5,20.0,20.0,20.0,47.7,47.7,47.7,41.7,41.7,41.7,17.5,17.5,17.5,1012.4,1012.4,1012.4,93,93,93,0,0,0,4,4,4,1790274821
24.09 18:34,17.0,17.0,17.0,46.0,46.0,46.0,68.5,68.5,68.5,68.0,68.0,68.0,44.7,44.7,44.7,41.7,41.7,41.7,17.5,17.5,17.5,1012.4,1012.4,1012.4,93,93,93,0,0,0,4,4,4,1790274881
24.09 18:35,17.0,17.0,17.0,46.0,46.0,46.0,69.0,69.0,69.0,69.0,69.0,69.0,47.5,47.5,47.5,41.7,41.7,41.7,17.5,17.5,17.5,1012.4,1012.4,1012.4,93,93,93,0,0,0,4,4,4,1790274941
24.09 18:36,17.0,17.0,17.0,46.2,46.2,46.2,65.2,65.2,65.2,65.0,65.0,65.0,56.5,56.5,56.5,41.7,41.7,41.7,17.5,17.5,17.5,1012.4,1012.4,1012.4,93,93,93,0,0,0,4,4,4,1790275001
24.09 18:37,17.5,17.5,17.5,46.2,46.2,46.2,61.5,61.5,61.5,61.0,61.0,61.0,59.7,59.7,59.7,41.7,41.7,41.7,17.5,17.5,17.5,1012.4,1012.4,1012.4,93,93,93,0,0,0,4,4,4,1790275061
24.09 18:38,17.5,17.5,17.5,46.2,46.2,46.2,60.5,60.5,60.5,60.0,60.0,60.0,58.0,58.0,58.0,41.7,41.7,41.7,17.5,17.5,17.5,1012.4,1012.4,1012.4,93,93,93,0,0,0,4,4,4,1790275121
24.09 18:39,17.5,17.5,17.5,46.2,46.2,46.2,59.5,59.5,59.5,59.0,59.0,59.0,56.5,56.5,56.5,41.7,41.7,41.7,17.5,17.5,17.5,1012.4,1012.4,1012.4,93,93,93,0,0,0,4,4,4,1790275181
24.09 18:41,18.0,18.0,18.0,46.5,46.5,46.5,58.7,58.7,58.7,58.0,58.0,58.0,55.5,55.5,55.5,41.7,41.7,41.7,17.5,17.5,17.5,1012.4,1012.4,1012.4,94,94,94,0,0,0,4,4,4,1790275301
24.09 18:44,18.0,18.0,18.0,46.7,46.7,46.7,57.5,57.5,57.5,57.0,57.0,57.0,54.5,54.5,54.5,41.7,41.7,41.7,17.5,17.5,17.5,1012.4,1012.4,1012.4,93,93,93,0,0,0,4,4,4,1790275481
24.09 18:47,18.0,18.0,18.0,47.0,47.0,47.0,56.7,56.7,56.7,56.0,56.0,56.0,53.7,53.7,53.7,41.7,41.7,41.7,17.5,17.5,17.5,1012.4,1012.4,1012.4,93,93,93,0,0,0,4,4,4,1790275661
24.09 18:53,18.0,18.0,18.0,47.2,47.2,47.2,56.0,56.0,56.0,56.0,56.0,56.0,52.7,52.7,52.7,41.5,41.5,41.5,17.5,17.5,17.5,1012.4,1012.4,1012.4,93,93,93,0,0,0,4,4,4,1790276021
24.09 18:58,18.0,18.0,18.0,47.2,47.2,47.2,55.8,55.8,55.8,55.0,55.0,55.0,52.5,52.5,52.5,41.5,41.5,41.5,17.5,17.5,17.5,1012.5,1012.5,1012.5,93,93,93,0,0,0,4,4,4,1790276321
24.09 19:06,18.0,18.0,18.0,47.5,47.5,47.5,55.0,55.0,55.0,20.0,20.0,20.0,52.0,52.0,52.0,41.5,41.5,41.5,17.5,17.5,17.5,1012.5,1012.5,1012.5,93,93,93,0,0,0,4,4,4,1790276798
24.09 19:08,18.0,18.0,18.0,47.2,47.2,47.2,54.7,54.7,54.7,20.0,20.0,20.0,50.8,50.8,50.8,41.5,41.5,41.5,17.5,17.5,17.5,1012.5,1012.5,1012.5,94,94,94,0,0,0,4,4,4,1790276891
24.09 19:10,17.5,17.5,17.5,47.2,47.2,47.2,54.7,54.7,54.7,20.0,20.0,20.0,49.5,49.5,49.5,41.5,41.5,41.5,17.5,17.5,17.5,1012.5,1012.5,1012.5,94,94,94,0,0,0,4,4,4,1790277011
24.09 19:12,18.0,18.0,18.0,47.2,47.2,47.2,55.2,55.2,55.2,20.0,20.0,20.0,48.5,48.5,48.5,41.5,41.5,41.5,17.5,17.5,17.5,1012.5,1012.5,1012.5,94,94,94,0,0,0,4,4,4,1790277131
24.09 19:14,17.5,17.5,17.5,47.2,47.2,47.2,56.2,56.2,56.2,20.0,20.0,20.0,47.7,47.7,47.7,41.5,41.5,41.5,17.5,17.5,17.5,1012.5,1012.5,1012.5,94,94,94,0,0,0,4,4,4,1790277251
24.09 19:17,17.0,17.0,17.0,47.2,47.2,47.2,57.2,57.2,57.2,20.0,20.0,20.0,47.0,47.0,47.0,41.5,41.5,41.5,17.5,17.5,17.5,1012.5,1012.5,1012.5,94,94,94,0,0,0,4,4,4,1790277431
24.09 19:20,17.5,17.5,17.5,47.2,47.2,47.2,58.5,58.5,58.5,20.0,20.0,20.0,46.5,46.5,46.5,41.5,41.5,41.5,17.5,17.5,17.5,1012.6,1012.6,1012.6,94,94,94,0,0,0,4,4,4,1790277629
24.09 19:24,18.0,18.0,18.0,47.0,47.0,47.0,59.5,59.5,59.5,20.0,20.0,20.0,46.0,46.0,46.0,41.5,41.5,41.5,17.5,17.5,17.5,1012.6,1012.6,1012.6,94,94,94,0,0,0,4,4,4,1790277869
24.09 19:28,18.0,18.0,18.0,47.0,47.0,47.0,60.5,60.5,60.5,20.0,20.0,20.0,46.0,46.0,46.0,41.2,41.2,41.2,17.5,17.5,17.5,1012.6,1012.6,1012.6,94,94,94,0,0,0,4,4,4,1790278109
24.09 19:36,17.5,17.5,17.5,47.0,47.0,47.0,61.2,61.2,61.2,20.0,20.0,20.0,45.5,45.5,45.5,41.2,41.2,41.2,17.5,17.5,17.5,1012.6,1012.6,1012.6,94,94,94,0,0,0,4,4,4,1790278589
24.09 19:40,17.5,17.5,17.5,47.2,47.2,47.2,61.7,61.7,61.7,61.7,61.7,61.7,45.2,45.2,45.2,41.0,41.0,41.0,17.5,17.5,17.5,1012.6,1012.6,1012.6,94,94,94,0,0,0,4,4,4,1790278829
24.09 19:45,17.5,17.5,17.5,47.2,47.2,47.2,61.7,61.7,61.7,61.7,61.7,61.7,44.5,44.5,44.5,41.0,41.0,41.0,17.5,17.5,17.5,1012.7,1012.7,1012.7,94,94,94,0,0,0,4,4,4,1790279129
24.09 19:49,17.5,17.5,17.5,47.2,47.2,47.2,61.7,61.7,61.7,61.7,61.7,61.7,43.7,43.7,43.7,41.0,41.0,41.0,17.5,17.5,17.5,1012.7,1012.7,1012.7,94,94,94,0,0,0,4,4,4,1790279369
24.09 19:52,17.5,17.5,17.5,47.5,47.5,47.5,61.7,61.7,61.7,61.7,61.7,61.7,43.3,43.3,43.3,40.8,40.8,40.8,17.5,17.5,17.5,1012.8,1012.8,1012.8,94,94,94,0,0,0,4,4,4,1790279549
24.09 19:56,17.0,17.0,17.0,70.0,70.0,70.0,65.0,65.0,65.0,20.0,20.0,20.0,43.0,43.0,43.0,40.8,40.8,40.8,17.5,17.5,17.5,1012.9,1012.9,1012.9,94,94,94,0,0,0,4,4,4,1790279764
24.09 19:57,17.0,17.0,17.0,70.0,70.0,70.0,68.0,68.0,68.0,68.0,68.0,68.0,38.7,38.7,38.7,40.8,40.8,40.8,17.5,17.5,17.5,1012.9,1012.9,1012.9,94,94,94,0,0,0,4,4,4,1790279824
24.09 19:59,17.5,17.5,17.5,70.0,70.0,70.0,68.0,68.0,68.0,68.0,68.0,68.0,47.5,47.5,47.5,40.8,40.8,40.8,17.5,17.5,17.5,1012.9,1012.9,1012.9,94,94,94,0,0,0,4,4,4,1790279944
24.09 20:00,17.0,17.0,17.0,47.5,47.5,47.5,68.0,68.0,68.0,68.0,68.0,68.0,51.0,51.0,51.0,40.8,40.8,40.8,17.5,17.5,17.5,1012.9,1012.9,1012.9,94,94,94,0,0,0,4,4,4,1790280004
24.09 20:01,17.0,17.0,17.0,47.5,47.5,47.5,53.7,53.7,53.7,68.0,68.0,68.0,51.0,51.0,51.0,40.8,40.8,40.8,17.5,17.5,17.5,1012.9,1012.9,1012.9, 0, 0, 0,0,0,0,8,8,8,1790280064
24.09 20:02,17.0,17.0,17.0,47.5,47.5,47.5,53.0,53.0,53.0,68.0,68.0,68.0,50.0,50.0,50.0,40.8,40.8,40.8,17.5,17.5,17.5,1012.9,1012.9,1012.9,94,94,94,0,0,0,8,8,8,1790280124
24.09 20:03,17.0,17.0,17.0,47.5,47.5,47.5,52.5,52.5,52.5,68.0,68.0,68.0,48.7,48.7,48.7,40.8,40.8,40.8,17.5,17.5,17.5,1012.9,1012.9,1012.9,94,94,94,0,0,0,8,8,8,1790280184
24.09 20:05,17.0,17.0,17.0,47.5,47.5,47.5,52.0,52.0,52.0,68.0,68.0,68.0,47.2,47.2,47.2,40.8,40.8,40.8,17.5,17.5,17.5,1012.9,1012.9,1012.9,94,94,94,0,0,0,8,8,8,1790280304
24.09 20:06,21.5,21.5,21.5,47.5,47.5,47.5,51.7,51.7,51.7,68.0,68.0,68.0,46.7,46.7,46.7,40.8,40.8,40.8,17.5,17.5,17.5,1012.9,1012.9,1012.9,94,94,94,0,0,0,8,8,8,1790280364
24.09 20:07,17.0,17.0,17.0,47.5,47.5,47.5,51.5,51.5,51.5,68.0,68.0,68.0,46.2,46.2,46.2,40.8,40.8,40.8,17.5,17.5,17.5,1012.9,1012.9,1012.9,94,94,94,0,0,0,8,8,8,1790280424
24.09 20:17,17.0,17.0,17.0,47.2,47.2,47.2,51.7,51.7,51.7,68.0,68.0,68.0,46.5,46.5,46.5,40.8,40.8,40.8,17.5,17.5,17.5,970.0,970.0,970.0,100,100,100,0,0,0,8,8,8,1790281024
24.09 20:18,17.0,17.0,17.0,47.2,47.2,47.2,51.7,51.7,51.7,68.0,68.0,68.0,46.5,46.5,46.5,40.8,40.8,40.8,17.5,17.5,17.5,1013.0,1013.0,1013.0,100,100,100,0,0,0,8,8,8,1790281084
24.09 20:21,17.0,17.0,17.0,47.2,47.2,47.2,52.0,52.0,52.0,52.0,52.0,52.0,46.5,46.5,46.5,40.8,40.8,40.8,17.5,17.5,17.5,1013.0,1013.0,1013.0,100,100,100,0,0,0,8,8,8,1790281264
24.09 20:34,17.5,17.5,17.5,46.7,46.7,46.7,52.0,52.0,52.0,20.0,20.0,20.0,46.0,46.0,46.0,41.0,41.0,41.0,17.5,17.5,17.5,1013.0,1013.0,1013.0,95,95,95,0,0,0,8,8,8,1790282083
24.09 20:36,17.5,17.5,17.5,46.7,46.7,46.7,52.0,52.0,52.0,20.0,20.0,20.0,46.0,46.0,46.0,41.0,41.0,41.0,17.5,17.5,17.5,1013.1,1013.1,1013.1,95,95,95,0,0,0,8,8,8,1790282162
24.09 20:52,17.0,17.0,17.0,46.2,46.2,46.2,51.7,51.7,51.7,20.0,20.0,20.0,45.5,45.5,45.5,40.8,40.8,40.8,17.5,17.5,17.5,1013.1,1013.1,1013.1,95,95,95,0,0,0,8,8,8,1790283122
24.09 20:56,17.0,17.0,17.0,46.0,46.0,46.0,51.7,51.7,51.7,51.7,51.7,51.7,45.5,45.5,45.5,40.8,40.8,40.8,17.5,17.5,17.5,1013.2,1013.2,1013.2,95,95,95,0,0,0,8,8,8,1790283362
24.09 21:05,17.0,17.0,17.0,45.8,45.8,45.8,51.5,51.5,51.5,51.5,51.5,51.5,44.0,44.0,44.0,40.8,40.8,40.8,17.5,17.5,17.5,1013.2,1013.2,1013.2,95,95,95,0,0,0,8,8,8,1790283903
24.09 21:06,17.0,17.0,17.0,45.8,45.8,45.8,51.7,51.7,51.7,51.7,51.7,51.7,43.0,43.0,43.0,40.8,40.8,40.8,17.5,17.5,17.5,1013.2,1013.2,1013.2,96,96,96,0,0,0,8,8,8,1790283963
24.09 21:08,17.0,17.0,17.0,45.5,45.5,45.5,51.7,51.7,51.7,51.7,51.7,51.7,41.5,41.5,41.5,40.8,40.8,40.8,17.5,17.5,17.5,1013.2,1013.2,1013.2,95,95,95,0,0,0,8,8,8,1790284083
24.09 21:10,17.0,17.0,17.0,45.5,45.5,45.5,51.7,51.7,51.7,51.7,51.7,51.7,40.5,40.5,40.5,40.8,40.8,40.8,17.5,17.5,17.5,1013.2,1013.2,1013.2,95,95,95,0,0,0,8,8,8,1790284203
24.09 21:11,28.0,28.0,28.0,45.5,45.5,45.5,51.7,51.7,51.7,51.7,51.7,51.7,40.0,40.0,40.0,40.8,40.8,40.8,17.5,17.5,17.5,1013.2,1013.2,1013.2,95,95,95,0,0,0,8,8,8,1790284263
24.09 21:12,28.0,28.0,28.0,45.2,45.2,45.2,51.5,51.5,51.5,51.5,51.5,51.5,39.5,39.5,39.5,40.5,40.5,40.5,17.5,17.5,17.5,1013.2,1013.2,1013.2, 0, 0, 0,0,0,0,8,8,8,1790284323
24.09 21:13,28.0,28.0,28.0,45.2,45.2,45.2,51.5,51.5,51.5,51.5,51.5,51.5,39.2,39.2,39.2,40.8,40.8,40.8,17.5,17.5,17.5,1013.2,1013.2,1013.2,95,95,95,0,0,0,8,8,8,1790284383
24.09 21:16,28.0,28.0,28.0,45.2,45.2,45.2,51.5,51.5,51.5,51.5,51.5,51.5,38.2,38.2,38.2,40.8,40.8,40.8,17.5,17.5,17.5,1013.2,1013.2,1013.2,95,95,95,0,0,0,8,8,8,1790284563
24.09 21:19,17.0,17.0,17.0,45.0,45.0,45.0,51.2,51.2,51.2,20.0,20.0,20.0,37.5,37.5,37.5,40.8,40.8,40.8,17.5,17.5,17.5,1013.2,1013.2,1013.2,95,95,95,0,0,0,8,8,8,1790284772
24.09 21:26,17.0,17.0,17.0,45.0,45.0,45.0,50.5,50.5,50.5,20.0,20.0,20.0,36.5,36.5,36.5,40.8,40.8,40.8,17.5,17.5,17.5,1013.2,1013.2,1013.2,95,95,95,0,0,0,8,8,8,1790285193
24.09 21:29,17.0,17.0,17.0,44.7,44.7,44.7,50.0,50.0,50.0,20.0,20.0,20.0,36.5,36.5,36.5,40.8,40.8,40.8,17.5,17.5,17.5,1013.2,1013.2,1013.2,95,95,95,0,0,0,8,8,8,1790285350
24.09 21:35,17.0,17.0,17.0,44.7,44.7,44.7,49.0,49.0,49.0,20.0,20.0,20.0,36.2,36.2,36.2,40.8,40.8,40.8,17.5,17.5,17.5,1013.3,1013.3,1013.3,94,94,94,0,0,0,8,8,8,1790285710
24.09 21:41,17.0,17.0,17.0,44.5,44.5,44.5,48.0,48.0,48.0,20.0,20.0,20.0,36.2,36.2,36.2,40.8,40.8,40.8,17.5,17.5,17.5,1013.2,1013.2,1013.2,94,94,94,0,0,0,8,8,8,1790286071
24.09 21:46,17.0,17.0,17.0,44.2,44.2,44.2,47.0,47.0,47.0,20.0,20.0,20.0,36.5,36.5,36.5,40.8,40.8,40.8,17.5,17.5,17.5,1013.3,1013.3,1013.3,94,94,94,0,0,0,8,8,8,1790286371
24.09 21:49,17.0,17.0,17.0,44.2,44.2,44.2,46.5,46.5,46.5,46.5,46.5,46.5,36.5,36.5,36.5,40.8,40.8,40.8,17.5,17.5,17.5,1013.2,1013.2,1013.2,94,94,94,0,0,0,8,8,8,1790286551
24.09 21:55,17.0,17.0,17.0,44.0,44.0,44.0,45.5,45.5,45.5,45.5,45.5,45.5,36.7,36.7,36.7,40.5,40.5,40.5,17.5,17.5,17.5,1013.2,1013.2,1013.2,94,94,94,0,0,0,8,8,8,1790286911
24.09 22:01,17.0,17.0,17.0,43.7,43.7,43.7,44.5,44.5,44.5,44.5,44.5,44.5,37.0,37.0,37.0,40.5,40.5,40.5,17.5,17.5,17.5,1013.3,1013.3,1013.3,93,93,93,0,0,0,8,8,8,1790287271
24.09 22:02,17.0,17.0,17.0,43.7,43.7,43.7,44.2,44.2,44.2,44.2,44.2,44.2,37.0,37.0,37.0,40.5,40.5,40.5,17.5,17.5,17.5,1013.3,1013.3,1013.3, 0, 0, 0,0,0,0,8,8,8,1790287331
24.09 22:03,17.0,17.0,17.0,43.7,43.7,43.7,44.2,44.2,44.2,44.2,44.2,44.2,37.2,37.2,37.2,40.5,40.5,40.5,17.5,17.5,17.5,1013.3,1013.3,1013.3,94,94,94,0,0,0,8,8,8,1790287391
24.09 22:10,17.0,17.0,17.0,43.5,43.5,43.5,43.3,43.3,43.3,43.3,43.3,43.3,37.2,37.2,37.2,40.5,40.5,40.5,17.5,17.5,17.5,1013.3,1013.3,1013.3,94,94,94,0,0,0,8,8,8,1790287811
24.09 22:19,17.0,17.0,17.0,43.0,43.0,43.0,42.2,42.2,42.2,42.2,42.2,42.2,36.7,36.7,36.7,40.2,40.2,40.2,17.5,17.5,17.5,1013.3,1013.3,1013.3,94,94,94,0,0,0,8,8,8,1790288351
24.09 22:23,17.0,17.0,17.0,43.0,43.0,43.0,41.7,41.7,41.7,41.7,41.7,41.7,36.2,36.2,36.2,40.2,40.2,40.2,17.5,17.5,17.5,1013.4,1013.4,1013.4,94,94,94,0,0,0,8,8,8,1790288591
24.09 22:24,17.0,17.0,17.0,43.0,43.0,43.0,41.7,41.7,41.7,41.7,41.7,41.7,36.2,36.2,36.2,40.2,40.2,40.2,17.5,17.5,17.5,1013.4,1013.4,1013.4,94,94,94,0,0,0,8,8,8,1790288651
24.09 22:27,16.5,16.5,16.5,42.7,42.7,42.7,41.2,41.2,41.2,41.2,41.2,41.2,36.0,36.0,36.0,40.2,40.2,40.2,17.5,17.5,17.5,1013.5,1013.5,1013.5,94,94,94,0,0,0,8,8,8,1790288831
24.09 22:35,16.5,16.5,16.5,42.5,42.5,42.5,40.8,40.8,40.8,40.8,40.8,40.8,35.0,35.0,35.0,40.2,40.2,40.2,17.5,17.5,17.5,1013.5,1013.5,1013.5,94,94,94,0,0,0,8,8,8,1790289311
24.09 22:44,17.0,17.0,17.0,42.0,42.0,42.0,40.0,40.0,40.0,40.0,40.0,40.0,34.0,34.0,34.0,40.2,40.2,40.2,17.5,17.5,17.5,1013.5,1013.5,1013.5,95,95,95,0,0,0,8,8,8,1790289851
24.09 22:47,17.0,17.0,17.0,42.0,42.0,42.0,64.0,64.0,64.0,64.0,64.0,64.0,33.7,33.7,33.7,40.2,40.2,40.2,17.5,17.5,17.5,1013.4,1013.4,1013.4,94,94,94,0,0,0,8,8,8,1790290031
24.09 22:54,16.5,16.5,16.5,41.7,41.7,41.7,64.0,64.0,64.0,64.0,64.0,64.0,32.7,32.7,32.7,40.2,40.2,40.2,17.5,17.5,17.5,1013.4,1013.4,1013.4,95,95,95,0,0,0,8,8,8,1790290451
24.09 23:03,17.0,17.0,17.0,41.2,41.2,41.2,64.0,64.0,64.0,64.0,64.0,64.0,31.8,31.8,31.8,40.2,40.2,40.2,17.5,17.5,17.5,1013.4,1013.4,1013.4,95,95,95,0,0,0,8,8,8,1790290991
24.09 23:13,16.5,16.5,16.5,41.0,41.0,41.0,64.0,64.0,64.0,64.0,64.0,64.0,30.8,30.8,30.8,40.0,40.0,40.0,17.5,17.5,17.5,1013.5,1013.5,1013.5,95,95,95,0,0,0,8,8,8,1790291591
24.09 23:20,16.5,16.5,16.5,40.8,40.8,40.8,64.0,64.0,64.0,64.0,64.0,64.0,29.8,29.8,29.8,40.0,40.0,40.0,17.5,17.5,17.5,1013.5,1013.5,1013.5,95,95,95,0,0,0,8,8,8,1790292011
24.09 23:31,16.5,16.5,16.5,40.2,40.2,40.2,64.0,64.0,64.0,64.0,64.0,64.0,29.0,29.0,29.0,40.0,40.0,40.0,17.5,17.5,17.5,1013.6,1013.6,1013.6,95,95,95,0,0,0,8,8,8,1790292671
24.09 23:37,16.5,16.5,16.5,40.2,40.2,40.2,64.0,64.0,64.0,64.0,64.0,64.0,28.0,28.0,28.0,39.7,39.7,39.7,17.5,17.5,17.5,1013.6,1013.6,1013.6,95,95,95,0,0,0,8,8,8,1790293031
24.09 23:42,16.5,16.5,16.5,40.0,40.0,40.0,64.0,64.0,64.0,64.0,64.0,64.0,27.0,27.0,27.0,39.7,39.7,39.7,17.5,17.5,17.5,1013.6,1013.6,1013.6,95,95,95,0,0,0,8,8,8,1790293331
24.09 23:47,16.5,16.5,16.5,39.7,39.7,39.7,36.5,36.5,36.5,36.5,36.5,36.5,26.2,26.2,26.2,39.7,39.7,39.7,17.5,17.5,17.5,1013.6,1013.6,1013.6,95,95,95,0,0,0,8,8,8,1790293631
24.09 23:53,16.5,16.5,16.5,39.7,39.7,39.7,36.2,36.2,36.2,36.2,36.2,36.2,27.2,27.2,27.2,39.7,39.7,39.7,17.5,17.5,17.5,1013.6,1013.6,1013.6,95,95,95,0,0,0,8,8,8,1790293991
24.09 23:59,16.5,16.5,16.5,39.5,39.5,39.5,35.7,35.7,35.7,35.7,35.7,35.7,26.2,26.2,26.2,39.5,39.5,39.5,17.5,17.5,17.5,1013.6,1013.6,1013.6,95,95,95,0,0,0,8,8,8,1790294351
25.09 00:03,16.5,16.5,16.5,39.5,39.5,39.5,35.7,35.7,35.7,35.7,35.7,35.7,25.3,25.3,25.3,39.5,39.5,39.5,17.5,17.5,17.5,1013.6,1013.6,1013.6,95,95,95,0,0,0,8,8,8,1790294591
25.09 00:08,16.0,16.0,16.0,39.2,39.2,39.2,35.5,35.5,35.5,35.5,35.5,35.5,24.5,24.5,24.5,39.2,39.2,39.2,17.5,17.5,17.5,1013.7,1013.7,1013.7,95,95,95,0,0,0,8,8,8,1790294891
25.09 00:13,16.0,16.0,16.0,39.2,39.2,39.2,35.2,35.2,35.2,35.2,35.2,35.2,23.7,23.7,23.7,39.2,39.2,39.2,17.5,17.5,17.5,1013.8,1013.8,1013.8,95,95,95,0,0,0,8,8,8,1790295191
25.09 00:27,16.0,16.0,16.0,39.0,39.0,39.0,34.7,34.7,34.7,34.7,34.7,34.7,24.7,24.7,24.7,39.2,39.2,39.2,17.5,17.5,17.5,1013.7,1013.7,1013.7,96,96,96,0,0,0,8,8,8,1790296031
25.09 00:30,16.0,16.0,16.0,38.7,38.7,38.7,34.5,34.5,34.5,34.5,34.5,34.5,24.3,24.3,24.3,39.2,39.2,39.2,17.5,17.5,17.5,1013.7,1013.7,1013.7, 0, 0, 0,0,0,0,8,8,8,1790296211
25.09 00:31,16.0,16.0,16.0,38.7,38.7,38.7,34.5,34.5,34.5,34.5,34.5,34.5,24.0,24.0,24.0,39.2,39.2,39.2,17.5,17.5,17.5,1013.7,1013.7,1013.7,96,96,96,0,0,0,8,8,8,1790296271
25.09 00:37,15.5,15.5,15.5,38.7,38.7,38.7,34.2,34.2,34.2,34.2,34.2,34.2,23.0,23.0,23.0,39.2,39.2,39.2,17.5,17.5,17.5,1013.7,1013.7,1013.7,96,96,96,0,0,0,8,8,8,1790296631
25.09 00:40,15.5,15.5,15.5,38.7,38.7,38.7,34.0,34.0,34.0,34.0,34.0,34.0,22.8,22.8,22.8,39.2,39.2,39.2,17.5,17.5,17.5,1013.8,1013.8,1013.8,96,96,96,0,0,0,8,8,8,1790296811
25.09 00:48,15.5,15.5,15.5,38.5,38.5,38.5,33.7,33.7,33.7,33.7,33.7,33.7,21.8,21.8,21.8,39.2,39.2,39.2,17.5,17.5,17.5,1013.8,1013.8,1013.8,96,96,96,0,0,0,8,8,8,1790297291
25.09 00:50,15.5,15.5,15.5,38.5,38.5,38.5,33.5,33.5,33.5,33.7,33.7,33.7,21.8,21.8,21.8,39.2,39.2,39.2,17.5,17.5,17.5,1013.9,1013.9,1013.9,96,96,96,0,0,0,8,8,8,1790297411
25.09 00:56,15.5,15.5,15.5,38.5,38.5,38.5,33.5,33.5,33.5,33.5,33.5,33.5,21.2,21.2,21.2,39.2,39.2,39.2,17.5,17.5,17.5,1013.9,1013.9,1013.9,97,97,97,0,0,0,8,8,8,1790297771
25.09 01:12,15.5,15.5,15.5,38.2,38.2,38.2,32.5,32.5,32.5,32.5,32.5,32.5,21.0,21.0,21.0,39.2,39.2,39.2,17.5,17.5,17.5,1013.9,1013.9,1013.9,97,97,97,0,0,0,8,8,8,1790298731
25.09 01:37,15.5,15.5,15.5,38.0,38.0,38.0,31.5,31.5,31.5,31.5,31.5,31.5,20.8,20.8,20.8,39.5,39.5,39.5,17.5,17.5,17.5,1013.9,1013.9,1013.9,97,97,97,0,0,0,8,8,8,1790300232
25.09 01:49,16.0,16.0,16.0,37.7,37.7,37.7,31.2,31.2,31.2,31.2,31.2,31.2,20.8,20.8,20.8,39.2,39.2,39.2,17.5,17.5,17.5,1014.0,1014.0,1014.0,97,97,97,0,0,0,8,8,8,1790300952
25.09 02:08,16.0,16.0,16.0,37.5,37.5,37.5,30.3,30.3,30.3,30.3,30.3,30.3,20.8,20.8,20.8,39.2,39.2,39.2,17.5,17.5,17.5,1014.0,1014.0,1014.0,97,97,97,0,0,0,8,8,8,1790302092
25.09 02:22,16.5,16.5,16.5,37.5,37.5,37.5,29.8,29.8,29.8,29.8,29.8,29.8,20.5,20.5,20.5,39.2,39.2,39.2,17.5,17.5,17.5,1014.0,1014.0,1014.0,97,97,97,0,0,0,8,8,8,1790302932
25.09 02:26,16.0,16.0,16.0,37.5,37.5,37.5,29.8,29.8,29.8,29.8,29.8,29.8,20.5,20.5,20.5,39.2,39.2,39.2,17.5,17.5,17.5,1014.0,1014.0,1014.0,97,97,97,0,0,0,8,8,8,1790303172
25.09 02:37,16.5,16.5,16.5,37.2,37.2,37.2,29.3,29.3,29.3,29.3,29.3,29.3,20.5,20.5,20.5,39.2,39.2,39.2,17.5,17.5,17.5,1014.1,1014.1,1014.1,97,97,97,0,0,0,8,8,8,1790303832
25.09 02:41,16.0,16.0,16.0,37.2,37.2,37.2,29.0,29.0,29.0,29.0,29.0,29.0,20.5,20.5,20.5,39.2,39.2,39.2,17.5,17.5,17.5,1014.1,1014.1,1014.1,97,97,97,0,0,0,8,8,8,1790304072
25.09 02:47,16.0,16.0,16.0,37.2,37.2,37.2,28.7,28.7,28.7,28.7,28.7,28.7,20.5,20.5,20.5,39.2,39.2,39.2,17.5,17.5,17.5,1014.2,1014.2,1014.2,97,97,97,0,0,0,8,8,8,1790304432
25.09 02:52,16.0,16.0,16.0,37.2,37.2,37.2,28.7,28.7,28.7,28.7,28.7,28.7,20.5,20.5,20.5,39.0,39.0,39.0,17.5,17.5,17.5,1014.3,1014.3,1014.3,97,97,97,0,0,0,8,8,8,1790304732
25.09 03:06,15.5,15.5,15.5,37.0,37.0,37.0,28.3,28.3,28.3,28.3,28.3,28.3,20.3,20.3,20.3,39.0,39.0,39.0,17.5,17.5,17.5,1014.3,1014.3,1014.3,98,98,98,0,0,0,8,8,8,1790305572
25.09 03:19,16.0,16.0,16.0,37.0,37.0,37.0,27.8,27.8,27.8,27.8,27.8,27.8,20.3,20.3,20.3,38.7,38.7,38.7,17.5,17.5,17.5,1014.4,1014.4,1014.4,98,98,98,0,0,0,8,8,8,1790306352
25.09 03:34,16.5,16.5,16.5,36.7,36.7,36.7,27.2,27.2,27.2,27.2,27.2,27.2,20.3,20.3,20.3,38.7,38.7,38.7,17.5,17.5,17.5,1014.4,1014.4,1014.4,98,98,98,0,0,0,8,8,8,1790307252
25.09 03:38,16.5,16.5,16.5,36.7,36.7,36.7,27.0,27.0,27.0,27.0,27.0,27.0,20.3,20.3,20.3,38.7,38.7,38.7,17.5,17.5,17.5,1014.5,1014.5,1014.5,98,98,98,0,0,0,8,8,8,1790307492
25.09 03:47,16.5,16.5,16.5,36.7,36.7,36.7,26.8,26.8,26.8,26.8,26.8,26.8,20.0,20.0,20.0,38.7,38.7,38.7,17.5,17.5,17.5,1014.5,1014.5,1014.5,98,98,98,0,0,0,8,8,8,1790308032
25.09 03:58,16.5,16.5,16.5,36.5,36.5,36.5,26.5,26.5,26.5,26.5,26.5,26.5,20.0,20.0,20.0,38.7,38.7,38.7,17.5,17.5,17.5,1014.6,1014.6,1014.6, 0, 0, 0,0,0,0,8,8,8,1790308692
25.09 03:59,16.5,16.5,16.5,36.5,36.5,36.5,26.5,26.5,26.5,26.5,26.5,26.5,20.0,20.0,20.0,38.7,38.7,38.7,17.5,17.5,17.5,1014.5,1014.5,1014.5,98,98,98,0,0,0,8,8,8,1790308752
25.09 04:22,16.5,16.5,16.5,36.5,36.5,36.5,25.8,25.8,25.8,25.8,25.8,25.8,19.8,19.8,19.8,38.5,38.5,38.5,17.5,17.5,17.5,1014.6,1014.6,1014.6,99,99,99,0,0,0,8,8,8,1790310132
25.09 04:27,16.5,16.5,16.5,36.5,36.5,36.5,25.5,25.5,25.5,25.5,25.5,25.5,19.8,19.8,19.8,38.5,38.5,38.5,17.5,17.5,17.5,1014.7,1014.7,1014.7,99,99,99,0,0,0,8,8,8,1790310432
25.09 04:36,16.5,16.5,16.5,36.2,36.2,36.2,25.3,25.3,25.3,25.3,25.3,25.3,19.8,19.8,19.8,38.5,38.5,38.5,17.5,17.5,17.5,1014.7,1014.7,1014.7,99,99,99,0,0,0,8,8,8,1790310972
25.09 04:43,16.5,16.5,16.5,36.2,36.2,36.2,25.3,25.3,25.3,25.3,25.3,25.3,19.8,19.8,19.8,38.5,38.5,38.5,17.5,17.5,17.5,1014.8,1014.8,1014.8,99,99,99,0,0,0,8,8,8,1790311392
25.09 04:53,16.5,16.5,16.5,36.2,36.2,36.2,24.7,24.7,24.7,24.7,24.7,24.7,19.8,19.8,19.8,38.5,38.5,38.5,17.5,17.5,17.5,1014.9,1014.9,1014.9,99,99,99,0,0,0,8,8,8,1790311992
25.09 05:05,16.5,16.5,16.5,36.0,36.0,36.0,24.5,24.5,24.5,24.5,24.5,24.5,19.5,19.5,19.5,38.2,38.2,38.2,17.5,17.5,17.5,1014.9,1014.9,1014.9,99,99,99,0,0,0,8,8,8,1790312713
25.09 05:13,17.0,17.0,17.0,36.0,36.0,36.0,24.5,24.5,24.5,24.5,24.5,24.5,19.5,19.5,19.5,38.2,38.2,38.2,17.5,17.5,17.5,1015.0,1015.0,1015.0,99,99,99,0,0,0,8,8,8,1790313193
25.09 05:18,16.5,16.5,16.5,36.0,36.0,36.0,24.3,24.3,24.3,24.3,24.3,24.3,19.5,19.5,19.5,38.2,38.2,38.2,17.5,17.5,17.5,1015.0,1015.0,1015.0,99,99,99,0,0,0,8,8,8,1790313493
25.09 05:26,16.5,16.5,16.5,36.0,36.0,36.0,24.0,24.0,24.0,24.0,24.0,24.0,19.5,19.5,19.5,38.2,38.2,38.2,17.5,17.5,17.5,1015.0,1015.0,1015.0,99,99,99,0,0,0,8,8,8,1790313973
25.09 05:34,16.0,16.0,16.0,35.7,35.7,35.7,23.7,23.7,23.7,23.7,23.7,23.7,19.5,19.5,19.5,38.0,38.0,38.0,17.5,17.5,17.5,1015.0,1015.0,1015.0,99,99,99,0,0,0,8,8,8,1790314453
25.09 05:45,16.5,16.5,16.5,35.7,35.7,35.7,23.7,23.7,23.7,23.7,23.7,23.7,19.3,19.3,19.3,38.0,38.0,38.0,17.5,17.5,17.5,1015.1,1015.1,1015.1,99,99,99,0,0,0,8,8,8,1790315113
25.09 05:48,16.5,16.5,16.5,35.7,35.7,35.7,23.5,23.5,23.5,23.5,23.5,23.5,19.3,19.3,19.3,38.0,38.0,38.0,17.5,17.5,17.5,1015.1,1015.1,1015.1,99,99,99,0,0,0,8,8,8,1790315293
25.09 05:53,16.5,16.5,16.5,35.7,35.7,35.7,23.5,23.5,23.5,23.5,23.5,23.5,19.3,19.3,19.3,38.0,38.0,38.0,17.5,17.5,17.5,1015.2,1015.2,1015.2,99,99,99,0,0,0,8,8,8,1790315593
25.09 06:01,16.5,16.5,16.5,35.7,35.7,35.7,23.3,23.3,23.3,23.3,23.3,23.3,19.3,19.3,19.3,38.0,38.0,38.0,17.5,17.5,17.5,1015.3,1015.3,1015.3,99,99,99,0,0,0,8,8,8,1790316073
25.09 06:05,16.5,16.5,16.5,35.5,35.5,35.5,23.3,23.3,23.3,23.3,23.3,23.3,19.3,19.3,19.3,38.0,38.0,38.0,17.5,17.5,17.5,1015.3,1015.3,1015.3,99,99,99,0,0,0,8,8,8,1790316313
25.09 06:13,16.5,16.5,16.5,35.5,35.5,35.5,23.0,23.0,23.0,23.0,23.0,23.0,19.0,19.0,19.0,38.0,38.0,38.0,17.5,17.5,17.5,1015.4,1015.4,1015.4,99,99,99,0,0,0,8,8,8,1790316793
25.09 06:20,16.5,16.5,16.5,35.5,35.5,35.5,23.0,23.0,23.0,23.0,23.0,23.0,19.0,19.0,19.0,38.0,38.0,38.0,17.5,17.5,17.5,1015.4,1015.4,1015.4,99,99,99,0,0,0,8,8,8,1790317213
25.09 06:25,16.5,16.5,16.5,35.5,35.5,35.5,22.8,22.8,22.8,22.8,22.8,22.8,19.0,19.0,19.0,38.0,38.0,38.0,17.5,17.5,17.5,1015.5,1015.5,1015.5,99,99,99,0,0,0,8,8,8,1790317513
25.09 06:29,16.5,16.5,16.5,35.5,35.5,35.5,22.8,22.8,22.8,22.8,22.8,22.8,19.0,19.0,19.0,38.0,38.0,38.0,17.5,17.5,17.5,1015.5,1015.5,1015.5,99,99,99,0,0,0,8,8,8,1790317753
25.09 06:50,16.5,16.5,16.5,35.2,35.2,35.2,22.5,22.5,22.5,22.5,22.5,22.5,19.0,19.0,19.0,38.0,38.0,38.0,17.5,17.5,17.5,1015.6,1015.6,1015.6,100,100,100,0,0,0,8,8,8,1790319013
25.09 07:00,17.0,17.0,17.0,35.2,35.2,35.2,22.2,22.2,22.2,22.2,22.2,22.2,18.8,18.8,18.8,38.0,38.0,38.0,17.5,17.5,17.5,1015.7,1015.7,1015.7,100,100,100,0,0,0,8,8,8,1790319613
25.09 07:05,16.5,16.5,16.5,35.2,35.2,35.2,22.0,22.0,22.0,22.0,22.0,22.0,18.8,18.8,18.8,38.0,38.0,38.0,17.5,17.5,17.5,1015.7,1015.7,1015.7,100,100,100,0,0,0,8,8,8,1790319913
25.09 07:11,16.5,16.5,16.5,35.2,35.2,35.2,22.0,22.0,22.0,22.0,22.0,22.0,18.8,18.8,18.8,38.0,38.0,38.0,17.5,17.5,17.5,1015.8,1015.8,1015.8,100,100,100,0,0,0,8,8,8,1790320273
25.09 07:19,17.0,17.0,17.0,35.2,35.2,35.2,21.8,21.8,21.8,21.8,21.8,21.8,18.8,18.8,18.8,38.0,38.0,38.0,17.5,17.5,17.5,1015.8,1015.8,1015.8, 0, 0, 0,0,0,0,8,8,8,1790320753
25.09 07:20,17.0,17.0,17.0,35.2,35.2,35.2,21.8,21.8,21.8,21.8,21.8,21.8,18.8,18.8,18.8,38.0,38.0,38.0,17.5,17.5,17.5,1015.8,1015.8,1015.8,100,100,100,0,0,0,8,8,8,1790320813
25.09 07:23,16.5,16.5,16.5,35.2,35.2,35.2,21.8,21.8,21.8,21.8,21.8,21.8,18.8,18.8,18.8,38.0,38.0,38.0,17.5,17.5,17.5,1015.9,1015.9,1015.9,100,100,100,0,0,0,8,8,8,1790320993
25.09 07:29,16.5,16.5,16.5,35.2,35.2,35.2,21.8,21.8,21.8,21.8,21.8,21.8,18.8,18.8,18.8,38.0,38.0,38.0,17.5,17.5,17.5,1015.9,1015.9,1015.9,100,100,100,0,0,0,8,8,8,1790321353
25.09 07:37,16.5,16.5,16.5,35.0,35.0,35.0,21.5,21.5,21.5,21.5,21.5,21.5,18.8,18.8,18.8,38.0,38.0,38.0,17.5,17.5,17.5,1016.0,1016.0,1016.0,100,100,100,0,0,0,8,8,8,1790321833
25.09 08:08,17.5,17.5,17.5,34.7,34.7,34.7,21.0,21.0,21.0,21.0,21.0,21.0,18.5,18.5,18.5,38.0,38.0,38.0,17.5,17.5,17.5,1016.0,1016.0,1016.0,100,100,100,0,0,0,8,8,8,1790323693
25.09 08:13,17.5,17.5,17.5,34.7,34.7,34.7,21.0,21.0,21.0,21.0,21.0,21.0,18.5,18.5,18.5,38.2,38.2,38.2,17.5,17.5,17.5,1016.0,1016.0,1016.0,100,100,100,0,0,0,8,8,8,1790323993
25.09 08:26,18.0,18.0,18.0,34.7,34.7,34.7,21.0,21.0,21.0,20.0,20.0,20.0,18.5,18.5,18.5,38.5,38.5,38.5,17.5,17.5,17.5,1015.9,1015.9,1015.9,100,100,100,0,0,0,8,8,8,1790324778
25.09 08:29,18.0,18.0,18.0,34.7,34.7,34.7,20.8,20.8,20.8,20.0,20.0,20.0,18.5,18.5,18.5,38.7,38.7,38.7,17.5,17.5,17.5,1016.0,1016.0,1016.0,100,100,100,0,0,0,8,8,8,1790324958
25.09 08:32,18.0,18.0,18.0,34.7,34.7,34.7,20.8,20.8,20.8,20.0,20.0,20.0,18.5,18.5,18.5,38.7,38.7,38.7,17.5,17.5,17.5,1016.1,1016.1,1016.1,99,99,99,0,0,0,8,8,8,1790325138
25.09 08:35,18.0,18.0,18.0,34.7,34.7,34.7,20.8,20.8,20.8,20.0,20.0,20.0,18.5,18.5,18.5,38.7,38.7,38.7,17.5,17.5,17.5,1016.1,1016.1,1016.1,99,99,99,0,0,0,8,8,8,1790325318
25.09 08:42,18.0,18.0,18.0,34.5,34.5,34.5,20.8,20.8,20.8,20.0,20.0,20.0,18.5,18.5,18.5,39.0,39.0,39.0,17.5,17.5,17.5,1016.1,1016.1,1016.1,97,97,97,0,0,0,8,8,8,1790325739
25.09 08:51,18.0,18.0,18.0,34.5,34.5,34.5,20.5,20.5,20.5,20.5,20.5,20.5,18.5,18.5,18.5,39.0,39.0,39.0,17.5,17.5,17.5,1016.0,1016.0,1016.0,98,98,98,0,0,0,8,8,8,1790326279
25.09 08:59,18.5,18.5,18.5,34.5,34.5,34.5,20.5,20.5,20.5,20.5,20.5,20.5,18.3,18.3,18.3,39.0,39.0,39.0,17.5,17.5,17.5,1016.1,1016.1,1016.1,98,98,98,0,0,0,8,8,8,1790326759
25.09 09:01,18.0,18.0,18.0,34.5,34.5,34.5,20.5,20.5,20.5,20.0,20.0,20.0,18.3,18.3,18.3,39.0,39.0,39.0,17.5,17.5,17.5,1016.1,1016.1,1016.1,97,97,97,0,0,0,8,8,8,1790326913
25.09 09:12,18.0,18.0,18.0,34.2,34.2,34.2,20.3,20.3,20.3,20.0,20.0,20.0,18.3,18.3,18.3,39.5,39.5,39.5,17.5,17.5,17.5,1016.2,1016.2,1016.2,97,97,97,0,0,0,8,8,8,1790327573
25.09 09:21,17.5,17.5,17.5,34.2,34.2,34.2,20.3,20.3,20.3,20.3,20.3,20.3,18.3,18.3,18.3,39.7,39.7,39.7,17.5,17.5,17.5,1016.3,1016.3,1016.3,96,96,96,0,0,0,8,8,8,1790328113
25.09 09:26,17.0,17.0,17.0,34.2,34.2,34.2,20.3,20.3,20.3,20.3,20.3,20.3,18.3,18.3,18.3,39.7,39.7,39.7,17.5,17.5,17.5,1016.3,1016.3,1016.3,95,95,95,0,0,0,8,8,8,1790328413
25.09 09:29,18.0,18.0,18.0,34.2,34.2,34.2,20.3,20.3,20.3,20.0,20.0,20.0,18.3,18.3,18.3,39.7,39.7,39.7,17.5,17.5,17.5,1016.4,1016.4,1016.4,96,96,96,0,0,0,8,8,8,1790328567
25.09 09:36,18.0,18.0,18.0,34.2,34.2,34.2,20.3,20.3,20.3,20.0,20.0,20.0,18.3,18.3,18.3,39.5,39.5,39.5,17.5,17.5,17.5,1016.4,1016.4,1016.4,96,96,96,0,0,0,8,8,8,1790328987
25.09 09:46,19.0,19.0,19.0,34.0,34.0,34.0,20.0,20.0,20.0,20.0,20.0,20.0,18.3,18.3,18.3,39.2,39.2,39.2,17.5,17.5,17.5,1016.4,1016.4,1016.4,96,96,96,0,0,0,8,8,8,1790329587
25.09 09:56,18.5,18.5,18.5,34.0,34.0,34.0,20.0,20.0,20.0,20.0,20.0,20.0,18.3,18.3,18.3,39.5,39.5,39.5,17.5,17.5,17.5,1016.5,1016.5,1016.5,95,95,95,0,0,0,8,8,8,1790330187
25.09 10:11,18.0,18.0,18.0,33.7,33.7,33.7,19.8,19.8,19.8,20.0,20.0,20.0,18.3,18.3,18.3,39.5,39.5,39.5,17.5,17.5,17.5,1016.5,1016.5,1016.5,93,93,93,0,0,0,8,8,8,1790331080
25.09 10:24,18.5,18.5,18.5,33.7,33.7,33.7,19.8,19.8,19.8,20.0,20.0,20.0,18.3,18.3,18.3,39.2,39.2,39.2,17.5,17.5,17.5,1016.5,1016.5,1016.5,95,95,95,0,0,0,8,8,8,1790331860
25.09 10:25,18.5,18.5,18.5,33.7,33.7,33.7,19.8,19.8,19.8,20.0,20.0,20.0,18.3,18.3,18.3,39.2,39.2,39.2,17.5,17.5,17.5,1016.4,1016.4,1016.4,95,95,95,0,0,0,8,8,8,1790331920
25.09 10:30,19.5,19.5,19.5,33.7,33.7,33.7,19.5,19.5,19.5,20.0,20.0,20.0,18.3,18.3,18.3,39.5,39.5,39.5,17.5,17.5,17.5,1016.4,1016.4,1016.4,94,94,94,0,0,0,8,8,8,1790332220
25.09 10:34,19.5,19.5,19.5,33.7,33.7,33.7,19.5,19.5,19.5,19.5,19.5,19.5,18.3,18.3,18.3,39.7,39.7,39.7,17.5,17.5,17.5,1016.5,1016.5,1016.5,93,93,93,0,0,0,8,8,8,1790332460
25.09 10:35,19.5,19.5,19.5,33.7,33.7,33.7,19.5,19.5,19.5,20.0,20.0,20.0,18.0,18.0,18.0,39.7,39.7,39.7,17.5,17.5,17.5,1016.5,1016.5,1016.5,92,92,92,0,0,0,8,8,8,1790332553
25.09 10:41,19.5,19.5,19.5,33.5,33.5,33.5,19.5,19.5,19.5,20.0,20.0,20.0,18.3,18.3,18.3,40.2,40.2,40.2,17.5,17.5,17.5,1016.4,1016.4,1016.4,92,92,92,0,0,0,8,8,8,1790332913
25.09 10:43,20.0,20.0,20.0,33.5,33.5,33.5,19.5,19.5,19.5,20.0,20.0,20.0,18.3,18.3,18.3,40.2,40.2,40.2,17.5,17.5,17.5,1016.4,1016.4,1016.4,92,92,92,0,0,0,8,8,8,1790333033
25.09 10:49,20.5,20.5,20.5,33.5,33.5,33.5,19.5,19.5,19.5,20.0,20.0,20.0,18.3,18.3,18.3,40.8,40.8,40.8,17.5,17.5,17.5,1016.3,1016.3,1016.3,91,91,91,0,0,0,8,8,8,1790333393
25.09 10:57,20.5,20.5,20.5,33.5,33.5,33.5,19.5,19.5,19.5,19.5,19.5,19.5,18.3,18.3,18.3,41.7,41.7,41.7,17.5,17.5,17.5,1016.3,1016.3,1016.3,89,89,89,0,0,0,8,8,8,1790333873
25.09 11:00,20.5,20.5,20.5,33.5,33.5,33.5,19.5,19.5,19.5,19.5,19.5,19.5,18.3,18.3,18.3,42.0,42.0,42.0,17.5,17.5,17.5,1016.2,1016.2,1016.2,89,89,89,0,0,0,8,8,8,1790334053
25.09 11:03,21.0,21.0,21.0,33.5,33.5,33.5,19.5,19.5,19.5,19.5,19.5,19.5,18.3,18.3,18.3,42.2,42.2,42.2,17.5,17.5,17.5,1016.2,1016.2,1016.2,89,89,89,0,0,0,8,8,8,1790334233
25.09 11:09,22.0,22.0,22.0,33.5,33.5,33.5,19.5,19.5,19.5,19.5,19.5,19.5,18.3,18.3,18.3,42.7,42.7,42.7,17.5,17.5,17.5,1016.1,1016.1,1016.1,89,89,89,0,0,0,8,8,8,1790334593
25.09 11:14,21.5,21.5,21.5,33.2,33.2,33.2,19.3,19.3,19.3,19.3,19.3,19.3,18.3,18.3,18.3,42.7,42.7,42.7,17.5,17.5,17.5,1016.0,1016.0,1016.0,87,87,87,0,0,0,8,8,8,1790334893
25.09 11:17,20.5,20.5,20.5,33.2,33.2,33.2,19.3,19.3,19.3,19.3,19.3,19.3,18.3,18.3,18.3,43.0,43.0,43.0,17.5,17.5,17.5,1016.0,1016.0,1016.0,86,86,86,0,0,0,8,8,8,1790335073
25.09 11:21,21.5,21.5,21.5,33.2,33.2,33.2,19.5,19.5,19.5,19.5,19.5,19.5,18.3,18.3,18.3,43.0,43.0,43.0,17.5,17.5,17.5,1016.0,1016.0,1016.0, 0, 0, 0,0,0,0,8,8,8,1790335313
25.09 11:22,21.0,21.0,21.0,33.2,33.2,33.2,19.3,19.3,19.3,19.3,19.3,19.3,18.3,18.3,18.3,43.0,43.0,43.0,17.5,17.5,17.5,1016.0,1016.0,1016.0,87,87,87,0,0,0,8,8,8,1790335373
25.09 11:30,21.0,21.0,21.0,33.2,33.2,33.2,19.5,19.5,19.5,19.3,19.3,19.3,18.3,18.3,18.3,44.0,44.0,44.0,17.5,17.5,17.5,1016.0,1016.0,1016.0,85,85,85,0,0,0,8,8,8,1790335853
25.09 11:33,21.5,21.5,21.5,33.2,33.2,33.2,19.3,19.3,19.3,19.3,19.3,19.3,18.3,18.3,18.3,44.2,44.2,44.2,17.5,17.5,17.5,1016.1,1016.1,1016.1,88,88,88,0,0,0,8,8,8,1790336033
25.09 11:44,21.5,21.5,21.5,33.2,33.2,33.2,19.3,19.3,19.3,19.3,19.3,19.3,18.3,18.3,18.3,44.2,44.2,44.2,17.5,17.5,17.5,1016.1,1016.1,1016.1,85,85,85,0,0,0,8,8,8,1790336693
25.09 11:52,22.5,22.5,22.5,33.2,33.2,33.2,19.3,19.3,19.3,19.3,19.3,19.3,18.3,18.3,18.3,44.2,44.2,44.2,17.5,17.5,17.5,1016.1,1016.1,1016.1,85,85,85,0,0,0,8,8,8,1790337173
25.09 11:58,21.5,21.5,21.5,33.2,33.2,33.2,19.3,19.3,19.3,19.3,19.3,19.3,18.3,18.3,18.3,44.2,44.2,44.2,17.5,17.5,17.5,1016.1,1016.1,1016.1,82,82,82,0,0,0,8,8,8,1790337533
25.09 12:00,22.0,22.0,22.0,33.2,33.2,33.2,19.3,19.3,19.3,19.3,19.3,19.3,18.3,18.3,18.3,44.5,44.5,44.5,17.5,17.5,17.5,1016.2,1016.2,1016.2,84,84,84,0,0,0,8,8,8,1790337653
25.09 12:03,21.5,21.5,21.5,33.2,33.2,33.2,19.3,19.3,19.3,19.3,19.3,19.3,18.3,18.3,18.3,44.5,44.5,44.5,17.5,17.5,17.5,1016.3,1016.3,1016.3,84,84,84,0,0,0,8,8,8,1790337833
25.09 12:15,22.0,22.0,22.0,33.2,33.2,33.2,19.0,19.0,19.0,19.0,19.0,19.0,18.0,18.0,18.0,43.5,43.5,43.5,17.5,17.5,17.5,1016.2,1016.2,1016.2,85,85,85,0,0,0,8,8,8,1790338553
25.09 12:17,21.0,21.0,21.0,33.0,33.0,33.0,19.0,19.0,19.0,19.0,19.0,19.0,18.0,18.0,18.0,43.3,43.3,43.3,17.5,17.5,17.5,1016.2,1016.2,1016.2,85,85,85,0,0,0,8,8,8,1790338673
25.09 12:23,21.0,21.0,21.0,33.0,33.0,33.0,19.0,19.0,19.0,19.0,19.0,19.0,18.0,18.0,18.0,42.5,42.5,42.5,17.5,17.5,17.5,1016.3,1016.3,1016.3,86,86,86,0,0,0,8,8,8,1790339033
25.09 12:27,21.0,21.0,21.0,33.0,33.0,33.0,19.0,19.0,19.0,19.0,19.0,19.0,18.0,18.0,18.0,42.2,42.2,42.2,17.5,17.5,17.5,1016.4,1016.4,1016.4,86,86,86,0,0,0,8,8,8,1790339273
25.09 12:31,20.0,20.0,20.0,33.0,33.0,33.0,19.0,19.0,19.0,19.0,19.0,19.0,18.0,18.0,18.0,42.0,42.0,42.0,17.5,17.5,17.5,1016.4,1016.4,1016.4,87,87,87,0,0,0,8,8,8,1790339513
25.09 12:33,19.0,19.0,19.0,33.0,33.0,33.0,19.0,19.0,19.0,19.0,19.0,19.0,18.0,18.0,18.0,41.7,41.7,41.7,17.5,17.5,17.5,1016.4,1016.4,1016.4,88,88,88,0,0,0,8,8,8,1790339633
25.09 12:39,18.5,18.5,18.5,33.0,33.0,33.0,19.0,19.0,19.0,20.0,20.0,20.0,18.0,18.0,18.0,41.5,41.5,41.5,17.5,17.5,17.5,1016.4,1016.4,1016.4,89,89,89,0,0,0,8,8,8,1790339995
25.09 12:45,19.0,19.0,19.0,33.0,33.0,33.0,19.0,19.0,19.0,20.0,20.0,20.0,18.0,18.0,18.0,41.0,41.0,41.0,17.5,17.5,17.5,1016.5,1016.5,1016.5,90,90,90,0,0,0,8,8,8,1790340355
25.09 12:48,-13.5,-13.5,-13.5,32.7,32.7,32.7,19.0,19.0,19.0,20.0,20.0,20.0,18.0,18.0,18.0,40.8,40.8,40.8,17.5,17.5,17.5,1016.5,1016.5,1016.5,90,90,90,0,0,0,8,8,8,1790340535
25.09 12:54,-13.5,-13.5,-13.5,32.7,32.7,32.7,18.8,18.8,18.8,20.0,20.0,20.0,18.0,18.0,18.0,40.8,40.8,40.8,17.5,17.5,17.5,1016.4,1016.4,1016.4,90,90,90,0,0,0,8,8,8,1790340895
25.09 12:59,-13.5,-13.5,-13.5,32.7,32.7,32.7,18.8,18.8,18.8,18.8,18.8,18.8,17.8,17.8,17.8,40.5,40.5,40.5,17.0,17.0,17.0,1016.4,1016.4,1016.4,93,93,93,0,0,0,8,8,8,1790341195
25.09 13:02,18.5,18.5,18.5,32.7,32.7,32.7,18.8,18.8,18.8,18.8,18.8,18.8,18.0,18.0,18.0,40.8,40.8,40.8,17.5,17.5,17.5,1016.4,1016.4,1016.4,92,92,92,0,0,0,8,8,8,1790341375
25.09 13:05,19.5,19.5,19.5,32.7,32.7,32.7,18.8,18.8,18.8,18.8,18.8,18.8,17.8,17.8,17.8,40.8,40.8,40.8,17.0,17.0,17.0,1016.4,1016.4,1016.4,92,92,92,0,0,0,8,8,8,1790341555
25.09 13:10,20.0,20.0,20.0,32.5,32.5,32.5,18.8,18.8,18.8,18.8,18.8,18.8,17.8,17.8,17.8,40.8,40.8,40.8,17.0,17.0,17.0,1016.4,1016.4,1016.4,92,92,92,0,0,0,8,8,8,1790341855
25.09 13:13,19.5,19.5,19.5,32.5,32.5,32.5,18.8,18.8,18.8,18.8,18.8,18.8,17.8,17.8,17.8,40.8,40.8,40.8,17.0,17.0,17.0,1016.4,1016.4,1016.4, 0, 0, 0,0,0,0,8,8,8,1790342035
25.09 13:14,19.5,19.5,19.5,32.5,32.5,32.5,18.8,18.8,18.8,18.8,18.8,18.8,17.8,17.8,17.8,40.8,40.8,40.8,17.0,17.0,17.0,1016.4,1016.4,1016.4,93,93,93,0,0,0,8,8,8,1790342095
25.09 13:29,18.5,18.5,18.5,32.2,32.2,32.2,18.8,18.8,18.8,18.8,18.8,18.8,17.8,17.8,17.8,40.8,40.8,40.8,17.0,17.0,17.0,1016.4,1016.4,1016.4,92,92,92,0,0,0,8,8,8,1790342996
25.09 13:39,18.5,18.5,18.5,32.2,32.2,32.2,18.5,18.5,18.5,18.5,18.5,18.5,17.8,17.8,17.8,41.0,41.0,41.0,17.0,17.0,17.0,1016.4,1016.4,1016.4,92,92,92,0,0,0,8,8,8,1790343596
25.09 13:42,18.5,18.5,18.5,32.2,32.2,32.2,18.5,18.5,18.5,18.5,18.5,18.5,17.8,17.8,17.8,41.0,41.0,41.0,17.0,17.0,17.0,1016.4,1016.4,1016.4,92,92,92,0,0,0,8,8,8,1790343776
25.09 13:56,45.5,45.5,45.5,32.0,32.0,32.0,18.5,18.5,18.5,18.5,18.5,18.5,17.8,17.8,17.8,41.0,41.0,41.0,17.0,17.0,17.0,1016.4,1016.4,1016.4,91,91,91,0,0,0,8,8,8,1790344616
25.09 14:06,18.0,18.0,18.0,31.8,31.8,31.8,18.5,18.5,18.5,18.5,18.5,18.5,17.8,17.8,17.8,41.0,41.0,41.0,17.0,17.0,17.0,1016.4,1016.4,1016.4,91,91,91,0,0,0,8,8,8,1790345216
25.09 14:08,18.0,18.0,18.0,31.8,31.8,31.8,18.5,18.5,18.5,18.5,18.5,18.5,17.8,17.8,17.8,41.0,41.0,41.0,17.0,17.0,17.0,1016.4,1016.4,1016.4,91,91,91,0,0,0,8,8,8,1790345336
25.09 14:27,18.5,18.5,18.5,31.5,31.5,31.5,18.3,18.3,18.3,18.3,18.3,18.3,17.8,17.8,17.8,41.5,41.5,41.5,17.0,17.0,17.0,1016.4,1016.4,1016.4, 0, 0, 0,0,0,0,8,8,8,1790346476
25.09 14:28,18.5,18.5,18.5,31.5,31.5,31.5,18.3,18.3,18.3,18.3,18.3,18.3,17.8,17.8,17.8,41.5,41.5,41.5,17.0,17.0,17.0,1016.4,1016.4,1016.4,90,90,90,0,0,0,8,8,8,1790346536
25.09 14:33,19.5,19.5,19.5,31.5,31.5,31.5,18.3,18.3,18.3,18.3,18.3,18.3,17.5,17.5,17.5,41.7,41.7,41.7,17.0,17.0,17.0,1016.4,1016.4,1016.4,90,90,90,0,0,0,8,8,8,1790346836
25.09 14:40,19.0,19.0,19.0,31.2,31.2,31.2,18.3,18.3,18.3,18.3,18.3,18.3,17.5,17.5,17.5,41.7,41.7,41.7,17.0,17.0,17.0,1016.4,1016.4,1016.4,88,88,88,0,0,0,8,8,8,1790347256
25.09 14:50,19.5,19.5,19.5,31.2,31.2,31.2,18.3,18.3,18.3,18.3,18.3,18.3,17.5,17.5,17.5,41.7,41.7,41.7,17.0,17.0,17.0,1016.4,1016.4,1016.4,89,89,89,0,0,0,8,8,8,1790347856
25.09 14:53,19.0,19.0,19.0,31.2,31.2,31.2,18.3,18.3,18.3,18.3,18.3,18.3,17.5,17.5,17.5,42.0,42.0,42.0,17.0,17.0,17.0,1016.3,1016.3,1016.3,88,88,88,0,0,0,8,8,8,1790348036
25.09 14:57,19.5,19.5,19.5,31.0,31.0,31.0,18.3,18.3,18.3,18.3,18.3,18.3,17.5,17.5,17.5,42.7,42.7,42.7,17.0,17.0,17.0,1016.2,1016.2,1016.2,87,87,87,0,0,0,8,8,8,1790348276
25.09 15:02,20.5,20.5,20.5,31.0,31.0,31.0,18.3,18.3,18.3,18.3,18.3,18.3,17.5,17.5,17.5,43.5,43.5,43.5,17.0,17.0,17.0,1016.3,1016.3,1016.3,87,87,87,0,0,0,8,8,8,1790348576
25.09 15:07,21.0,21.0,21.0,31.0,31.0,31.0,18.3,18.3,18.3,20.0,20.0,20.0,17.8,17.8,17.8,44.0,44.0,44.0,17.0,17.0,17.0,1016.3,1016.3,1016.3,85,85,85,0,0,0,8,8,8,1790348847
25.09 15:10,21.0,21.0,21.0,31.0,31.0,31.0,18.3,18.3,18.3,20.0,20.0,20.0,17.5,17.5,17.5,44.0,44.0,44.0,17.0,17.0,17.0,1016.3,1016.3,1016.3, 0, 0, 0,0,0,0,8,8,8,1790349027
25.09 15:11,20.5,20.5,20.5,31.0,31.0,31.0,18.3,18.3,18.3,20.0,20.0,20.0,17.8,17.8,17.8,44.0,44.0,44.0,17.0,17.0,17.0,1016.3,1016.3,1016.3,84,84,84,0,0,0,8,8,8,1790349087
25.09 15:15,20.5,20.5,20.5,30.8,30.8,30.8,18.3,18.3,18.3,20.0,20.0,20.0,17.5,17.5,17.5,43.7,43.7,43.7,17.0,17.0,17.0,1016.3,1016.3,1016.3,84,84,84,0,0,0,8,8,8,1790349304
25.09 15:16,20.5,20.5,20.5,30.8,30.8,30.8,18.3,18.3,18.3,20.0,20.0,20.0,17.5,17.5,17.5,43.7,43.7,43.7,17.0,17.0,17.0,1016.3,1016.3,1016.3, 0, 0, 0,0,0,0,8,8,8,1790349364
25.09 15:17,20.5,20.5,20.5,30.8,30.8,30.8,18.3,18.3,18.3,20.0,20.0,20.0,17.5,17.5,17.5,43.7,43.7,43.7,17.0,17.0,17.0,1016.3,1016.3,1016.3,84,84,84,0,0,0,8,8,8,1790349424
25.09 15:29,21.0,21.0,21.0,30.8,30.8,30.8,18.0,18.0,18.0,20.0,20.0,20.0,17.5,17.5,17.5,43.5,43.5,43.5,17.0,17.0,17.0,1016.4,1016.4,1016.4,83,83,83,0,0,0,8,8,8,1790350144
25.09 15:33,21.0,21.0,21.0,30.5,30.5,30.5,18.0,18.0,18.0,20.0,20.0,20.0,17.5,17.5,17.5,43.5,43.5,43.5,17.0,17.0,17.0,1016.4,1016.4,1016.4,82,82,82,0,0,0,8,8,8,1790350384
25.09 15:35,21.0,21.0,21.0,30.5,30.5,30.5,18.0,18.0,18.0,18.0,18.0,18.0,17.5,17.5,17.5,43.5,43.5,43.5,17.0,17.0,17.0,1016.4,1016.4,1016.4,82,82,82,0,0,0,8,8,8,1790350504
25.09 15:41,21.0,21.0,21.0,30.5,30.5,30.5,18.0,18.0,18.0,18.0,18.0,18.0,17.5,17.5,17.5,43.3,43.3,43.3,17.0,17.0,17.0,1016.5,1016.5,1016.5,82,82,82,0,0,0,8,8,8,1790350864
25.09 15:50,20.0,20.0,20.0,30.3,30.3,30.3,18.0,18.0,18.0,18.0,18.0,18.0,17.5,17.5,17.5,43.3,43.3,43.3,17.5,17.5,17.5,1016.5,1016.5,1016.5,83,83,83,0,0,0,8,8,8,1790351404
25.09 15:56,20.0,20.0,20.0,30.3,30.3,30.3,18.0,18.0,18.0,18.0,18.0,18.0,17.5,17.5,17.5,43.0,43.0,43.0,17.0,17.0,17.0,1016.6,1016.6,1016.6,85,85,85,0,0,0,8,8,8,1790351764
25.09 16:02,19.5,19.5,19.5,30.0,30.0,30.0,18.0,18.0,18.0,18.0,18.0,18.0,17.5,17.5,17.5,43.0,43.0,43.0,17.5,17.5,17.5,1016.6,1016.6,1016.6,84,84,84,0,0,0,8,8,8,1790352125
25.09 16:05,18.5,18.5,18.5,30.0,30.0,30.0,18.0,18.0,18.0,18.0,18.0,18.0,17.5,17.5,17.5,42.7,42.7,42.7,17.5,17.5,17.5,1016.7,1016.7,1016.7,85,85,85,0,0,0,8,8,8,1790352305
25.09 16:23,19.0,19.0,19.0,29.5,29.5,29.5,17.8,17.8,17.8,17.8,17.8,17.8,17.5,17.5,17.5,42.2,42.2,42.2,17.5,17.5,17.5,1016.7,1016.7,1016.7, 0, 0, 0,0,0,0,8,8,8,1790353385
25.09 16:24,18.5,18.5,18.5,29.5,29.5,29.5,17.8,17.8,17.8,17.8,17.8,17.8,17.5,17.5,17.5,42.0,42.0,42.0,17.5,17.5,17.5,1016.7,1016.7,1016.7,88,88,88,0,0,0,8,8,8,1790353445
25.09 16:32,18.0,18.0,18.0,29.3,29.3,29.3,17.8,17.8,17.8,17.8,17.8,17.8,17.5,17.5,17.5,41.7,41.7,41.7,17.5,17.5,17.5,1016.8,1016.8,1016.8,89,89,89,0,0,0,8,8,8,1790353925
25.09 16:37,18.0,18.0,18.0,29.3,29.3,29.3,17.8,17.8,17.8,17.8,17.8,17.8,17.5,17.5,17.5,41.7,41.7,41.7,17.5,17.5,17.5,1016.8,1016.8,1016.8,90,90,90,0,0,0,8,8,8,1790354225
25.09 16:50,18.0,18.0,18.0,29.0,29.0,29.0,17.8,17.8,17.8,17.8,17.8,17.8,17.2,17.2,17.2,41.5,41.5,41.5,17.5,17.5,17.5,1016.9,1016.9,1016.9,90,90,90,0,0,0,8,8,8,1790355005
25.09 16:54,17.5,17.5,17.5,28.7,28.7,28.7,17.8,17.8,17.8,17.8,17.8,17.8,17.2,17.2,17.2,41.2,41.2,41.2,17.5,17.5,17.5,1017.0,1017.0,1017.0,90,90,90,0,0,0,8,8,8,1790355245
25.09 17:01,17.5,17.5,17.5,28.7,28.7,28.7,17.8,17.8,17.8,17.8,17.8,17.8,17.2,17.2,17.2,41.2,41.2,41.2,17.5,17.5,17.5,1017.0,1017.0,1017.0,90,90,90,0,0,0,8,8,8,1790355665
25.09 17:05,17.5,17.5,17.5,28.5,28.5,28.5,17.8,17.8,17.8,17.8,17.8,17.8,17.2,17.2,17.2,41.2,41.2,41.2,17.5,17.5,17.5,1016.9,1016.9,1016.9,90,90,90,0,0,0,8,8,8,1790355905
25.09 17:10,17.5,17.5,17.5,28.5,28.5,28.5,17.8,17.8,17.8,17.8,17.8,17.8,17.2,17.2,17.2,41.2,41.2,41.2,17.5,17.5,17.5,1017.0,1017.0,1017.0,90,90,90,0,0,0,8,8,8,1790356205
25.09 17:12,17.5,17.5,17.5,28.5,28.5,28.5,17.5,17.5,17.5,17.5,17.5,17.5,17.2,17.2,17.2,41.0,41.0,41.0,17.5,17.5,17.5,1017.1,1017.1,1017.1,90,90,90,0,0,0,8,8,8,1790356325
25.09 17:19,17.5,17.5,17.5,28.3,28.3,28.3,17.5,17.5,17.5,17.5,17.5,17.5,17.2,17.2,17.2,41.0,41.0,41.0,17.5,17.5,17.5,1017.1,1017.1,1017.1,90,90,90,0,0,0,8,8,8,1790356745
25.09 17:23,17.0,17.0,17.0,28.3,28.3,28.3,17.5,17.5,17.5,17.5,17.5,17.5,17.2,17.2,17.2,41.0,41.0,41.0,17.5,17.5,17.5,1017.2,1017.2,1017.2,91,91,91,0,0,0,8,8,8,1790356985
25.09 17:30,17.5,17.5,17.5,28.0,28.0,28.0,17.5,17.5,17.5,17.5,17.5,17.5,17.2,17.2,17.2,40.8,40.8,40.8,17.5,17.5,17.5,1017.2,1017.2,1017.2,91,91,91,0,0,0,8,8,8,1790357405
25.09 17:40,18.0,18.0,18.0,28.0,28.0,28.0,17.5,17.5,17.5,17.5,17.5,17.5,17.2,17.2,17.2,40.8,40.8,40.8,17.5,17.5,17.5,1017.3,1017.3,1017.3,91,91,91,0,0,0,8,8,8,1790358005
25.09 17:44,17.0,17.0,17.0,27.8,27.8,27.8,17.5,17.5,17.5,17.5,17.5,17.5,17.2,17.2,17.2,40.8,40.8,40.8,17.5,17.5,17.5,1017.3,1017.3,1017.3,91,91,91,0,0,0,8,8,8,1790358245
25.09 17:49,17.5,17.5,17.5,27.8,27.8,27.8,17.5,17.5,17.5,17.5,17.5,17.5,17.2,17.2,17.2,40.8,40.8,40.8,17.5,17.5,17.5,1017.4,1017.4,1017.4,91,91,91,0,0,0,8,8,8,1790358545
25.09 17:59,17.0,17.0,17.0,27.5,27.5,27.5,17.2,17.2,17.2,17.2,17.2,17.2,17.2,17.2,17.2,40.5,40.5,40.5,17.5,17.5,17.5,1017.4,1017.4,1017.4,92,92,92,0,0,0,8,8,8,1790359145
25.09 18:02,17.0,17.0,17.0,27.5,27.5,27.5,17.2,17.2,17.2,17.2,17.2,17.2,17.2,17.2,17.2,40.5,40.5,40.5,17.5,17.5,17.5,1017.5,1017.5,1017.5,92,92,92,0,0,0,8,8,8,1790359325
25.09 18:06,17.5,17.5,17.5,27.5,27.5,27.5,17.2,17.2,17.2,17.2,17.2,17.2,17.2,17.2,17.2,40.5,40.5,40.5,17.5,17.5,17.5,1017.5,1017.5,1017.5,92,92,92,0,0,0,8,8,8,1790359565
25.09 18:08,17.5,17.5,17.5,27.2,27.2,27.2,17.2,17.2,17.2,17.2,17.2,17.2,17.2,17.2,17.2,40.5,40.5,40.5,17.5,17.5,17.5,1017.6,1017.6,1017.6,92,92,92,0,0,0,8,8,8,1790359685
25.09 18:16,18.0,18.0,18.0,27.2,27.2,27.2,17.2,17.2,17.2,17.2,17.2,17.2,17.2,17.2,17.2,40.5,40.5,40.5,17.5,17.5,17.5,1017.6,1017.6,1017.6,92,92,92,0,0,0,8,8,8,1790360165
25.09 18:20,18.0,18.0,18.0,27.2,27.2,27.2,17.2,17.2,17.2,17.2,17.2,17.2,17.0,17.0,17.0,40.5,40.5,40.5,17.5,17.5,17.5,1017.7,1017.7,1017.7,92,92,92,0,0,0,8,8,8,1790360405
25.09 18:23,18.0,18.0,18.0,27.0,27.0,27.0,17.2,17.2,17.2,17.2,17.2,17.2,17.0,17.0,17.0,40.2,40.2,40.2,17.5,17.5,17.5,1017.8,1017.8,1017.8,92,92,92,0,0,0,8,8,8,1790360585
25.09 18:33,18.0,18.0,18.0,27.0,27.0,27.0,17.2,17.2,17.2,17.2,17.2,17.2,17.0,17.0,17.0,40.2,40.2,40.2,17.5,17.5,17.5,1017.8,1017.8,1017.8,92,92,92,0,0,0,8,8,8,1790361185
25.09 18:51,18.5,18.5,18.5,26.8,26.8,26.8,17.2,17.2,17.2,17.2,17.2,17.2,17.0,17.0,17.0,40.0,40.0,40.0,17.5,17.5,17.5,1017.9,1017.9,1017.9,92,92,92,0,0,0,8,8,8,1790362265
25.09 19:09,18.5,18.5,18.5,26.5,26.5,26.5,17.0,17.0,17.0,17.0,17.0,17.0,17.0,17.0,17.0,39.7,39.7,39.7,17.0,17.0,17.0,1017.9,1017.9,1017.9,92,92,92,0,0,0,8,8,8,1790363346
25.09 19:12,18.0,18.0,18.0,26.2,26.2,26.2,17.0,17.0,17.0,17.0,17.0,17.0,17.0,17.0,17.0,39.7,39.7,39.7,17.0,17.0,17.0,1018.0,1018.0,1018.0,92,92,92,0,0,0,8,8,8,1790363526
25.09 19:53,17.5,17.5,17.5,25.5,25.5,25.5,16.8,16.8,16.8,16.8,16.8,16.8,16.8,16.8,16.8,39.2,39.2,39.2,17.0,17.0,17.0,1018.1,1018.1,1018.1,93,93,93,0,0,0,8,8,8,1790365986
25.09 19:56,17.5,17.5,17.5,25.5,25.5,25.5,16.8,16.8,16.8,16.8,16.8,16.8,16.8,16.8,16.8,39.2,39.2,39.2,17.0,17.0,17.0,1018.1,1018.1,1018.1,93,93,93,0,0,0,8,8,8,1790366166
25.09 20:02,17.5,17.5,17.5,25.5,25.5,25.5,16.8,16.8,16.8,16.8,16.8,16.8,16.8,16.8,16.8,39.2,39.2,39.2,17.0,17.0,17.0,1018.1,1018.1,1018.1, 0, 0, 0,0,0,0,8,8,8,1790366526
25.09 20:03,17.5,17.5,17.5,25.3,25.3,25.3,16.8,16.8,16.8,16.8,16.8,16.8,16.8,16.8,16.8,39.2,39.2,39.2,17.0,17.0,17.0,1018.1,1018.1,1018.1,94,94,94,0,0,0,8,8,8,1790366586
25.09 20:07,17.5,17.5,17.5,25.3,25.3,25.3,16.8,16.8,16.8,20.0,20.0,20.0,16.8,16.8,16.8,39.2,39.2,39.2,17.0,17.0,17.0,1018.1,1018.1,1018.1,94,94,94,0,0,0,8,8,8,1790366827
25.09 20:27,17.5,17.5,17.5,25.0,25.0,25.0,16.8,16.8,16.8,16.8,16.8,16.8,16.8,16.8,16.8,39.2,39.2,39.2,17.0,17.0,17.0,1018.0,1018.0,1018.0,94,94,94,0,0,0,8,8,8,1790368027
25.09 20:35,17.5,17.5,17.5,24.7,24.7,24.7,16.5,16.5,16.5,16.5,16.5,16.5,16.8,16.8,16.8,39.0,39.0,39.0,17.0,17.0,17.0,1018.1,1018.1,1018.1,94,94,94,0,0,0,8,8,8,1790368507
25.09 20:38,17.0,17.0,17.0,24.7,24.7,24.7,16.5,16.5,16.5,16.5,16.5,16.5,16.8,16.8,16.8,39.0,39.0,39.0,17.0,17.0,17.0,1018.0,1018.0,1018.0,94,94,94,0,0,0,8,8,8,1790368687
25.09 20:53,17.0,17.0,17.0,24.5,24.5,24.5,16.5,16.5,16.5,16.5,16.5,16.5,16.8,16.8,16.8,39.0,39.0,39.0,17.0,17.0,17.0,1018.1,1018.1,1018.1,94,94,94,0,0,0,8,8,8,1790369587
25.09 20:56,17.0,17.0,17.0,24.5,24.5,24.5,16.5,16.5,16.5,16.5,16.5,16.5,16.8,16.8,16.8,39.0,39.0,39.0,17.0,17.0,17.0,1018.2,1018.2,1018.2,94,94,94,0,0,0,8,8,8,1790369767
25.09 21:09,17.0,17.0,17.0,24.3,24.3,24.3,16.5,16.5,16.5,16.5,16.5,16.5,16.5,16.5,16.5,39.0,39.0,39.0,17.0,17.0,17.0,1018.1,1018.1,1018.1,94,94,94,0,0,0,8,8,8,1790370547
25.09 21:11,17.0,17.0,17.0,24.3,24.3,24.3,16.5,16.5,16.5,16.5,16.5,16.5,16.5,16.5,16.5,39.0,39.0,39.0,17.0,17.0,17.0,1018.0,1018.0,1018.0,95,95,95,0,0,0,8,8,8,1790370667
25.09 21:21,17.0,17.0,17.0,24.3,24.3,24.3,16.3,16.3,16.3,16.5,16.5,16.5,16.5,16.5,16.5,38.7,38.7,38.7,17.0,17.0,17.0,1018.1,1018.1,1018.1,95,95,95,0,0,0,8,8,8,1790371267
25.09 21:29,17.0,17.0,17.0,24.0,24.0,24.0,16.3,16.3,16.3,16.3,16.3,16.3,16.5,16.5,16.5,38.7,38.7,38.7,17.0,17.0,17.0,1018.0,1018.0,1018.0,95,95,95,0,0,0,8,8,8,1790371747
25.09 21:37,17.0,17.0,17.0,24.0,24.0,24.0,16.3,16.3,16.3,16.3,16.3,16.3,16.5,16.5,16.5,38.7,38.7,38.7,17.0,17.0,17.0,1018.1,1018.1,1018.1,95,95,95,0,0,0,8,8,8,1790372227
25.09 21:43,17.0,17.0,17.0,24.0,24.0,24.0,16.3,16.3,16.3,16.3,16.3,16.3,16.5,16.5,16.5,38.7,38.7,38.7,17.0,17.0,17.0,1018.2,1018.2,1018.2,95,95,95,0,0,0,8,8,8,1790372587
25.09 21:50,17.0,17.0,17.0,23.7,23.7,23.7,16.3,16.3,16.3,16.3,16.3,16.3,16.5,16.5,16.5,38.7,38.7,38.7,17.0,17.0,17.0,1018.2,1018.2,1018.2,95,95,95,0,0,0,8,8,8,1790373007
25.09 22:05,16.5,16.5,16.5,23.7,23.7,23.7,16.3,16.3,16.3,16.3,16.3,16.3,16.5,16.5,16.5,38.5,38.5,38.5,17.0,17.0,17.0,1018.3,1018.3,1018.3,95,95,95,0,0,0,8,8,8,1790373907
25.09 22:08,16.5,16.5,16.5,23.5,23.5,23.5,16.3,16.3,16.3,16.3,16.3,16.3,16.5,16.5,16.5,38.5,38.5,38.5,17.0,17.0,17.0,1018.3,1018.3,1018.3,95,95,95,0,0,0,8,8,8,1790374087
25.09 22:11,16.5,16.5,16.5,23.5,23.5,23.5,16.3,16.3,16.3,16.3,16.3,16.3,16.5,16.5,16.5,38.5,38.5,38.5,17.0,17.0,17.0,1018.4,1018.4,1018.4,95,95,95,0,0,0,8,8,8,1790374267
25.09 22:16,16.5,16.5,16.5,23.5,23.5,23.5,16.3,16.3,16.3,16.3,16.3,16.3,16.5,16.5,16.5,38.5,38.5,38.5,17.0,17.0,17.0,1018.5,1018.5,1018.5,95,95,95,0,0,0,8,8,8,1790374567
25.09 22:24,16.0,16.0,16.0,23.5,23.5,23.5,16.0,16.0,16.0,16.0,16.0,16.0,16.5,16.5,16.5,38.5,38.5,38.5,17.0,17.0,17.0,1018.5,1018.5,1018.5,95,95,95,0,0,0,8,8,8,1790375048
25.09 22:36,16.5,16.5,16.5,23.3,23.3,23.3,16.0,16.0,16.0,16.0,16.0,16.0,16.5,16.5,16.5,38.5,38.5,38.5,17.0,17.0,17.0,1018.5,1018.5,1018.5, 0, 0, 0,0,0,0,8,8,8,1790375768
25.09 22:37,16.5,16.5,16.5,23.3,23.3,23.3,16.0,16.0,16.0,16.0,16.0,16.0,16.5,16.5,16.5,38.5,38.5,38.5,17.0,17.0,17.0,1018.5,1018.5,1018.5,96,96,96,0,0,0,8,8,8,1790375828
25.09 22:46,16.5,16.5,16.5,23.3,23.3,23.3,16.0,16.0,16.0,16.0,16.0,16.0,16.5,16.5,16.5,38.5,38.5,38.5,17.0,17.0,17.0,1018.5,1018.5,1018.5,96,96,96,0,0,0,8,8,8,1790376368
25.09 23:01,16.5,16.5,16.5,23.0,23.0,23.0,16.0,16.0,16.0,16.0,16.0,16.0,16.3,16.3,16.3,38.2,38.2,38.2,17.0,17.0,17.0,1018.5,1018.5,1018.5,95,95,95,0,0,0,8,8,8,1790377268
25.09 23:13,16.5,16.5,16.5,23.0,23.0,23.0,15.8,15.8,15.8,15.8,15.8,15.8,16.3,16.3,16.3,38.2,38.2,38.2,17.0,17.0,17.0,1018.4,1018.4,1018.4,96,96,96,0,0,0,8,8,8,1790377988
25.09 23:17,16.5,16.5,16.5,22.8,22.8,22.8,15.8,15.8,15.8,15.8,15.8,15.8,16.3,16.3,16.3,38.2,38.2,38.2,17.0,17.0,17.0,1018.4,1018.4,1018.4, 0, 0, 0,0,0,0,8,8,8,1790378228
25.09 23:18,16.5,16.5,16.5,22.8,22.8,22.8,15.8,15.8,15.8,15.8,15.8,15.8,16.3,16.3,16.3,38.2,38.2,38.2,17.0,17.0,17.0,1018.4,1018.4,1018.4,96,96,96,0,0,0,8,8,8,1790378288
25.09 23:29,16.5,16.5,16.5,22.8,22.8,22.8,15.8,15.8,15.8,15.8,15.8,15.8,16.3,16.3,16.3,38.2,38.2,38.2,17.0,17.0,17.0,1018.5,1018.5,1018.5,96,96,96,0,0,0,8,8,8,1790378948
25.09 23:32,16.5,16.5,16.5,22.8,22.8,22.8,15.8,15.8,15.8,15.8,15.8,15.8,16.3,16.3,16.3,38.2,38.2,38.2,17.0,17.0,17.0,1018.6,1018.6,1018.6,96,96,96,0,0,0,8,8,8,1790379128
25.09 23:37,16.5,16.5,16.5,22.8,22.8,22.8,15.8,15.8,15.8,15.8,15.8,15.8,16.3,16.3,16.3,38.0,38.0,38.0,17.0,17.0,17.0,1018.5,1018.5,1018.5,96,96,96,0,0,0,8,8,8,1790379428
25.09 23:50,16.0,16.0,16.0,22.5,22.5,22.5,15.8,15.8,15.8,15.8,15.8,15.8,16.3,16.3,16.3,38.2,38.2,38.2,17.0,17.0,17.0,1018.4,1018.4,1018.4,96,96,96,0,0,0,8,8,8,1790380208
25.09 23:54,16.0,16.0,16.0,22.5,22.5,22.5,15.8,15.8,15.8,15.8,15.8,15.8,16.3,16.3,16.3,38.2,38.2,38.2,17.0,17.0,17.0,1018.4,1018.4,1018.4,96,96,96,0,0,0,8,8,8,1790380448
25.09 23:59,16.0,16.0,16.0,22.5,22.5,22.5,15.8,15.8,15.8,15.8,15.8,15.8,16.3,16.3,16.3,38.2,38.2,38.2,17.0,17.0,17.0,1018.4,1018.4,1018.4,96,96,96,0,0,0,8,8,8,1790380748
26.09 00:07,16.0,16.0,16.0,22.5,22.5,22.5,15.8,15.8,15.8,15.8,15.8,15.8,16.3,16.3,16.3,38.0,38.0,38.0,17.0,17.0,17.0,1018.4,1018.4,1018.4, 0, 0, 0,0,0,0,8,8,8,1790381228
26.09 00:08,16.0,16.0,16.0,22.5,22.5,22.5,15.8,15.8,15.8,15.8,15.8,15.8,16.3,16.3,16.3,38.0,38.0,38.0,17.0,17.0,17.0,1018.3,1018.3,1018.3,96,96,96,0,0,0,8,8,8,1790381288
26.09 00:14,16.0,16.0,16.0,22.5,22.5,22.5,15.8,15.8,15.8,15.8,15.8,15.8,16.3,16.3,16.3,38.0,38.0,38.0,17.0,17.0,17.0,1018.4,1018.4,1018.4,96,96,96,0,0,0,8,8,8,1790381648
26.09 00:17,21.0,21.0,21.0,22.2,22.2,22.2,15.8,15.8,15.8,15.8,15.8,15.8,16.3,16.3,16.3,38.0,38.0,38.0,17.0,17.0,17.0,1018.4,1018.4,1018.4,96,96,96,0,0,0,8,8,8,1790381828
26.09 00:18,16.0,16.0,16.0,22.2,22.2,22.2,15.8,15.8,15.8,15.8,15.8,15.8,16.3,16.3,16.3,38.0,38.0,38.0,17.0,17.0,17.0,1018.4,1018.4,1018.4,96,96,96,0,0,0,8,8,8,1790381888
26.09 00:38,15.5,15.5,15.5,22.2,22.2,22.2,15.5,15.5,15.5,15.5,15.5,15.5,16.3,16.3,16.3,37.5,37.5,37.5,17.0,17.0,17.0,1018.4,1018.4,1018.4,96,96,96,0,0,0,8,8,8,1790383088
26.09 00:45,15.5,15.5,15.5,22.2,22.2,22.2,15.5,15.5,15.5,15.5,15.5,15.5,16.0,16.0,16.0,37.2,37.2,37.2,17.0,17.0,17.0,1018.5,1018.5,1018.5,96,96,96,0,0,0,8,8,8,1790383508
26.09 01:39,15.0,15.0,15.0,21.8,21.8,21.8,15.3,15.3,15.3,15.3,15.3,15.3,15.8,15.8,15.8,36.7,36.7,36.7,17.0,17.0,17.0,1018.4,1018.4,1018.4,96,96,96,0,0,0,8,8,8,1790386749
26.09 01:49,15.0,15.0,15.0,21.5,21.5,21.5,15.3,15.3,15.3,15.3,15.3,15.3,15.8,15.8,15.8,37.0,37.0,37.0,17.0,17.0,17.0,1018.5,1018.5,1018.5,97,97,97,0,0,0,8,8,8,1790387349
26.09 01:58,15.5,15.5,15.5,21.5,21.5,21.5,15.0,15.0,15.0,15.0,15.0,15.0,15.8,15.8,15.8,37.0,37.0,37.0,17.0,17.0,17.0,1018.6,1018.6,1018.6,97,97,97,0,0,0,8,8,8,1790387889
26.09 02:00,15.5,15.5,15.5,21.5,21.5,21.5,15.0,15.0,15.0,15.0,15.0,15.0,15.8,15.8,15.8,37.0,37.0,37.0,17.0,17.0,17.0,1018.5,1018.5,1018.5, 0, 0, 0,0,0,0,8,8,8,1790388009
26.09 02:01,15.0,15.0,15.0,21.5,21.5,21.5,15.0,15.0,15.0,15.0,15.0,15.0,15.8,15.8,15.8,37.0,37.0,37.0,17.0,17.0,17.0,1018.6,1018.6,1018.6,97,97,97,0,0,0,8,8,8,1790388069
26.09 02:05,14.5,14.5,14.5,21.5,21.5,21.5,15.0,15.0,15.0,15.0,15.0,15.0,15.8,15.8,15.8,37.0,37.0,37.0,17.0,17.0,17.0,1018.6,1018.6,1018.6,97,97,97,0,0,0,8,8,8,1790388309
26.09 02:09,14.5,14.5,14.5,21.5,21.5,21.5,15.0,15.0,15.0,15.0,15.0,15.0,15.8,15.8,15.8,37.0,37.0,37.0,17.0,17.0,17.0,1018.6,1018.6,1018.6,97,97,97,0,0,0,8,8,8,1790388549
26.09 02:19,15.0,15.0,15.0,21.5,21.5,21.5,15.0,15.0,15.0,15.0,15.0,15.0,15.8,15.8,15.8,37.0,37.0,37.0,17.0,17.0,17.0,1018.5,1018.5,1018.5,97,97,97,0,0,0,8,8,8,1790389149
26.09 02:22,15.0,15.0,15.0,21.5,21.5,21.5,15.0,15.0,15.0,15.0,15.0,15.0,15.8,15.8,15.8,37.0,37.0,37.0,17.0,17.0,17.0,1018.4,1018.4,1018.4,98,98,98,0,0,0,8,8,8,1790389329
26.09 02:30,15.0,15.0,15.0,21.2,21.2,21.2,15.0,15.0,15.0,15.0,15.0,15.0,15.8,15.8,15.8,36.7,36.7,36.7,17.0,17.0,17.0,1018.5,1018.5,1018.5,98,98,98,0,0,0,8,8,8,1790389809
26.09 02:33,15.0,15.0,15.0,21.2,21.2,21.2,15.0,15.0,15.0,15.0,15.0,15.0,15.8,15.8,15.8,36.7,36.7,36.7,17.0,17.0,17.0,1018.6,1018.6,1018.6,97,97,97,0,0,0,8,8,8,1790389989
26.09 02:55,15.0,15.0,15.0,21.2,21.2,21.2,15.0,15.0,15.0,15.0,15.0,15.0,15.8,15.8,15.8,36.7,36.7,36.7,17.0,17.0,17.0,1018.6,1018.6,1018.6,98,98,98,0,0,0,8,8,8,1790391309
26.09 03:27,15.0,15.0,15.0,21.0,21.0,21.0,14.7,14.7,14.7,14.7,14.7,14.7,15.5,15.5,15.5,36.5,36.5,36.5,17.0,17.0,17.0,1018.7,1018.7,1018.7,97,97,97,0,0,0,8,8,8,1790393229
26.09 03:30,15.0,15.0,15.0,21.0,21.0,21.0,14.7,14.7,14.7,14.7,14.7,14.7,15.5,15.5,15.5,36.5,36.5,36.5,17.0,17.0,17.0,1018.7,1018.7,1018.7,97,97,97,0,0,0,8,8,8,1790393409
26.09 03:35,15.0,15.0,15.0,21.0,21.0,21.0,14.7,14.7,14.7,14.7,14.7,14.7,15.5,15.5,15.5,36.5,36.5,36.5,17.0,17.0,17.0,1018.8,1018.8,1018.8,97,97,97,0,0,0,8,8,8,1790393709
26.09 03:58,15.0,15.0,15.0,20.8,20.8,20.8,14.7,14.7,14.7,14.7,14.7,14.7,15.5,15.5,15.5,36.5,36.5,36.5,17.0,17.0,17.0,1018.9,1018.9,1018.9,98,98,98,0,0,0,8,8,8,1790395089
26.09 04:05,15.0,15.0,15.0,20.8,20.8,20.8,14.5,14.5,14.5,14.5,14.5,14.5,15.5,15.5,15.5,36.5,36.5,36.5,17.0,17.0,17.0,1018.9,1018.9,1018.9, 0, 0, 0,0,0,0,8,8,8,1790395509
26.09 04:06,15.0,15.0,15.0,20.8,20.8,20.8,14.5,14.5,14.5,14.5,14.5,14.5,15.5,15.5,15.5,36.5,36.5,36.5,17.0,17.0,17.0,1018.9,1018.9,1018.9,98,98,98,0,0,0,8,8,8,1790395569
26.09 04:11,15.0,15.0,15.0,20.8,20.8,20.8,14.5,14.5,14.5,14.5,14.5,14.5,15.5,15.5,15.5,36.5,36.5,36.5,17.0,17.0,17.0,1018.9,1018.9,1018.9,98,98,98,0,0,0,8,8,8,1790395869
26.09 04:26,15.5,15.5,15.5,20.8,20.8,20.8,14.5,14.5,14.5,14.5,14.5,14.5,15.5,15.5,15.5,36.5,36.5,36.5,17.0,17.0,17.0,1019.0,1019.0,1019.0,98,98,98,0,0,0,8,8,8,1790396770
26.09 04:38,15.0,15.0,15.0,20.8,20.8,20.8,14.5,14.5,14.5,14.5,14.5,14.5,15.5,15.5,15.5,36.5,36.5,36.5,17.0,17.0,17.0,1018.9,1018.9,1018.9,98,98,98,0,0,0,8,8,8,1790397490
26.09 04:58,14.5,14.5,14.5,20.5,20.5,20.5,14.5,14.5,14.5,14.5,14.5,14.5,15.5,15.5,15.5,36.2,36.2,36.2,17.0,17.0,17.0,1018.9,1018.9,1018.9,98,98,98,0,0,0,8,8,8,1790398690
26.09 05:06,14.5,14.5,14.5,20.5,20.5,20.5,14.5,14.5,14.5,14.5,14.5,14.5,15.5,15.5,15.5,36.2,36.2,36.2,17.0,17.0,17.0,1018.8,1018.8,1018.8,98,98,98,0,0,0,8,8,8,1790399170
26.09 05:08,14.5,14.5,14.5,20.5,20.5,20.5,14.5,14.5,14.5,14.5,14.5,14.5,15.5,15.5,15.5,36.2,36.2,36.2,17.0,17.0,17.0,1018.8,1018.8,1018.8, 0, 0, 0,0,0,0,8,8,8,1790399290
26.09 05:09,14.5,14.5,14.5,20.5,20.5,20.5,14.5,14.5,14.5,14.5,14.5,14.5,15.5,15.5,15.5,36.2,36.2,36.2,17.0,17.0,17.0,1018.8,1018.8,1018.8,98,98,98,0,0,0,8,8,8,1790399350
26.09 05:15,15.0,15.0,15.0,20.5,20.5,20.5,14.5,14.5,14.5,20.0,20.0,20.0,15.5,15.5,15.5,36.2,36.2,36.2,17.0,17.0,17.0,1018.7,1018.7,1018.7,98,98,98,0,0,0,8,8,8,1790399749
26.09 05:19,15.0,15.0,15.0,20.5,20.5,20.5,14.5,14.5,14.5,20.0,20.0,20.0,15.5,15.5,15.5,36.2,36.2,36.2,17.0,17.0,17.0,1018.7,1018.7,1018.7,98,98,98,0,0,0,8,8,8,1790399989
26.09 05:23,15.0,15.0,15.0,20.5,20.5,20.5,14.3,14.3,14.3,20.0,20.0,20.0,15.5,15.5,15.5,36.2,36.2,36.2,17.0,17.0,17.0,1018.6,1018.6,1018.6,98,98,98,0,0,0,8,8,8,1790400229
26.09 05:35,14.5,14.5,14.5,20.5,20.5,20.5,14.3,14.3,14.3,14.3,14.3,14.3,15.3,15.3,15.3,36.0,36.0,36.0,17.0,17.0,17.0,1018.6,1018.6,1018.6,98,98,98,0,0,0,8,8,8,1790400949
26.09 05:42,14.5,14.5,14.5,20.5,20.5,20.5,14.3,14.3,14.3,14.3,14.3,14.3,15.3,15.3,15.3,36.0,36.0,36.0,17.0,17.0,17.0,1018.7,1018.7,1018.7, 0, 0, 0,0,0,0,8,8,8,1790401369
26.09 05:43,15.0,15.0,15.0,20.5,20.5,20.5,14.3,14.3,14.3,14.3,14.3,14.3,15.3,15.3,15.3,36.0,36.0,36.0,17.0,17.0,17.0,1018.7,1018.7,1018.7,98,98,98,0,0,0,8,8,8,1790401429
26.09 05:45,15.0,15.0,15.0,20.5,20.5,20.5,14.3,14.3,14.3,14.3,14.3,14.3,15.3,15.3,15.3,36.0,36.0,36.0,17.0,17.0,17.0,1018.7,1018.7,1018.7,98,98,98,0,0,0,8,8,8,1790401549
26.09 05:47,14.5,14.5,14.5,20.5,20.5,20.5,14.3,14.3,14.3,14.3,14.3,14.3,15.3,15.3,15.3,36.0,36.0,36.0,17.0,17.0,17.0,1018.8,1018.8,1018.8,98,98,98,0,0,0,8,8,8,1790401669
26.09 05:48,14.5,14.5,14.5,20.5,20.5,20.5,14.3,14.3,14.3,14.3,14.3,14.3,15.3,15.3,15.3,36.0,36.0,36.0,17.0,17.0,17.0,1018.9,1018.9,1018.9,98,98,98,0,0,0,8,8,8,1790401729
26.09 05:49,14.5,14.5,14.5,20.5,20.5,20.5,14.3,14.3,14.3,14.3,14.3,14.3,15.3,15.3,15.3,36.0,36.0,36.0,17.0,17.0,17.0,1018.9,1018.9,1018.9,98,98,98,0,0,0,8,8,8,1790401789
26.09 05:50,14.0,14.0,14.0,20.5,20.5,20.5,14.3,14.3,14.3,14.3,14.3,14.3,15.3,15.3,15.3,36.0,36.0,36.0,17.0,17.0,17.0,1019.0,1019.0,1019.0,98,98,98,0,0,0,8,8,8,1790401849
26.09 05:51,14.0,14.0,14.0,20.3,20.3,20.3,14.3,14.3,14.3,14.3,14.3,14.3,15.3,15.3,15.3,36.0,36.0,36.0,17.0,17.0,17.0,1019.1,1019.1,1019.1,98,98,98,0,0,0,8,8,8,1790401909
26.09 05:52,14.5,14.5,14.5,20.3,20.3,20.3,14.3,14.3,14.3,14.3,14.3,14.3,15.3,15.3,15.3,36.0,36.0,36.0,17.0,17.0,17.0,1019.2,1019.2,1019.2,98,98,98,0,0,0,8,8,8,1790401969
26.09 05:54,14.5,14.5,14.5,20.3,20.3,20.3,14.3,14.3,14.3,14.3,14.3,14.3,15.3,15.3,15.3,36.0,36.0,36.0,17.0,17.0,17.0,1019.2,1019.2,1019.2,99,99,99,0,0,0,8,8,8,1790402089
26.09 05:57,13.5,13.5,13.5,20.3,20.3,20.3,14.3,14.3,14.3,14.3,14.3,14.3,15.3,15.3,15.3,36.0,36.0,36.0,17.0,17.0,17.0,1019.2,1019.2,1019.2,99,99,99,0,0,0,8,8,8,1790402269
26.09 05:59,13.0,13.0,13.0,20.3,20.3,20.3,14.3,14.3,14.3,14.3,14.3,14.3,15.3,15.3,15.3,36.0,36.0,36.0,17.0,17.0,17.0,1019.3,1019.3,1019.3,99,99,99,0,0,0,8,8,8,1790402389
26.09 06:01,14.0,14.0,14.0,20.3,20.3,20.3,14.3,14.3,14.3,14.3,14.3,14.3,15.3,15.3,15.3,36.0,36.0,36.0,17.0,17.0,17.0,1019.3,1019.3,1019.3,99,99,99,0,0,0,8,8,8,1790402509
26.09 06:02,14.0,14.0,14.0,20.3,20.3,20.3,14.3,14.3,14.3,14.3,14.3,14.3,15.3,15.3,15.3,36.0,36.0,36.0,17.0,17.0,17.0,1019.3,1019.3,1019.3,99,99,99,0,0,0,8,8,8,1790402569
26.09 06:06,14.5,14.5,14.5,20.3,20.3,20.3,14.3,14.3,14.3,14.3,14.3,14.3,15.3,15.3,15.3,36.0,36.0,36.0,17.0,17.0,17.0,1019.2,1019.2,1019.2,99,99,99,0,0,0,8,8,8,1790402809
26.09 06:08,14.5,14.5,14.5,20.3,20.3,20.3,14.3,14.3,14.3,14.3,14.3,14.3,15.3,15.3,15.3,36.0,36.0,36.0,17.0,17.0,17.0,1019.2,1019.2,1019.2,99,99,99,0,0,0,8,8,8,1790402929
26.09 06:16,14.5,14.5,14.5,20.3,20.3,20.3,14.3,14.3,14.3,14.3,14.3,14.3,15.3,15.3,15.3,36.0,36.0,36.0,17.0,17.0,17.0,1019.1,1019.1,1019.1,99,99,99,0,0,0,8,8,8,1790403409
26.09 06:17,14.5,14.5,14.5,20.3,20.3,20.3,14.3,14.3,14.3,14.3,14.3,14.3,15.3,15.3,15.3,36.0,36.0,36.0,17.0,17.0,17.0,1019.0,1019.0,1019.0,99,99,99,0,0,0,8,8,8,1790403469
26.09 06:18,14.5,14.5,14.5,20.3,20.3,20.3,14.3,14.3,14.3,14.3,14.3,14.3,15.3,15.3,15.3,36.0,36.0,36.0,17.0,17.0,17.0,1018.9,1018.9,1018.9,99,99,99,0,0,0,8,8,8,1790403529
26.09 06:19,15.0,15.0,15.0,20.3,20.3,20.3,14.3,14.3,14.3,14.3,14.3,14.3,15.3,15.3,15.3,36.0,36.0,36.0,17.0,17.0,17.0,1018.9,1018.9,1018.9,99,99,99,0,0,0,8,8,8,1790403589
26.09 06:25,14.5,14.5,14.5,20.3,20.3,20.3,14.3,14.3,14.3,14.3,14.3,14.3,15.3,15.3,15.3,36.0,36.0,36.0,17.0,17.0,17.0,1018.9,1018.9,1018.9,99,99,99,0,0,0,8,8,8,1790403949
26.09 06:28,15.0,15.0,15.0,20.3,20.3,20.3,14.3,14.3,14.3,14.3,14.3,14.3,15.3,15.3,15.3,36.0,36.0,36.0,17.0,17.0,17.0,1019.0,1019.0,1019.0,99,99,99,0,0,0,8,8,8,1790404129
26.09 06:35,15.0,15.0,15.0,20.3,20.3,20.3,14.0,14.0,14.0,14.0,14.0,14.0,15.3,15.3,15.3,36.0,36.0,36.0,17.0,17.0,17.0,1019.1,1019.1,1019.1,99,99,99,0,0,0,8,8,8,1790404549
26.09 06:37,15.0,15.0,15.0,20.3,20.3,20.3,14.3,14.3,14.3,14.3,14.3,14.3,15.3,15.3,15.3,35.7,35.7,35.7,17.0,17.0,17.0,1019.2,1019.2,1019.2,99,99,99,0,0,0,8,8,8,1790404669
26.09 06:39,15.0,15.0,15.0,20.3,20.3,20.3,14.0,14.0,14.0,14.0,14.0,14.0,15.3,15.3,15.3,35.7,35.7,35.7,17.0,17.0,17.0,1019.3,1019.3,1019.3,99,99,99,0,0,0,8,8,8,1790404789
26.09 06:42,15.0,15.0,15.0,20.3,20.3,20.3,14.3,14.3,14.3,14.3,14.3,14.3,15.3,15.3,15.3,35.7,35.7,35.7,17.0,17.0,17.0,1019.3,1019.3,1019.3,99,99,99,0,0,0,8,8,8,1790404969
26.09 06:44,15.5,15.5,15.5,20.3,20.3,20.3,14.0,14.0,14.0,14.0,14.0,14.0,15.3,15.3,15.3,35.7,35.7,35.7,17.0,17.0,17.0,1019.3,1019.3,1019.3, 0, 0, 0,0,0,0,8,8,8,1790405089
26.09 06:45,15.5,15.5,15.5,20.3,20.3,20.3,14.0,14.0,14.0,14.0,14.0,14.0,15.3,15.3,15.3,35.7,35.7,35.7,17.0,17.0,17.0,1019.3,1019.3,1019.3,99,99,99,0,0,0,8,8,8,1790405149
26.09 07:04,15.5,15.5,15.5,20.0,20.0,20.0,14.0,14.0,14.0,14.0,14.0,14.0,15.0,15.0,15.0,35.7,35.7,35.7,17.0,17.0,17.0,1019.4,1019.4,1019.4,99,99,99,0,0,0,8,8,8,1790406289
26.09 07:06,15.5,15.5,15.5,20.0,20.0,20.0,14.0,14.0,14.0,14.0,14.0,14.0,15.3,15.3,15.3,35.7,35.7,35.7,17.0,17.0,17.0,1019.5,1019.5,1019.5,99,99,99,0,0,0,8,8,8,1790406409
26.09 07:08,15.5,15.5,15.5,20.0,20.0,20.0,14.0,14.0,14.0,14.0,14.0,14.0,15.0,15.0,15.0,35.7,35.7,35.7,17.0,17.0,17.0,1019.5,1019.5,1019.5,99,99,99,0,0,0,8,8,8,1790406529
26.09 07:26,15.5,15.5,15.5,20.0,20.0,20.0,14.0,14.0,14.0,14.0,14.0,14.0,15.0,15.0,15.0,36.0,36.0,36.0,17.0,17.0,17.0,1019.6,1019.6,1019.6,98,98,98,0,0,0,8,8,8,1790407610
26.09 07:30,15.5,15.5,15.5,20.0,20.0,20.0,14.0,14.0,14.0,14.0,14.0,14.0,15.0,15.0,15.0,36.0,36.0,36.0,17.0,17.0,17.0,1019.7,1019.7,1019.7,99,99,99,0,0,0,8,8,8,1790407850
26.09 07:37,15.5,15.5,15.5,20.0,20.0,20.0,14.0,14.0,14.0,14.0,14.0,14.0,15.0,15.0,15.0,36.0,36.0,36.0,17.0,17.0,17.0,1019.6,1019.6,1019.6, 0, 0, 0,0,0,0,8,8,8,1790408270
26.09 07:38,15.5,15.5,15.5,20.0,20.0,20.0,14.0,14.0,14.0,14.0,14.0,14.0,15.0,15.0,15.0,36.0,36.0,36.0,17.0,17.0,17.0,1019.7,1019.7,1019.7,99,99,99,0,0,0,8,8,8,1790408330
26.09 07:41,16.0,16.0,16.0,20.0,20.0,20.0,14.0,14.0,14.0,14.0,14.0,14.0,15.0,15.0,15.0,36.0,36.0,36.0,17.0,17.0,17.0,1019.8,1019.8,1019.8,99,99,99,0,0,0,8,8,8,1790408510
26.09 07:43,16.0,16.0,16.0,20.0,20.0,20.0,14.0,14.0,14.0,14.0,14.0,14.0,15.0,15.0,15.0,36.0,36.0,36.0,17.0,17.0,17.0,1019.8,1019.8,1019.8,99,99,99,0,0,0,8,8,8,1790408630
26.09 07:45,16.0,16.0,16.0,20.0,20.0,20.0,14.0,14.0,14.0,14.0,14.0,14.0,15.0,15.0,15.0,36.2,36.2,36.2,17.0,17.0,17.0,1019.9,1019.9,1019.9,99,99,99,0,0,0,8,8,8,1790408750
26.09 07:59,16.5,16.5,16.5,20.0,20.0,20.0,14.0,14.0,14.0,14.0,14.0,14.0,15.0,15.0,15.0,36.5,36.5,36.5,17.0,17.0,17.0,1019.9,1019.9,1019.9,98,98,98,0,0,0,8,8,8,1790409590
26.09 08:09,17.0,17.0,17.0,20.0,20.0,20.0,14.0,14.0,14.0,14.0,14.0,14.0,15.0,15.0,15.0,36.7,36.7,36.7,17.0,17.0,17.0,1019.8,1019.8,1019.8,98,98,98,0,0,0,8,8,8,1790410190
26.09 08:18,17.0,17.0,17.0,19.8,19.8,19.8,13.8,13.8,13.8,13.8,13.8,13.8,15.0,15.0,15.0,37.0,37.0,37.0,17.0,17.0,17.0,1019.8,1019.8,1019.8, 0, 0, 0,0,0,0,8,8,8,1790410730
26.09 08:19,17.0,17.0,17.0,19.8,19.8,19.8,14.0,14.0,14.0,14.0,14.0,14.0,15.0,15.0,15.0,37.0,37.0,37.0,17.0,17.0,17.0,1019.8,1019.8,1019.8,97,97,97,0,0,0,8,8,8,1790410790
26.09 08:27,17.0,17.0,17.0,19.8,19.8,19.8,13.8,13.8,13.8,14.0,14.0,14.0,15.0,15.0,15.0,37.0,37.0,37.0,17.0,17.0,17.0,1019.8,1019.8,1019.8,97,97,97,0,0,0,8,8,8,1790411270
26.09 08:31,17.0,17.0,17.0,19.8,19.8,19.8,13.8,13.8,13.8,13.8,13.8,13.8,15.0,15.0,15.0,37.0,37.0,37.0,17.0,17.0,17.0,1019.9,1019.9,1019.9,96,96,96,0,0,0,8,8,8,1790411510
26.09 08:33,17.0,17.0,17.0,19.8,19.8,19.8,13.8,13.8,13.8,13.8,13.8,13.8,15.0,15.0,15.0,37.0,37.0,37.0,17.0,17.0,17.0,1020.0,1020.0,1020.0,96,96,96,0,0,0,8,8,8,1790411630
26.09 08:35,17.0,17.0,17.0,19.8,19.8,19.8,13.8,13.8,13.8,13.8,13.8,13.8,15.0,15.0,15.0,37.0,37.0,37.0,17.0,17.0,17.0,1020.1,1020.1,1020.1,96,96,96,0,0,0,8,8,8,1790411750
26.09 08:37,17.0,17.0,17.0,19.8,19.8,19.8,14.0,14.0,14.0,14.0,14.0,14.0,15.0,15.0,15.0,37.0,37.0,37.0,17.0,17.0,17.0,1020.1,1020.1,1020.1,96,96,96,0,0,0,8,8,8,1790411870
26.09 08:39,17.0,17.0,17.0,19.8,19.8,19.8,13.8,13.8,13.8,13.8,13.8,13.8,15.0,15.0,15.0,37.0,37.0,37.0,17.0,17.0,17.0,1020.2,1020.2,1020.2,96,96,96,0,0,0,8,8,8,1790411990
26.09 08:44,16.5,16.5,16.5,19.8,19.8,19.8,13.8,13.8,13.8,13.8,13.8,13.8,15.0,15.0,15.0,37.0,37.0,37.0,17.0,17.0,17.0,1020.2,1020.2,1020.2,96,96,96,0,0,0,8,8,8,1790412290
26.09 08:56,17.0,17.0,17.0,19.8,19.8,19.8,13.8,13.8,13.8,13.8,13.8,13.8,15.0,15.0,15.0,37.0,37.0,37.0,17.0,17.0,17.0,1020.3,1020.3,1020.3, 0, 0, 0,0,0,0,8,8,8,1790413010
26.09 08:57,17.0,17.0,17.0,19.8,19.8,19.8,13.8,13.8,13.8,13.8,13.8,13.8,15.0,15.0,15.0,37.0,37.0,37.0,17.0,17.0,17.0,1020.3,1020.3,1020.3,96,96,96,0,0,0,8,8,8,1790413070
26.09 09:00,17.5,17.5,17.5,19.8,19.8,19.8,14.0,14.0,14.0,14.0,14.0,14.0,15.0,15.0,15.0,37.0,37.0,37.0,17.0,17.0,17.0,1020.4,1020.4,1020.4,97,97,97,0,0,0,8,8,8,1790413250
26.09 09:07,17.5,17.5,17.5,19.8,19.8,19.8,13.8,13.8,13.8,13.8,13.8,13.8,15.0,15.0,15.0,37.0,37.0,37.0,17.0,17.0,17.0,1020.4,1020.4,1020.4,97,97,97,0,0,0,8,8,8,1790413670
26.09 09:10,17.5,17.5,17.5,19.8,19.8,19.8,13.8,13.8,13.8,13.8,13.8,13.8,15.0,15.0,15.0,37.0,37.0,37.0,17.0,17.0,17.0,1020.5,1020.5,1020.5,97,97,97,0,0,0,8,8,8,1790413850
26.09 09:12,18.0,18.0,18.0,19.8,19.8,19.8,13.8,13.8,13.8,13.8,13.8,13.8,15.0,15.0,15.0,37.0,37.0,37.0,17.0,17.0,17.0,1020.6,1020.6,1020.6,97,97,97,0,0,0,8,8,8,1790413970
26.09 09:16,18.0,18.0,18.0,19.8,19.8,19.8,14.0,14.0,14.0,13.8,13.8,13.8,15.0,15.0,15.0,37.2,37.2,37.2,17.0,17.0,17.0,1020.6,1020.6,1020.6,97,97,97,0,0,0,8,8,8,1790414210
26.09 09:21,18.0,18.0,18.0,19.8,19.8,19.8,13.8,13.8,13.8,13.8,13.8,13.8,15.0,15.0,15.0,37.2,37.2,37.2,17.0,17.0,17.0,1020.5,1020.5,1020.5,96,96,96,0,0,0,8,8,8,1790414510
26.09 09:26,18.5,18.5,18.5,19.8,19.8,19.8,13.8,13.8,13.8,13.8,13.8,13.8,15.0,15.0,15.0,37.5,37.5,37.5,17.0,17.0,17.0,1020.5,1020.5,1020.5,96,96,96,0,0,0,8,8,8,1790414810
26.09 09:35,19.5,19.5,19.5,19.8,19.8,19.8,14.0,14.0,14.0,14.0,14.0,14.0,15.0,15.0,15.0,38.0,38.0,38.0,17.0,17.0,17.0,1020.5,1020.5,1020.5,95,95,95,0,0,0,8,8,8,1790415350
26.09 09:40,19.5,19.5,19.5,19.8,19.8,19.8,14.0,14.0,14.0,14.0,14.0,14.0,15.0,15.0,15.0,38.2,38.2,38.2,17.0,17.0,17.0,1020.5,1020.5,1020.5,94,94,94,0,0,0,8,8,8,1790415650
26.09 10:05,20.0,20.0,20.0,19.5,19.5,19.5,14.0,14.0,14.0,14.0,14.0,14.0,15.0,15.0,15.0,39.0,39.0,39.0,17.0,17.0,17.0,1020.5,1020.5,1020.5,91,91,91,0,0,0,8,8,8,1790417151
26.09 10:07,20.0,20.0,20.0,19.8,19.8,19.8,14.0,14.0,14.0,14.0,14.0,14.0,15.0,15.0,15.0,39.2,39.2,39.2,17.0,17.0,17.0,1020.4,1020.4,1020.4,91,91,91,0,0,0,8,8,8,1790417271
26.09 10:11,20.0,20.0,20.0,19.8,19.8,19.8,14.0,14.0,14.0,14.0,14.0,14.0,15.3,15.3,15.3,39.7,39.7,39.7,17.0,17.0,17.0,1020.4,1020.4,1020.4,91,91,91,0,0,0,8,8,8,1790417511
26.09 10:13,19.5,19.5,19.5,19.8,19.8,19.8,14.0,14.0,14.0,14.0,14.0,14.0,15.3,15.3,15.3,40.0,40.0,40.0,17.0,17.0,17.0,1020.4,1020.4,1020.4,89,89,89,0,0,0,8,8,8,1790417631
26.09 10:16,20.0,20.0,20.0,19.8,19.8,19.8,14.0,14.0,14.0,14.0,14.0,14.0,15.0,15.0,15.0,40.2,40.2,40.2,17.0,17.0,17.0,1020.5,1020.5,1020.5,88,88,88,0,0,0,8,8,8,1790417811
26.09 10:36,21.0,21.0,21.0,19.8,19.8,19.8,14.0,14.0,14.0,14.0,14.0,14.0,15.3,15.3,15.3,40.5,40.5,40.5,17.0,17.0,17.0,1020.5,1020.5,1020.5,88,88,88,0,0,0,8,8,8,1790419011
26.09 10:45,21.0,21.0,21.0,19.5,19.5,19.5,14.3,14.3,14.3,14.0,14.0,14.0,15.3,15.3,15.3,40.5,40.5,40.5,17.0,17.0,17.0,1020.5,1020.5,1020.5,87,87,87,0,0,0,8,8,8,1790419551
26.09 10:48,21.0,21.0,21.0,19.5,19.5,19.5,14.3,14.3,14.3,14.3,14.3,14.3,15.3,15.3,15.3,40.8,40.8,40.8,17.0,17.0,17.0,1020.4,1020.4,1020.4,85,85,85,0,0,0,8,8,8,1790419731
26.09 11:08,21.0,21.0,21.0,19.8,19.8,19.8,14.3,14.3,14.3,14.3,14.3,14.3,15.3,15.3,15.3,41.7,41.7,41.7,17.0,17.0,17.0,1020.4,1020.4,1020.4,83,83,83,0,0,0,8,8,8,1790420931
26.09 11:16,21.0,21.0,21.0,19.8,19.8,19.8,14.5,14.5,14.5,14.5,14.5,14.5,15.3,15.3,15.3,42.2,42.2,42.2,17.0,17.0,17.0,1020.4,1020.4,1020.4,82,82,82,0,0,0,8,8,8,1790421411
26.09 11:24,21.5,21.5,21.5,19.8,19.8,19.8,14.5,14.5,14.5,14.5,14.5,14.5,15.3,15.3,15.3,43.3,43.3,43.3,17.0,17.0,17.0,1020.4,1020.4,1020.4,83,83,83,0,0,0,8,8,8,1790421891
26.09 11:31,21.5,21.5,21.5,19.8,19.8,19.8,14.5,14.5,14.5,14.5,14.5,14.5,15.3,15.3,15.3,43.3,43.3,43.3,17.0,17.0,17.0,1020.3,1020.3,1020.3,81,81,81,0,0,0,8,8,8,1790422311
26.09 11:38,21.5,21.5,21.5,19.8,19.8,19.8,14.7,14.7,14.7,20.0,20.0,20.0,15.3,15.3,15.3,43.7,43.7,43.7,17.0,17.0,17.0,1020.3,1020.3,1020.3,81,81,81,0,0,0,8,8,8,1790422728
26.09 11:42,21.5,21.5,21.5,19.8,19.8,19.8,14.7,14.7,14.7,20.0,20.0,20.0,15.3,15.3,15.3,43.7,43.7,43.7,17.0,17.0,17.0,1020.4,1020.4,1020.4,82,82,82,0,0,0,8,8,8,1790422968
26.09 11:46,21.5,21.5,21.5,19.8,19.8,19.8,14.7,14.7,14.7,20.0,20.0,20.0,15.5,15.5,15.5,43.7,43.7,43.7,17.0,17.0,17.0,1020.4,1020.4,1020.4, 0, 0, 0,0,0,0,8,8,8,1790423170
26.09 11:47,22.0,22.0,22.0,19.8,19.8,19.8,14.7,14.7,14.7,20.0,20.0,20.0,15.5,15.5,15.5,44.0,44.0,44.0,17.0,17.0,17.0,1020.4,1020.4,1020.4,81,81,81,0,0,0,8,8,8,1790423230
26.09 11:53,21.5,21.5,21.5,19.8,19.8,19.8,14.7,14.7,14.7,20.0,20.0,20.0,15.5,15.5,15.5,44.0,44.0,44.0,17.0,17.0,17.0,1020.4,1020.4,1020.4,81,81,81,0,0,0,8,8,8,1790423590
26.09 12:00,22.0,22.0,22.0,19.8,19.8,19.8,15.0,15.0,15.0,20.0,20.0,20.0,15.5,15.5,15.5,44.2,44.2,44.2,17.0,17.0,17.0,1020.5,1020.5,1020.5,79,79,79,0,0,0,8,8,8,1790424010
26.09 12:03,22.5,22.5,22.5,19.8,19.8,19.8,15.0,15.0,15.0,20.0,20.0,20.0,15.5,15.5,15.5,44.5,44.5,44.5,17.0,17.0,17.0,1020.6,1020.6,1020.6,79,79,79,0,0,0,8,8,8,1790424190
26.09 12:05,22.5,22.5,22.5,19.8,19.8,19.8,15.0,15.0,15.0,20.0,20.0,20.0,15.5,15.5,15.5,44.7,44.7,44.7,17.0,17.0,17.0,1020.6,1020.6,1020.6, 0, 0, 0,0,0,0,8,8,8,1790424310
26.09 12:06,22.5,22.5,22.5,19.8,19.8,19.8,15.0,15.0,15.0,15.0,15.0,15.0,15.5,15.5,15.5,45.0,45.0,45.0,17.0,17.0,17.0,1020.6,1020.6,1020.6,77,77,77,0,0,0,8,8,8,1790424370
26.09 12:14,21.5,21.5,21.5,19.8,19.8,19.8,15.0,15.0,15.0,15.0,15.0,15.0,15.5,15.5,15.5,44.5,44.5,44.5,17.0,17.0,17.0,1020.6,1020.6,1020.6,78,78,78,0,0,0,8,8,8,1790424850
26.09 12:19,22.0,22.0,22.0,19.8,19.8,19.8,15.0,15.0,15.0,15.0,15.0,15.0,15.5,15.5,15.5,44.2,44.2,44.2,17.0,17.0,17.0,1020.5,1020.5,1020.5,81,81,81,0,0,0,8,8,8,1790425150
26.09 12:27,22.0,22.0,22.0,19.8,19.8,19.8,15.0,15.0,15.0,15.0,15.0,15.0,15.5,15.5,15.5,44.7,44.7,44.7,17.0,17.0,17.0,1020.5,1020.5,1020.5,78,78,78,0,0,0,8,8,8,1790425630
26.09 12:35,22.5,22.5,22.5,19.8,19.8,19.8,15.0,15.0,15.0,15.3,15.3,15.3,15.5,15.5,15.5,44.7,44.7,44.7,17.0,17.0,17.0,1020.6,1020.6,1020.6,77,77,77,0,0,0,8,8,8,1790426110
26.09 12:41,22.0,22.0,22.0,19.8,19.8,19.8,15.3,15.3,15.3,15.3,15.3,15.3,15.5,15.5,15.5,44.7,44.7,44.7,17.0,17.0,17.0,1020.5,1020.5,1020.5,79,79,79,0,0,0,8,8,8,1790426470
26.09 12:45,22.0,22.0,22.0,19.8,19.8,19.8,15.3,15.3,15.3,15.3,15.3,15.3,15.5,15.5,15.5,44.5,44.5,44.5,17.0,17.0,17.0,1020.4,1020.4,1020.4,78,78,78,0,0,0,8,8,8,1790426710
26.09 12:47,22.5,22.5,22.5,19.8,19.8,19.8,15.3,15.3,15.3,15.3,15.3,15.3,15.5,15.5,15.5,44.5,44.5,44.5,17.0,17.0,17.0,1020.4,1020.4,1020.4,78,78,78,0,0,0,8,8,8,1790426830
26.09 12:51,21.5,21.5,21.5,19.8,19.8,19.8,15.3,15.3,15.3,15.3,15.3,15.3,15.5,15.5,15.5,44.2,44.2,44.2,17.0,17.0,17.0,1020.4,1020.4,1020.4,77,77,77,0,0,0,8,8,8,1790427070
26.09 12:55,21.0,21.0,21.0,19.5,19.5,19.5,15.3,15.3,15.3,15.3,15.3,15.3,15.5,15.5,15.5,44.0,44.0,44.0,17.0,17.0,17.0,1020.4,1020.4,1020.4,79,79,79,0,0,0,8,8,8,1790427310
26.09 12:57,21.0,21.0,21.0,19.5,19.5,19.5,17.0,17.0,17.0,17.0,17.0,17.0,15.5,15.5,15.5,44.0,44.0,44.0,17.0,17.0,17.0,1020.4,1020.4,1020.4,79,79,79,0,0,0,8,8,8,1790427430
26.09 12:58,21.0,21.0,21.0,19.5,19.5,19.5,18.8,18.8,18.8,18.8,18.8,18.8,15.5,15.5,15.5,43.7,43.7,43.7,17.0,17.0,17.0,1020.4,1020.4,1020.4,80,80,80,0,0,0,8,8,8,1790427490
26.09 12:59,21.0,21.0,21.0,19.5,19.5,19.5,21.2,21.2,21.2,21.2,21.2,21.2,15.8,15.8,15.8,43.7,43.7,43.7,17.0,17.0,17.0,1020.4,1020.4,1020.4,80,80,80,0,0,0,8,8,8,1790427550
26.09 13:00,21.0,21.0,21.0,19.5,19.5,19.5,24.3,24.3,24.3,24.3,24.3,24.3,15.8,15.8,15.8,43.7,43.7,43.7,17.0,17.0,17.0,1020.5,1020.5,1020.5,80,80,80,0,0,0,8,8,8,1790427610
26.09 13:01,21.5,21.5,21.5,19.5,19.5,19.5,27.2,27.2,27.2,27.0,27.0,27.0,15.8,15.8,15.8,43.7,43.7,43.7,17.0,17.0,17.0,1020.4,1020.4,1020.4,81,81,81,0,0,0,8,8,8,1790427670
26.09 13:02,21.5,21.5,21.5,19.5,19.5,19.5,29.5,29.5,29.5,29.5,29.5,29.5,16.0,16.0,16.0,43.7,43.7,43.7,17.0,17.0,17.0,1020.4,1020.4,1020.4,80,80,80,0,0,0,8,8,8,1790427730
26.09 13:03,21.5,21.5,21.5,19.8,19.8,19.8,31.8,31.8,31.8,31.5,31.5,31.5,16.3,16.3,16.3,43.7,43.7,43.7,17.0,17.0,17.0,1020.4,1020.4,1020.4,80,80,80,0,0,0,8,8,8,1790427790
26.09 13:04,22.0,22.0,22.0,19.8,19.8,19.8,33.2,33.2,33.2,33.0,33.0,33.0,16.5,16.5,16.5,43.7,43.7,43.7,17.0,17.0,17.0,1020.4,1020.4,1020.4,80,80,80,0,0,0,8,8,8,1790427850
26.09 13:05,22.0,22.0,22.0,20.0,20.0,20.0,34.7,34.7,34.7,34.7,34.7,34.7,16.8,16.8,16.8,44.0,44.0,44.0,17.0,17.0,17.0,1020.4,1020.4,1020.4,81,81,81,0,0,0,8,8,8,1790427910
26.09 13:06,22.0,22.0,22.0,20.3,20.3,20.3,35.7,35.7,35.7,35.7,35.7,35.7,17.0,17.0,17.0,44.0,44.0,44.0,17.0,17.0,17.0,1020.4,1020.4,1020.4,78,78,78,0,0,0,8,8,8,1790427970
26.09 13:07,22.5,22.5,22.5,20.3,20.3,20.3,36.7,36.7,36.7,36.7,36.7,36.7,17.2,17.2,17.2,44.2,44.2,44.2,17.0,17.0,17.0,1020.4,1020.4,1020.4,79,79,79,0,0,0,8,8,8,1790428030
26.09 13:08,22.5,22.5,22.5,20.5,20.5,20.5,37.7,37.7,37.7,37.7,37.7,37.7,17.5,17.5,17.5,44.7,44.7,44.7,17.0,17.0,17.0,1020.4,1020.4,1020.4,79,79,79,0,0,0,8,8,8,1790428090
26.09 13:09,22.5,22.5,22.5,20.8,20.8,20.8,38.7,38.7,38.7,38.7,38.7,38.7,18.0,18.0,18.0,45.0,45.0,45.0,17.0,17.0,17.0,1020.4,1020.4,1020.4,79,79,79,0,0,0,8,8,8,1790428150
26.09 13:11,22.5,22.5,22.5,21.0,21.0,21.0,40.2,40.2,40.2,40.2,40.2,40.2,18.5,18.5,18.5,45.5,45.5,45.5,17.0,17.0,17.0,1020.4,1020.4,1020.4,78,78,78,0,0,0,8,8,8,1790428270
26.09 13:13,22.5,22.5,22.5,21.5,21.5,21.5,41.5,41.5,41.5,41.5,41.5,41.5,18.8,18.8,18.8,46.0,46.0,46.0,17.0,17.0,17.0,1020.4,1020.4,1020.4,78,78,78,0,0,0,8,8,8,1790428390
26.09 13:15,22.5,22.5,22.5,21.8,21.8,21.8,42.7,42.7,42.7,42.7,42.7,42.7,19.0,19.0,19.0,46.2,46.2,46.2,17.0,17.0,17.0,1020.3,1020.3,1020.3,76,76,76,0,0,0,8,8,8,1790428510
26.09 13:17,22.0,22.0,22.0,22.0,22.0,22.0,44.5,44.5,44.5,44.5,44.5,44.5,19.3,19.3,19.3,46.2,46.2,46.2,17.0,17.0,17.0,1020.3,1020.3,1020.3,76,76,76,0,0,0,8,8,8,1790428630
26.09 13:18,22.0,22.0,22.0,22.2,22.2,22.2,45.5,45.5,45.5,45.5,45.5,45.5,19.3,19.3,19.3,46.2,46.2,46.2,17.0,17.0,17.0,1020.3,1020.3,1020.3,76,76,76,0,0,0,8,8,8,1790428690
26.09 13:19,22.0,22.0,22.0,22.5,22.5,22.5,47.0,47.0,47.0,46.7,46.7,46.7,19.5,19.5,19.5,46.0,46.0,46.0,17.0,17.0,17.0,1020.3,1020.3,1020.3,77,77,77,0,0,0,8,8,8,1790428750
26.09 13:20,22.5,22.5,22.5,22.8,22.8,22.8,48.3,48.3,48.3,48.3,48.3,48.3,19.5,19.5,19.5,46.0,46.0,46.0,17.0,17.0,17.0,1020.3,1020.3,1020.3,77,77,77,0,0,0,8,8,8,1790428810
26.09 13:21,22.0,22.0,22.0,23.0,23.0,23.0,49.5,49.5,49.5,49.5,49.5,49.5,19.5,19.5,19.5,46.0,46.0,46.0,17.0,17.0,17.0,1020.3,1020.3,1020.3,78,78,78,0,0,0,8,8,8,1790428870
26.09 13:22,22.0,22.0,22.0,23.0,23.0,23.0,50.8,50.8,50.8,50.5,50.5,50.5,19.5,19.5,19.5,45.8,45.8,45.8,17.0,17.0,17.0,1020.3,1020.3,1020.3,77,77,77,0,0,0,8,8,8,1790428930
26.09 13:23,22.0,22.0,22.0,23.3,23.3,23.3,51.5,51.5,51.5,51.5,51.5,51.5,19.5,19.5,19.5,45.8,45.8,45.8,17.0,17.0,17.0,1020.3,1020.3,1020.3,77,77,77,0,0,0,8,8,8,1790428990
26.09 13:24,22.0,22.0,22.0,23.5,23.5,23.5,52.5,52.5,52.5,52.5,52.5,52.5,19.8,19.8,19.8,45.8,45.8,45.8,17.0,17.0,17.0,1020.3,1020.3,1020.3,77,77,77,0,0,0,8,8,8,1790429050
26.09 13:26,22.0,22.0,22.0,24.0,24.0,24.0,53.7,53.7,53.7,53.7,53.7,53.7,20.0,20.0,20.0,45.5,45.5,45.5,17.0,17.0,17.0,1020.3,1020.3,1020.3,78,78,78,0,0,0,12,12,12,1790429170
26.09 13:29,21.5,21.5,21.5,25.0,25.0,25.0,55.0,55.0,55.0,55.0,55.0,55.0,20.5,20.5,20.5,45.2,45.2,45.2,17.0,17.0,17.0,1020.3,1020.3,1020.3,77,77,77,0,0,0,12,12,12,1790429350
26.09 13:32,22.0,22.0,22.0,25.8,25.8,25.8,55.8,55.8,55.8,55.8,55.8,55.8,20.8,20.8,20.8,45.0,45.0,45.0,17.0,17.0,17.0,1020.3,1020.3,1020.3,77,77,77,0,0,0,12,12,12,1790429530
26.09 13:35,22.0,22.0,22.0,26.8,26.8,26.8,56.5,56.5,56.5,56.5,56.5,56.5,20.8,20.8,20.8,44.7,44.7,44.7,17.0,17.0,17.0,1020.3,1020.3,1020.3,78,78,78,0,0,0,12,12,12,1790429711
26.09 13:36,21.5,21.5,21.5,27.0,27.0,27.0,57.5,57.5,57.5,57.2,57.2,57.2,20.5,20.5,20.5,44.7,44.7,44.7,17.0,17.0,17.0,1020.2,1020.2,1020.2,79,79,79,0,0,0,16,16,16,1790429771
26.09 13:37,21.5,21.5,21.5,27.2,27.2,27.2,58.3,58.3,58.3,58.3,58.3,58.3,20.0,20.0,20.0,44.5,44.5,44.5,17.0,17.0,17.0,1020.3,1020.3,1020.3,79,79,79,0,0,0,16,16,16,1790429831
26.09 13:38,21.5,21.5,21.5,27.5,27.5,27.5,59.5,59.5,59.5,59.5,59.5,59.5,19.8,19.8,19.8,44.5,44.5,44.5,17.0,17.0,17.0,1020.3,1020.3,1020.3,79,79,79,0,0,0,16,16,16,1790429891
26.09 13:39,21.5,21.5,21.5,28.0,28.0,28.0,60.8,60.8,60.8,60.8,60.8,60.8,19.3,19.3,19.3,44.5,44.5,44.5,17.0,17.0,17.0,1020.3,1020.3,1020.3,79,79,79,0,0,0,16,16,16,1790429951
26.09 13:40,21.5,21.5,21.5,28.3,28.3,28.3,62.2,62.2,62.2,62.2,62.2,62.2,19.0,19.0,19.0,44.5,44.5,44.5,17.0,17.0,17.0,1020.3,1020.3,1020.3,79,79,79,0,0,0,16,16,16,1790430011
26.09 13:41,21.5,21.5,21.5,28.5,28.5,28.5,63.5,63.5,63.5,63.5,63.5,63.5,19.0,19.0,19.0,44.5,44.5,44.5,17.0,17.0,17.0,1020.3,1020.3,1020.3,79,79,79,0,0,0,16,16,16,1790430071
26.09 13:42,21.0,21.0,21.0,29.0,29.0,29.0,65.0,65.0,65.0,65.0,65.0,65.0,19.0,19.0,19.0,44.2,44.2,44.2,17.0,17.0,17.0,1020.4,1020.4,1020.4,79,79,79,0,0,0,16,16,16,1790430131
26.09 13:43,21.0,21.0,21.0,29.3,29.3,29.3,67.5,67.5,67.5,67.0,67.0,67.0,22.5,22.5,22.5,44.2,44.2,44.2,17.0,17.0,17.0,1020.4,1020.4,1020.4,80,80,80,0,0,0,16,16,16,1790430191
26.09 13:44,21.5,21.5,21.5,29.8,29.8,29.8,65.0,65.0,65.0,65.0,65.0,65.0,38.7,38.7,38.7,44.2,44.2,44.2,17.0,17.0,17.0,1020.4,1020.4,1020.4,79,79,79,0,0,0,16,16,16,1790430251
26.09 13:45,21.5,21.5,21.5,30.0,30.0,30.0,56.5,56.5,56.5,56.0,56.0,56.0,50.5,50.5,50.5,44.2,44.2,44.2,17.0,17.0,17.0,1020.4,1020.4,1020.4,80,80,80,0,0,0,16,16,16,1790430311
26.09 13:46,21.5,21.5,21.5,30.3,30.3,30.3,54.0,54.0,54.0,56.0,56.0,56.0,51.7,51.7,51.7,44.2,44.2,44.2,17.0,17.0,17.0,1020.4,1020.4,1020.4,80,80,80,0,0,0,20,20,20,1790430371
26.09 13:47,21.5,21.5,21.5,30.8,30.8,30.8,53.7,53.7,53.7,56.0,56.0,56.0,49.0,49.0,49.0,44.2,44.2,44.2,17.0,17.0,17.0,1020.3,1020.3,1020.3,80,80,80,0,0,0,20,20,20,1790430431
26.09 13:48,22.0,22.0,22.0,31.0,31.0,31.0,54.2,54.2,54.2,56.0,56.0,56.0,46.2,46.2,46.2,44.2,44.2,44.2,17.0,17.0,17.0,1020.3,1020.3,1020.3,80,80,80,0,0,0,20,20,20,1790430491
26.09 13:49,22.0,22.0,22.0,31.2,31.2,31.2,55.5,55.5,55.5,56.0,56.0,56.0,44.5,44.5,44.5,44.2,44.2,44.2,17.0,17.0,17.0,1020.3,1020.3,1020.3,80,80,80,0,0,0,20,20,20,1790430551
26.09 13:50,22.0,22.0,22.0,31.5,31.5,31.5,56.7,56.7,56.7,56.0,56.0,56.0,43.5,43.5,43.5,44.5,44.5,44.5,17.0,17.0,17.0,1020.2,1020.2,1020.2,78,78,78,0,0,0,20,20,20,1790430611
26.09 13:51,22.0,22.0,22.0,31.8,31.8,31.8,58.5,58.5,58.5,56.0,56.0,56.0,43.3,43.3,43.3,44.5,44.5,44.5,17.0,17.0,17.0,1020.2,1020.2,1020.2,78,78,78,0,0,0,20,20,20,1790430671
26.09 13:52,22.0,22.0,22.0,32.0,32.0,32.0,60.5,60.5,60.5,56.0,56.0,56.0,43.5,43.5,43.5,44.5,44.5,44.5,17.0,17.0,17.0,1020.2,1020.2,1020.2,78,78,78,0,0,0,20,20,20,1790430731
26.09 13:53,22.0,22.0,22.0,32.2,32.2,32.2,62.2,62.2,62.2,56.0,56.0,56.0,44.2,44.2,44.2,44.7,44.7,44.7,17.0,17.0,17.0,1020.2,1020.2,1020.2,77,77,77,0,0,0,20,20,20,1790430791
26.09 13:54,22.0,22.0,22.0,32.5,32.5,32.5,64.0,64.0,64.0,56.0,56.0,56.0,44.5,44.5,44.5,44.7,44.7,44.7,17.0,17.0,17.0,1020.2,1020.2,1020.2,77,77,77,0,0,0,20,20,20,1790430851
26.09 13:55,22.5,22.5,22.5,33.0,33.0,33.0,66.2,66.2,66.2,65.0,65.0,65.0,44.5,44.5,44.5,45.0,45.0,45.0,17.0,17.0,17.0,1020.2,1020.2,1020.2,77,77,77,0,0,0,20,20,20,1790430911
26.09 13:56,22.5,22.5,22.5,33.2,33.2,33.2,68.7,68.7,68.7,68.0,68.0,68.0,42.7,42.7,42.7,45.0,45.0,45.0,17.0,17.0,17.0,1020.2,1020.2,1020.2,77,77,77,0,0,0,20,20,20,1790430971
26.09 13:57,22.5,22.5,22.5,33.7,33.7,33.7,65.5,65.5,65.5,65.0,65.0,65.0,51.5,51.5,51.5,45.0,45.0,45.0,17.0,17.0,17.0,1020.2,1020.2,1020.2,76,76,76,0,0,0,20,20,20,1790431031
26.09 13:58,22.5,22.5,22.5,34.0,34.0,34.0,59.7,59.7,59.7,59.0,59.0,59.0,57.0,57.0,57.0,45.2,45.2,45.2,17.0,17.0,17.0,1020.2,1020.2,1020.2,76,76,76,0,0,0,20,20,20,1790431091
26.09 13:59,22.5,22.5,22.5,34.2,34.2,34.2,58.3,58.3,58.3,58.0,58.0,58.0,55.2,55.2,55.2,45.2,45.2,45.2,17.0,17.0,17.0,1020.3,1020.3,1020.3,75,75,75,0,0,0,20,20,20,1790431151
26.09 14:00,22.5,22.5,22.5,34.5,34.5,34.5,58.0,58.0,58.0,58.0,58.0,58.0,53.5,53.5,53.5,45.5,45.5,45.5,17.0,17.0,17.0,1020.3,1020.3,1020.3,75,75,75,0,0,0,20,20,20,1790431211
26.09 14:01,22.0,22.0,22.0,34.7,34.7,34.7,57.7,57.7,57.7,57.0,57.0,57.0,53.0,53.0,53.0,45.5,45.5,45.5,17.0,17.0,17.0,1020.3,1020.3,1020.3,74,74,74,0,0,0,20,20,20,1790431271
26.09 14:03,22.5,22.5,22.5,35.2,35.2,35.2,56.7,56.7,56.7,56.0,56.0,56.0,52.7,52.7,52.7,45.5,45.5,45.5,17.0,17.0,17.0,1020.3,1020.3,1020.3,75,75,75,0,0,0,20,20,20,1790431391
26.09 14:07,22.5,22.5,22.5,36.2,36.2,36.2,56.5,56.5,56.5,56.0,56.0,56.0,52.2,52.2,52.2,45.5,45.5,45.5,17.0,17.0,17.0,1020.3,1020.3,1020.3,75,75,75,0,0,0,20,20,20,1790431631
26.09 14:10,22.5,22.5,22.5,37.0,37.0,37.0,57.0,57.0,57.0,57.0,57.0,57.0,52.5,52.5,52.5,45.5,45.5,45.5,17.0,17.0,17.0,1020.3,1020.3,1020.3,76,76,76,0,0,0,20,20,20,1790431811
26.09 14:14,22.5,22.5,22.5,38.0,38.0,38.0,57.7,57.7,57.7,57.0,57.0,57.0,53.3,53.3,53.3,45.5,45.5,45.5,17.0,17.0,17.0,1020.3,1020.3,1020.3,76,76,76,0,0,0,20,20,20,1790432051
26.09 14:15,22.5,22.5,22.5,38.2,38.2,38.2,58.0,58.0,58.0,58.0,58.0,58.0,53.5,53.5,53.5,45.5,45.5,45.5,17.0,17.0,17.0,1020.3,1020.3,1020.3,76,76,76,0,0,0,20,20,20,1790432111
26.09 14:19,22.5,22.5,22.5,39.0,39.0,39.0,58.7,58.7,58.7,58.0,58.0,58.0,54.5,54.5,54.5,45.5,45.5,45.5,17.0,17.0,17.0,1020.3,1020.3,1020.3,76,76,76,0,0,0,20,20,20,1790432351
26.09 14:20,22.5,22.5,22.5,39.2,39.2,39.2,59.0,59.0,59.0,59.0,59.0,59.0,54.7,54.7,54.7,45.5,45.5,45.5,17.0,17.0,17.0,1020.3,1020.3,1020.3,76,76,76,0,0,0,20,20,20,1790432411
26.09 14:21,22.5,22.5,22.5,39.5,39.5,39.5,58.7,58.7,58.7,58.0,58.0,58.0,55.0,55.0,55.0,45.2,45.2,45.2,17.0,17.0,17.0,1020.3,1020.3,1020.3,77,77,77,0,0,0,20,20,20,1790432471
26.09 14:27,22.5,22.5,22.5,40.5,40.5,40.5,58.0,58.0,58.0,58.0,58.0,58.0,54.5,54.5,54.5,45.0,45.0,45.0,17.0,17.0,17.0,1020.3,1020.3,1020.3,77,77,77,0,0,0,20,20,20,1790432831
26.09 14:30,22.5,22.5,22.5,41.0,41.0,41.0,57.7,57.7,57.7,57.0,57.0,57.0,54.2,54.2,54.2,44.7,44.7,44.7,17.0,17.0,17.0,1020.3,1020.3,1020.3,76,76,76,0,0,0,20,20,20,1790433011
26.09 14:34,22.5,22.5,22.5,41.5,41.5,41.5,57.2,57.2,57.2,57.0,57.0,57.0,54.0,54.0,54.0,44.7,44.7,44.7,17.0,17.0,17.0,1020.2,1020.2,1020.2,77,77,77,0,0,0,20,20,20,1790433251
26.09 14:38,23.0,23.0,23.0,42.0,42.0,42.0,57.2,57.2,57.2,57.0,57.0,57.0,53.7,53.7,53.7,44.5,44.5,44.5,17.0,17.0,17.0,1020.2,1020.2,1020.2,77,77,77,0,0,0,20,20,20,1790433491
26.09 14:41,22.0,22.0,22.0,42.2,42.2,42.2,57.2,57.2,57.2,57.0,57.0,57.0,53.7,53.7,53.7,44.7,44.7,44.7,17.0,17.0,17.0,1020.1,1020.1,1020.1,77,77,77,0,0,0,20,20,20,1790433671
26.09 14:45,22.0,22.0,22.0,42.7,42.7,42.7,58.5,58.5,58.5,20.0,20.0,20.0,54.0,54.0,54.0,45.0,45.0,45.0,17.0,17.0,17.0,1020.1,1020.1,1020.1,76,76,76,0,0,0,20,20,20,1790433938
26.09 14:47,22.0,22.0,22.0,43.0,43.0,43.0,58.5,58.5,58.5,20.0,20.0,20.0,52.2,52.2,52.2,45.0,45.0,45.0,17.0,17.0,17.0,1020.1,1020.1,1020.1,77,77,77,0,0,0,20,20,20,1790434058
26.09 14:48,22.5,22.5,22.5,43.0,43.0,43.0,59.2,59.2,59.2,20.0,20.0,20.0,51.2,51.2,51.2,45.0,45.0,45.0,17.0,17.0,17.0,1020.1,1020.1,1020.1,77,77,77,0,0,0,20,20,20,1790434118
26.09 14:49,22.5,22.5,22.5,43.0,43.0,43.0,60.5,60.5,60.5,20.0,20.0,20.0,50.5,50.5,50.5,45.0,45.0,45.0,17.0,17.0,17.0,1020.1,1020.1,1020.1,77,77,77,0,0,0,20,20,20,1790434178
26.09 14:50,22.0,22.0,22.0,43.3,43.3,43.3,61.7,61.7,61.7,20.0,20.0,20.0,49.7,49.7,49.7,45.0,45.0,45.0,17.0,17.0,17.0,1020.1,1020.1,1020.1,77,77,77,0,0,0,20,20,20,1790434238
26.09 14:51,22.0,22.0,22.0,43.3,43.3,43.3,63.0,63.0,63.0,20.0,20.0,20.0,49.2,49.2,49.2,45.0,45.0,45.0,17.0,17.0,17.0,1020.1,1020.1,1020.1,77,77,77,0,0,0,20,20,20,1790434298
26.09 14:52,22.0,22.0,22.0,43.3,43.3,43.3,64.5,64.5,64.5,20.0,20.0,20.0,49.0,49.0,49.0,45.0,45.0,45.0,17.0,17.0,17.0,1020.1,1020.1,1020.1,77,77,77,0,0,0,20,20,20,1790434358
26.09 14:53,22.0,22.0,22.0,43.5,43.5,43.5,66.7,66.7,66.7,66.0,66.0,66.0,49.0,49.0,49.0,45.0,45.0,45.0,17.0,17.0,17.0,1020.1,1020.1,1020.1,76,76,76,0,0,0,20,20,20,1790434418
26.09 14:54,22.0,22.0,22.0,43.7,43.7,43.7,68.5,68.5,68.5,68.0,68.0,68.0,49.7,49.7,49.7,45.0,45.0,45.0,17.0,17.0,17.0,1020.1,1020.1,1020.1,76,76,76,0,0,0,20,20,20,1790434478
26.09 14:55,22.0,22.0,22.0,43.7,43.7,43.7,67.0,67.0,67.0,67.0,67.0,67.0,57.0,57.0,57.0,45.0,45.0,45.0,17.0,17.0,17.0,1020.1,1020.1,1020.1,77,77,77,0,0,0,20,20,20,1790434538
26.09 14:56,22.0,22.0,22.0,44.0,44.0,44.0,63.7,63.7,63.7,63.0,63.0,63.0,60.8,60.8,60.8,45.0,45.0,45.0,17.0,17.0,17.0,1020.1,1020.1,1020.1,77,77,77,0,0,0,20,20,20,1790434598
26.09 14:57,22.5,22.5,22.5,44.2,44.2,44.2,63.0,63.0,63.0,63.0,63.0,63.0,59.7,59.7,59.7,44.7,44.7,44.7,17.0,17.0,17.0,1020.1,1020.1,1020.1,77,77,77,0,0,0,20,20,20,1790434658
26.09 14:58,22.5,22.5,22.5,44.2,44.2,44.2,63.0,63.0,63.0,63.0,63.0,63.0,58.5,58.5,58.5,44.7,44.7,44.7,17.0,17.0,17.0,1020.1,1020.1,1020.1,77,77,77,0,0,0,20,20,20,1790434718
26.09 15:00,22.5,22.5,22.5,44.5,44.5,44.5,62.7,62.7,62.7,62.0,62.0,62.0,58.5,58.5,58.5,44.7,44.7,44.7,17.0,17.0,17.0,1020.1,1020.1,1020.1,77,77,77,0,0,0,20,20,20,1790434838
26.09 15:03,22.5,22.5,22.5,45.0,45.0,45.0,63.0,63.0,63.0,63.0,63.0,63.0,58.5,58.5,58.5,44.7,44.7,44.7,17.0,17.0,17.0,1020.1,1020.1,1020.1,77,77,77,0,0,0,20,20,20,1790435018
26.09 15:12,22.5,22.5,22.5,46.0,46.0,46.0,63.5,63.5,63.5,63.0,63.0,63.0,59.0,59.0,59.0,44.5,44.5,44.5,17.0,17.0,17.0,1020.1,1020.1,1020.1,77,77,77,0,0,0,20,20,20,1790435558
26.09 15:16,22.5,22.5,22.5,46.5,46.5,46.5,63.3,63.3,63.3,63.0,63.0,63.0,59.2,59.2,59.2,44.2,44.2,44.2,17.0,17.0,17.0,1020.1,1020.1,1020.1,77,77,77,0,0,0,90,90,90,1790435798
26.09 15:19,22.5,22.5,22.5,46.7,46.7,46.7,64.0,64.0,64.0,64.0,64.0,64.0,59.2,59.2,59.2,44.0,44.0,44.0,17.5,17.5,17.5,1020.1,1020.1,1020.1,77,77,77,0,0,0,90,90,90,1790435978
26.09 15:21,22.5,22.5,22.5,47.0,47.0,47.0,65.0,65.0,65.0,64.0,64.0,64.0,60.0,60.0,60.0,43.7,43.7,43.7,17.5,17.5,17.5,1020.1,1020.1,1020.1,78,78,78,0,0,0,90,90,90,1790436098
26.09 15:22,22.5,22.5,22.5,47.0,47.0,47.0,65.5,65.5,65.5,65.0,65.0,65.0,60.5,60.5,60.5,33.5,33.5,33.5,17.5,17.5,17.5,1020.1,1020.1,1020.1,77,77,77,0,0,0,90,90,90,1790436158
26.09 15:23,22.5,22.5,22.5,47.2,47.2,47.2,66.0,66.0,66.0,65.0,65.0,65.0,61.0,61.0,61.0,43.5,43.5,43.5,17.5,17.5,17.5,1020.1,1020.1,1020.1,77,77,77,0,0,0,90,90,90,1790436218
26.09 15:24,22.5,22.5,22.5,47.2,47.2,47.2,66.2,66.2,66.2,66.0,66.0,66.0,61.2,61.2,61.2,43.5,43.5,43.5,17.5,17.5,17.5,1020.1,1020.1,1020.1,77,77,77,0,0,0,90,90,90,1790436278
26.09 15:26,22.5,22.5,22.5,47.5,47.5,47.5,66.7,66.7,66.7,66.0,66.0,66.0,62.2,62.2,62.2,43.3,43.3,43.3,17.5,17.5,17.5,1020.1,1020.1,1020.1,77,77,77,0,0,0,90,90,90,1790436398
26.09 15:27,22.5,22.5,22.5,47.7,47.7,47.7,67.0,67.0,67.0,67.0,67.0,67.0,62.2,62.2,62.2,43.3,43.3,43.3,17.5,17.5,17.5,1020.1,1020.1,1020.1,77,77,77,0,0,0,90,90,90,1790436458
26.09 15:29,22.5,22.5,22.5,48.0,48.0,48.0,67.0,67.0,67.0,67.0,67.0,67.0,62.5,62.5,62.5,43.0,43.0,43.0,17.5,17.5,17.5,1020.1,1020.1,1020.1, 0, 0, 0,0,0,0,90,90,90,1790436578
26.09 15:30,22.5,22.5,22.5,48.0,48.0,48.0,67.0,67.0,67.0,67.0,67.0,67.0,62.7,62.7,62.7,42.7,42.7,42.7,17.5,17.5,17.5,1020.1,1020.1,1020.1,78,78,78,0,0,0,90,90,90,1790436638
26.09 15:36,22.0,22.0,22.0,48.7,48.7,48.7,66.7,66.7,66.7,66.0,66.0,66.0,62.7,62.7,62.7,42.0,42.0,42.0,17.5,17.5,17.5,1020.1,1020.1,1020.1,78,78,78,0,0,0,90,90,90,1790436998
26.09 15:42,22.0,22.0,22.0,49.2,49.2,49.2,65.8,65.8,65.8,65.0,65.0,65.0,62.0,62.0,62.0,41.2,41.2,41.2,17.5,17.5,17.5,1020.2,1020.2,1020.2,78,78,78,0,0,0,90,90,90,1790437359
26.09 15:47,21.5,21.5,21.5,49.7,49.7,49.7,65.2,65.2,65.2,65.0,65.0,65.0,61.5,61.5,61.5,40.8,40.8,40.8,17.5,17.5,17.5,1020.1,1020.1,1020.1,78,78,78,0,0,0,90,90,90,1790437659
26.09 15:51,21.5,21.5,21.5,50.0,50.0,50.0,64.7,64.7,64.7,64.0,64.0,64.0,61.0,61.0,61.0,40.2,40.2,40.2,17.5,17.5,17.5,1020.1,1020.1,1020.1,77,77,77,0,0,0,90,90,90,1790437899
26.09 16:00,22.0,22.0,22.0,50.2,50.2,50.2,63.7,63.7,63.7,63.0,63.0,63.0,60.0,60.0,60.0,39.7,39.7,39.7,17.5,17.5,17.5,1020.1,1020.1,1020.1,79,79,79,0,0,0,90,90,90,1790438439
26.09 16:08,22.0,22.0,22.0,50.5,50.5,50.5,62.7,62.7,62.7,62.0,62.0,62.0,59.2,59.2,59.2,39.2,39.2,39.2,17.5,17.5,17.5,1020.1,1020.1,1020.1,78,78,78,0,0,0,90,90,90,1790438919
26.09 16:14,22.0,22.0,22.0,50.5,50.5,50.5,62.0,62.0,62.0,62.0,62.0,62.0,58.5,58.5,58.5,39.0,39.0,39.0,17.5,17.5,17.5,1020.0,1020.0,1020.0,77,77,77,0,0,0,90,90,90,1790439279
26.09 16:15,22.0,22.0,22.0,50.5,50.5,50.5,61.7,61.7,61.7,61.0,61.0,61.0,58.5,58.5,58.5,39.0,39.0,39.0,17.5,17.5,17.5,1020.0,1020.0,1020.0,77,77,77,0,0,0,90,90,90,1790439339
26.09 16:21,22.0,22.0,22.0,50.5,50.5,50.5,61.0,61.0,61.0,61.0,61.0,61.0,57.5,57.5,57.5,38.7,38.7,38.7,17.5,17.5,17.5,1020.0,1020.0,1020.0,77,77,77,0,0,0,90,90,90,1790439699
26.09 16:23,22.0,22.0,22.0,50.8,50.8,50.8,60.8,60.8,60.8,60.0,60.0,60.0,57.5,57.5,57.5,38.7,38.7,38.7,17.5,17.5,17.5,1020.0,1020.0,1020.0,77,77,77,0,0,0,90,90,90,1790439819
26.09 16:31,22.0,22.0,22.0,50.8,50.8,50.8,59.7,59.7,59.7,59.0,59.0,59.0,56.5,56.5,56.5,38.0,38.0,38.0,17.5,17.5,17.5,1020.0,1020.0,1020.0,77,77,77,0,0,0,90,90,90,1790440299
26.09 16:37,22.0,22.0,22.0,50.8,50.8,50.8,59.0,59.0,59.0,59.0,59.0,59.0,55.8,55.8,55.8,37.7,37.7,37.7,17.5,17.5,17.5,1020.1,1020.1,1020.1,77,77,77,0,0,0,90,90,90,1790440659
26.09 16:39,22.0,22.0,22.0,50.8,50.8,50.8,58.7,58.7,58.7,58.0,58.0,58.0,55.5,55.5,55.5,37.5,37.5,37.5,17.5,17.5,17.5,1020.1,1020.1,1020.1,77,77,77,0,0,0,90,90,90,1790440779
26.09 16:46,21.5,21.5,21.5,50.8,50.8,50.8,57.7,57.7,57.7,57.0,57.0,57.0,54.7,54.7,54.7,37.0,37.0,37.0,17.5,17.5,17.5,1020.1,1020.1,1020.1,77,77,77,0,0,0,90,90,90,1790441199
26.09 16:50,21.5,21.5,21.5,50.5,50.5,50.5,57.0,57.0,57.0,57.0,57.0,57.0,54.2,54.2,54.2,36.7,36.7,36.7,17.5,17.5,17.5,1020.1,1020.1,1020.1,78,78,78,0,0,0,90,90,90,1790441439
26.09 16:52,21.5,21.5,21.5,50.5,50.5,50.5,56.2,56.2,56.2,57.0,57.0,57.0,53.0,53.0,53.0,36.5,36.5,36.5,17.5,17.5,17.5,1020.1,1020.1,1020.1,79,79,79,0,0,0,90,90,90,1790441559
26.09 16:53,21.5,21.5,21.5,50.5,50.5,50.5,56.0,56.0,56.0,57.0,57.0,57.0,50.8,50.8,50.8,36.5,36.5,36.5,17.5,17.5,17.5,1020.1,1020.1,1020.1,79,79,79,0,0,0,90,90,90,1790441619
26.09 16:54,21.5,21.5,21.5,50.5,50.5,50.5,56.0,56.0,56.0,57.0,57.0,57.0,48.5,48.5,48.5,36.5,36.5,36.5,17.5,17.5,17.5,1020.1,1020.1,1020.1,78,78,78,0,0,0,90,90,90,1790441679
26.09 16:55,21.5,21.5,21.5,50.5,50.5,50.5,56.0,56.0,56.0,57.0,57.0,57.0,47.2,47.2,47.2,36.2,36.2,36.2,17.5,17.5,17.5,1020.1,1020.1,1020.1,79,79,79,0,0,0,90,90,90,1790441739
26.09 16:56,21.5,21.5,21.5,50.5,50.5,50.5,56.2,56.2,56.2,57.0,57.0,57.0,46.2,46.2,46.2,36.2,36.2,36.2,17.5,17.5,17.5,1020.1,1020.1,1020.1,78,78,78,0,0,0,90,90,90,1790441799
26.09 17:00,21.5,21.5,21.5,50.5,50.5,50.5,56.5,56.5,56.5,57.0,57.0,57.0,46.0,46.0,46.0,36.0,36.0,36.0,17.5,17.5,17.5,1020.1,1020.1,1020.1, 0, 0, 0,0,0,0,90,90,90,1790442039
26.09 17:01,21.0,21.0,21.0,50.2,50.2,50.2,56.5,56.5,56.5,57.0,57.0,57.0,46.2,46.2,46.2,36.0,36.0,36.0,17.5,17.5,17.5,1020.1,1020.1,1020.1,79,79,79,0,0,0,90,90,90,1790442099
26.09 17:05,21.0,21.0,21.0,50.2,50.2,50.2,56.7,56.7,56.7,57.0,57.0,57.0,47.2,47.2,47.2,35.7,35.7,35.7,17.5,17.5,17.5,1020.1,1020.1,1020.1,79,79,79,0,0,0,90,90,90,1790442339
26.09 17:12,21.5,21.5,21.5,50.0,50.0,50.0,58.7,58.7,58.7,58.7,58.7,58.7,47.2,47.2,47.2,35.2,35.2,35.2,17.5,17.5,17.5,1020.1,1020.1,1020.1,80,80,80,0,0,0,90,90,90,1790442759
26.09 17:13,21.5,21.5,21.5,50.0,50.0,50.0,60.8,60.8,60.8,60.8,60.8,60.8,46.5,46.5,46.5,35.2,35.2,35.2,17.5,17.5,17.5,1020.2,1020.2,1020.2,80,80,80,0,0,0,90,90,90,1790442819
26.09 17:14,21.5,21.5,21.5,50.0,50.0,50.0,63.5,63.5,63.5,63.5,63.5,63.5,45.8,45.8,45.8,35.0,35.0,35.0,17.5,17.5,17.5,1020.2,1020.2,1020.2,80,80,80,0,0,0,90,90,90,1790442879
26.09 17:15,21.5,21.5,21.5,50.0,50.0,50.0,68.0,68.0,68.0,67.0,67.0,67.0,45.2,45.2,45.2,35.0,35.0,35.0,17.5,17.5,17.5,1020.2,1020.2,1020.2,80,80,80,0,0,0,90,90,90,1790442939
26.09 17:16,21.5,21.5,21.5,50.2,50.2,50.2,72.0,72.0,72.0,71.0,71.0,71.0,45.5,45.5,45.5,35.0,35.0,35.0,17.5,17.5,17.5,1020.2,1020.2,1020.2,80,80,80,0,0,0,90,90,90,1790442999
26.09 17:17,21.5,21.5,21.5,50.2,50.2,50.2,70.8,70.8,70.8,70.0,70.0,70.0,55.0,55.0,55.0,34.7,34.7,34.7,17.5,17.5,17.5,1020.1,1020.1,1020.1,80,80,80,0,0,0,90,90,90,1790443059
26.09 17:18,21.5,21.5,21.5,50.2,50.2,50.2,67.0,67.0,67.0,67.0,67.0,67.0,62.7,62.7,62.7,34.7,34.7,34.7,17.5,17.5,17.5,1020.2,1020.2,1020.2,80,80,80,0,0,0,90,90,90,1790443119
26.09 17:20,21.0,21.0,21.0,50.5,50.5,50.5,68.7,68.7,68.7,68.0,68.0,68.0,62.2,62.2,62.2,34.7,34.7,34.7,17.5,17.5,17.5,1020.2,1020.2,1020.2,80,80,80,0,0,0,90,90,90,1790443239
26.09 17:21,21.0,21.0,21.0,50.5,50.5,50.5,70.0,70.0,70.0,69.0,69.0,69.0,63.0,63.0,63.0,34.5,34.5,34.5,17.5,17.5,17.5,1020.2,1020.2,1020.2,80,80,80,0,0,0,90,90,90,1790443299
26.09 17:22,21.0,21.0,21.0,50.8,50.8,50.8,70.5,70.5,70.5,70.0,70.0,70.0,64.5,64.5,64.5,34.5,34.5,34.5,17.5,17.5,17.5,1020.2,1020.2,1020.2,80,80,80,0,0,0,90,90,90,1790443359
26.09 17:23,21.0,21.0,21.0,51.0,51.0,51.0,71.2,71.2,71.2,71.0,71.0,71.0,65.8,65.8,65.8,34.2,34.2,34.2,17.5,17.5,17.5,1020.2,1020.2,1020.2,80,80,80,0,0,0,90,90,90,1790443419
26.09 17:24,21.0,21.0,21.0,51.0,51.0,51.0,72.2,72.2,72.2,72.0,72.0,72.0,66.2,66.2,66.2,34.2,34.2,34.2,18.0,18.0,18.0,1020.2,1020.2,1020.2,81,81,81,0,0,0,90,90,90,1790443479
26.09 17:25,21.0,21.0,21.0,51.2,51.2,51.2,73.3,73.3,73.3,73.0,73.0,73.0,67.2,67.2,67.2,34.0,34.0,34.0,17.5,17.5,17.5,1020.2,1020.2,1020.2,81,81,81,0,0,0,90,90,90,1790443539
26.09 17:26,21.5,21.5,21.5,51.2,51.2,51.2,74.2,74.2,74.2,74.0,74.0,74.0,68.3,68.3,68.3,34.0,34.0,34.0,17.5,17.5,17.5,1020.2,1020.2,1020.2,81,81,81,0,0,0,90,90,90,1790443599
26.09 17:28,21.5,21.5,21.5,51.5,51.5,51.5,75.2,75.2,75.2,75.0,75.0,75.0,69.7,69.7,69.7,33.7,33.7,33.7,18.0,18.0,18.0,1020.2,1020.2,1020.2,80,80,80,0,0,0,90,90,90,1790443719
26.09 17:30,21.5,21.5,21.5,51.7,51.7,51.7,76.7,76.7,76.7,76.0,76.0,76.0,71.2,71.2,71.2,33.7,33.7,33.7,18.0,18.0,18.0,1020.2,1020.2,1020.2,81,81,81,0,0,0,90,90,90,1790443839
26.09 17:31,21.5,21.5,21.5,51.7,51.7,51.7,77.2,77.2,77.2,77.0,77.0,77.0,71.7,71.7,71.7,33.5,33.5,33.5,18.0,18.0,18.0,1020.3,1020.3,1020.3,81,81,81,0,0,0,90,90,90,1790443899
26.09 17:33,21.5,21.5,21.5,52.0,52.0,52.0,78.7,78.7,78.7,78.0,78.0,78.0,73.0,73.0,73.0,33.5,33.5,33.5,18.0,18.0,18.0,1020.3,1020.3,1020.3,81,81,81,0,0,0,90,90,90,1790444019
26.09 17:34,21.5,21.5,21.5,52.2,52.2,52.2,79.7,79.7,79.7,79.0,79.0,79.0,73.7,73.7,73.7,33.2,33.2,33.2,18.0,18.0,18.0,1020.3,1020.3,1020.3,81,81,81,0,0,0,90,90,90,1790444079
26.09 17:35,21.0,21.0,21.0,52.5,52.5,52.5,80.5,80.5,80.5,80.0,80.0,80.0,74.5,74.5,74.5,33.2,33.2,33.2,18.0,18.0,18.0,1020.3,1020.3,1020.3,82,82,82,0,0,0,0,0,0,1790444139
26.09 17:36,21.0,21.0,21.0,52.7,52.7,52.7,81.5,81.5,81.5,81.0,81.0,81.0,75.2,75.2,75.2,33.2,33.2,33.2,18.0,18.0,18.0,1020.3,1020.3,1020.3,83,83,83,0,0,0,0,0,0,1790444199
26.09 17:38,21.0,21.0,21.0,53.3,53.3,53.3,81.0,81.0,81.0,81.0,81.0,81.0,76.5,76.5,76.5,33.0,33.0,33.0,18.0,18.0,18.0,1020.3,1020.3,1020.3,83,83,83,0,0,0,0,0,0,1790444319
26.09 17:39,21.0,21.0,21.0,53.5,53.5,53.5,80.2,80.2,80.2,80.0,80.0,80.0,76.0,76.0,76.0,32.7,32.7,32.7,18.0,18.0,18.0,1020.3,1020.3,1020.3, 0, 0, 0,0,0,0,0,0,0,1790444379
26.09 17:40,20.5,20.5,20.5,53.7,53.7,53.7,79.7,79.7,79.7,79.0,79.0,79.0,75.2,75.2,75.2,32.7,32.7,32.7,18.0,18.0,18.0,1020.3,1020.3,1020.3,83,83,83,0,0,0,90,90,90,1790444439
26.09 17:43,20.5,20.5,20.5,54.2,54.2,54.2,79.2,79.2,79.2,79.0,79.0,79.0,74.2,74.2,74.2,32.5,32.5,32.5,18.0,18.0,18.0,1020.4,1020.4,1020.4,84,84,84,0,0,0,90,90,90,1790444619
26.09 17:46,20.5,20.5,20.5,55.0,55.0,55.0,80.2,80.2,80.2,80.0,80.0,80.0,74.5,74.5,74.5,32.2,32.2,32.2,18.0,18.0,18.0,1020.4,1020.4,1020.4,84,84,84,0,0,0,90,90,90,1790444800
26.09 17:47,20.5,20.5,20.5,55.0,55.0,55.0,81.0,81.0,81.0,81.0,81.0,81.0,75.0,75.0,75.0,32.0,32.0,32.0,18.0,18.0,18.0,1020.4,1020.4,1020.4,84,84,84,0,0,0,90,90,90,1790444860
26.09 17:51,20.5,20.5,20.5,56.0,56.0,56.0,81.7,81.7,81.7,81.0,81.0,81.0,76.0,76.0,76.0,31.5,31.5,31.5,18.0,18.0,18.0,1020.4,1020.4,1020.4,84,84,84,0,0,0,90,90,90,1790445100
26.09 17:52,20.5,20.5,20.5,56.0,56.0,56.0,82.0,82.0,82.0,82.0,82.0,82.0,76.2,76.2,76.2,31.5,31.5,31.5,18.0,18.0,18.0,1020.4,1020.4,1020.4,84,84,84,0,0,0,90,90,90,1790445160
26.09 17:54,20.5,20.5,20.5,56.5,56.5,56.5,83.0,83.0,83.0,83.0,83.0,83.0,76.7,76.7,76.7,31.5,31.5,31.5,18.0,18.0,18.0,1020.4,1020.4,1020.4,84,84,84,0,0,0,90,90,90,1790445280
26.09 17:55,20.5,20.5,20.5,56.7,56.7,56.7,83.0,83.0,83.0,82.0,82.0,82.0,77.2,77.2,77.2,31.2,31.2,31.2,18.0,18.0,18.0,1020.4,1020.4,1020.4,84,84,84,0,0,0,90,90,90,1790445340
26.09 17:56,20.5,20.5,20.5,57.0,57.0,57.0,83.3,83.3,83.3,83.0,83.0,83.0,77.5,77.5,77.5,31.2,31.2,31.2,18.0,18.0,18.0,1020.4,1020.4,1020.4,85,85,85,0,0,0,90,90,90,1790445400
26.09 18:00,20.5,20.5,20.5,57.7,57.7,57.7,82.7,82.7,82.7,82.0,82.0,82.0,77.7,77.7,77.7,30.8,30.8,30.8,18.5,18.5,18.5,1020.4,1020.4,1020.4,85,85,85,0,0,0,90,90,90,1790445640
26.09 18:02,20.5,20.5,20.5,58.0,58.0,58.0,82.5,82.5,82.5,82.0,82.0,82.0,77.2,77.2,77.2,30.5,30.5,30.5,18.0,18.0,18.0,1020.4,1020.4,1020.4, 0, 0, 0,0,0,0,90,90,90,1790445760
26.09 18:03,20.0,20.0,20.0,58.3,58.3,58.3,82.5,82.5,82.5,82.0,82.0,82.0,77.0,77.0,77.0,30.3,30.3,30.3,18.5,18.5,18.5,1020.4,1020.4,1020.4,85,85,85,0,0,0,90,90,90,1790445820
26.09 18:05,20.0,20.0,20.0,58.7,58.7,58.7,81.7,81.7,81.7,81.0,81.0,81.0,76.7,76.7,76.7,30.0,30.0,30.0,18.5,18.5,18.5,1020.4,1020.4,1020.4,85,85,85,0,0,0,90,90,90,1790445940
26.09 18:08,20.0,20.0,20.0,59.0,59.0,59.0,81.0,81.0,81.0,81.0,81.0,81.0,76.2,76.2,76.2,29.8,29.8,29.8,18.5,18.5,18.5,1020.5,1020.5,1020.5,86,86,86,0,0,0,90,90,90,1790446120
26.09 18:09,20.0,20.0,20.0,59.2,59.2,59.2,80.2,80.2,80.2,80.0,80.0,80.0,76.0,76.0,76.0,29.8,29.8,29.8,18.5,18.5,18.5,1020.5,1020.5,1020.5,86,86,86,0,0,0,90,90,90,1790446180
26.09 18:10,20.0,20.0,20.0,59.2,59.2,59.2,79.7,79.7,79.7,79.0,79.0,79.0,75.2,75.2,75.2,29.5,29.5,29.5,18.5,18.5,18.5,1020.5,1020.5,1020.5,86,86,86,0,0,0,90,90,90,1790446240
26.09 18:15,19.5,19.5,19.5,59.7,59.7,59.7,80.2,80.2,80.2,80.0,80.0,80.0,74.5,74.5,74.5,29.3,29.3,29.3,18.5,18.5,18.5,1020.5,1020.5,1020.5,87,87,87,0,0,0,90,90,90,1790446540
26.09 18:18,19.5,19.5,19.5,60.0,60.0,60.0,80.8,80.8,80.8,80.0,80.0,80.0,75.2,75.2,75.2,29.0,29.0,29.0,18.5,18.5,18.5,1020.6,1020.6,1020.6,88,88,88,0,0,0,90,90,90,1790446720
26.09 18:19,19.5,19.5,19.5,60.0,60.0,60.0,81.0,81.0,81.0,81.0,81.0,81.0,75.5,75.5,75.5,29.0,29.0,29.0,18.5,18.5,18.5,1020.6,1020.6,1020.6,88,88,88,0,0,0,90,90,90,1790446780
26.09 18:22,19.0,19.0,19.0,60.2,60.2,60.2,80.5,80.5,80.5,80.0,80.0,80.0,75.8,75.8,75.8,28.7,28.7,28.7,18.5,18.5,18.5,1020.7,1020.7,1020.7,89,89,89,0,0,0,90,90,90,1790446960
26.09 18:25,19.0,19.0,19.0,60.2,60.2,60.2,79.7,79.7,79.7,79.0,79.0,79.0,75.2,75.2,75.2,28.5,28.5,28.5,18.5,18.5,18.5,1020.8,1020.8,1020.8,89,89,89,0,0,0,90,90,90,1790447140
26.09 18:27,19.0,19.0,19.0,60.2,60.2,60.2,79.5,79.5,79.5,79.0,79.0,79.0,74.7,74.7,74.7,28.5,28.5,28.5,18.5,18.5,18.5,1020.8,1020.8,1020.8,89,89,89,0,0,0,90,90,90,1790447260
26.09 18:30,19.0,19.0,19.0,60.2,60.2,60.2,78.5,78.5,78.5,78.0,78.0,78.0,74.2,74.2,74.2,28.3,28.3,28.3,18.5,18.5,18.5,1020.9,1020.9,1020.9,89,89,89,0,0,0,90,90,90,1790447440
26.09 18:35,19.0,19.0,19.0,60.2,60.2,60.2,78.0,78.0,78.0,78.0,78.0,78.0,73.3,73.3,73.3,27.8,27.8,27.8,19.0,19.0,19.0,1020.9,1020.9,1020.9,89,89,89,0,0,0,90,90,90,1790447740
26.09 18:37,19.0,19.0,19.0,60.5,60.5,60.5,77.7,77.7,77.7,77.0,77.0,77.0,73.0,73.0,73.0,27.8,27.8,27.8,19.0,19.0,19.0,1020.9,1020.9,1020.9,89,89,89,0,0,0,90,90,90,1790447860
26.09 18:43,18.5,18.5,18.5,60.5,60.5,60.5,77.0,77.0,77.0,77.0,77.0,77.0,72.0,72.0,72.0,27.2,27.2,27.2,19.0,19.0,19.0,1020.9,1020.9,1020.9,90,90,90,0,0,0,90,90,90,1790448220
26.09 18:45,18.0,18.0,18.0,60.5,60.5,60.5,77.0,77.0,77.0,76.0,76.0,76.0,72.0,72.0,72.0,27.2,27.2,27.2,19.0,19.0,19.0,1020.9,1020.9,1020.9,90,90,90,0,0,0,90,90,90,1790448340
26.09 18:46,18.0,18.0,18.0,60.5,60.5,60.5,77.0,77.0,77.0,77.0,77.0,77.0,72.0,72.0,72.0,27.2,27.2,27.2,19.0,19.0,19.0,1020.9,1020.9,1020.9,90,90,90,0,0,0,90,90,90,1790448400
26.09 18:48,18.0,18.0,18.0,60.5,60.5,60.5,76.7,76.7,76.7,76.0,76.0,76.0,72.0,72.0,72.0,27.0,27.0,27.0,19.0,19.0,19.0,1020.9,1020.9,1020.9,90,90,90,0,0,0,90,90,90,1790448520
26.09 18:50,17.5,17.5,17.5,60.5,60.5,60.5,77.0,77.0,77.0,77.0,77.0,77.0,71.7,71.7,71.7,27.0,27.0,27.0,19.0,19.0,19.0,1020.9,1020.9,1020.9,90,90,90,0,0,0,90,90,90,1790448640
26.09 18:51,17.5,17.5,17.5,60.5,60.5,60.5,77.0,77.0,77.0,76.0,76.0,76.0,71.7,71.7,71.7,27.0,27.0,27.0,19.0,19.0,19.0,1020.9,1020.9,1020.9,90,90,90,0,0,0,90,90,90,1790448700
26.09 18:52,18.0,18.0,18.0,60.5,60.5,60.5,77.0,77.0,77.0,77.0,77.0,77.0,71.7,71.7,71.7,27.0,27.0,27.0,19.0,19.0,19.0,1020.9,1020.9,1020.9,90,90,90,0,0,0,90,90,90,1790448760
26.09 18:55,17.5,17.5,17.5,60.5,60.5,60.5,76.7,76.7,76.7,76.0,76.0,76.0,71.7,71.7,71.7,26.8,26.8,26.8,19.0,19.0,19.0,1020.9,1020.9,1020.9,91,91,91,0,0,0,90,90,90,1790448940
26.09 19:00,17.5,17.5,17.5,60.5,60.5,60.5,76.5,76.5,76.5,76.0,76.0,76.0,71.5,71.5,71.5,26.5,26.5,26.5,19.0,19.0,19.0,1020.9,1020.9,1020.9,92,92,92,0,0,0,90,90,90,1790449240
26.09 19:10,17.5,17.5,17.5,60.8,60.8,60.8,76.5,76.5,76.5,76.0,76.0,76.0,72.2,72.2,72.2,26.0,26.0,26.0,19.0,19.0,19.0,1020.9,1020.9,1020.9,91,91,91,0,0,0,90,90,90,1790449840
26.09 19:13,17.0,17.0,17.0,61.0,61.0,61.0,77.0,77.0,77.0,77.0,77.0,77.0,72.5,72.5,72.5,26.0,26.0,26.0,19.0,19.0,19.0,1021.0,1021.0,1021.0,91,91,91,0,0,0,90,90,90,1790450020
26.09 19:17,17.0,17.0,17.0,61.0,61.0,61.0,77.7,77.7,77.7,77.0,77.0,77.0,73.5,73.5,73.5,25.8,25.8,25.8,19.0,19.0,19.0,1021.0,1021.0,1021.0,92,92,92,0,0,0,90,90,90,1790450260
26.09 19:20,17.0,17.0,17.0,61.2,61.2,61.2,78.0,78.0,78.0,78.0,78.0,78.0,74.0,74.0,74.0,25.5,25.5,25.5,19.0,19.0,19.0,1021.0,1021.0,1021.0,92,92,92,0,0,0,90,90,90,1790450440
26.09 19:29,17.0,17.0,17.0,61.5,61.5,61.5,78.5,78.5,78.5,78.0,78.0,78.0,74.0,74.0,74.0,25.3,25.3,25.3,19.0,19.0,19.0,1021.1,1021.1,1021.1,92,92,92,0,0,0,90,90,90,1790450980
26.09 19:31,17.0,17.0,17.0,61.5,61.5,61.5,79.2,79.2,79.2,79.0,79.0,79.0,74.5,74.5,74.5,25.0,25.0,25.0,19.0,19.0,19.0,1021.1,1021.1,1021.1,92,92,92,0,0,0,90,90,90,1790451100
26.09 19:36,16.5,16.5,16.5,61.7,61.7,61.7,79.0,79.0,79.0,79.0,79.0,79.0,75.0,75.0,75.0,25.0,25.0,25.0,19.0,19.0,19.0,1021.1,1021.1,1021.1,93,93,93,0,0,0,90,90,90,1790451400
26.09 19:40,16.5,16.5,16.5,61.7,61.7,61.7,78.7,78.7,78.7,78.0,78.0,78.0,74.7,74.7,74.7,24.7,24.7,24.7,19.0,19.0,19.0,1021.2,1021.2,1021.2,93,93,93,0,0,0,90,90,90,1790451640
26.09 19:43,16.0,16.0,16.0,62.0,62.0,62.0,78.3,78.3,78.3,78.0,78.0,78.0,74.2,74.2,74.2,24.7,24.7,24.7,19.0,19.0,19.0,1021.2,1021.2,1021.2, 0, 0, 0,0,0,0,90,90,90,1790451820
26.09 19:44,16.0,16.0,16.0,62.0,62.0,62.0,78.0,78.0,78.0,78.0,78.0,78.0,74.2,74.2,74.2,24.7,24.7,24.7,19.0,19.0,19.0,1021.2,1021.2,1021.2,93,93,93,0,0,0,90,90,90,1790451880
26.09 19:47,16.0,16.0,16.0,62.0,62.0,62.0,77.7,77.7,77.7,77.0,77.0,77.0,74.0,74.0,74.0,24.5,24.5,24.5,19.0,19.0,19.0,1021.2,1021.2,1021.2,93,93,93,0,0,0,90,90,90,1790452060
26.09 19:48,16.0,16.0,16.0,62.0,62.0,62.0,78.0,78.0,78.0,78.0,78.0,78.0,73.7,73.7,73.7,24.5,24.5,24.5,19.0,19.0,19.0,1021.2,1021.2,1021.2,93,93,93,0,0,0,90,90,90,1790452120
26.09 19:49,16.0,16.0,16.0,62.0,62.0,62.0,77.7,77.7,77.7,77.0,77.0,77.0,73.7,73.7,73.7,24.5,24.5,24.5,19.0,19.0,19.0,1021.1,1021.1,1021.1,93,93,93,0,0,0,90,90,90,1790452180
26.09 19:52,16.0,16.0,16.0,62.0,62.0,62.0,77.5,77.5,77.5,77.0,77.0,77.0,73.5,73.5,73.5,24.5,24.5,24.5,19.0,19.0,19.0,1021.2,1021.2,1021.2,93,93,93,0,0,0,90,90,90,1790452360
26.09 19:56,16.0,16.0,16.0,62.0,62.0,62.0,76.5,76.5,76.5,76.0,76.0,76.0,72.7,72.7,72.7,24.3,24.3,24.3,19.0,19.0,19.0,1021.2,1021.2,1021.2,93,93,93,0,0,0,90,90,90,1790452600
26.09 20:00,16.0,16.0,16.0,62.0,62.0,62.0,75.8,75.8,75.8,75.0,75.0,75.0,72.0,72.0,72.0,24.3,24.3,24.3,19.0,19.0,19.0,1021.2,1021.2,1021.2,93,93,93,0,0,0,90,90,90,1790452840
26.09 20:05,16.0,16.0,16.0,62.0,62.0,62.0,75.0,75.0,75.0,75.0,75.0,75.0,71.2,71.2,71.2,24.0,24.0,24.0,19.0,19.0,19.0,1021.2,1021.2,1021.2,93,93,93,0,0,0,90,90,90,1790453140
26.09 20:06,16.0,16.0,16.0,62.0,62.0,62.0,74.7,74.7,74.7,74.0,74.0,74.0,71.0,71.0,71.0,24.0,24.0,24.0,19.0,19.0,19.0,1021.2,1021.2,1021.2,93,93,93,0,0,0,90,90,90,1790453200
26.09 20:07,16.0,16.0,16.0,62.0,62.0,62.0,74.5,74.5,74.5,74.0,74.0,74.0,70.8,70.8,70.8,24.0,24.0,24.0,19.0,19.0,19.0,1021.1,1021.1,1021.1,93,93,93,0,0,0,90,90,90,1790453260
26.09 20:09,16.0,16.0,16.0,62.0,62.0,62.0,74.2,74.2,74.2,74.0,74.0,74.0,70.5,70.5,70.5,24.0,24.0,24.0,19.0,19.0,19.0,1021.1,1021.1,1021.1,93,93,93,0,0,0,90,90,90,1790453380
26.09 20:11,15.5,15.5,15.5,61.7,61.7,61.7,74.0,74.0,74.0,74.0,74.0,74.0,70.2,70.2,70.2,24.0,24.0,24.0,19.0,19.0,19.0,1021.1,1021.1,1021.1,93,93,93,0,0,0,90,90,90,1790453500
26.09 20:12,15.5,15.5,15.5,61.7,61.7,61.7,73.7,73.7,73.7,73.0,73.0,73.0,70.2,70.2,70.2,24.0,24.0,24.0,19.0,19.0,19.0,1021.1,1021.1,1021.1,93,93,93,0,0,0,90,90,90,1790453560
26.09 20:18,15.5,15.5,15.5,61.7,61.7,61.7,72.7,72.7,72.7,72.0,72.0,72.0,69.2,69.2,69.2,24.0,24.0,24.0,19.0,19.0,19.0,1021.2,1021.2,1021.2,93,93,93,0,0,0,90,90,90,1790453920
26.09 20:23,15.5,15.5,15.5,61.5,61.5,61.5,72.0,72.0,72.0,72.0,72.0,72.0,68.5,68.5,68.5,23.7,23.7,23.7,19.0,19.0,19.0,1021.2,1021.2,1021.2,93,93,93,0,0,0,90,90,90,1790454220
26.09 20:25,15.5,15.5,15.5,61.5,61.5,61.5,71.7,71.7,71.7,71.0,71.0,71.0,68.3,68.3,68.3,23.7,23.7,23.7,19.0,19.0,19.0,1021.2,1021.2,1021.2,93,93,93,0,0,0,90,90,90,1790454341
26.09 20:30,15.5,15.5,15.5,61.2,61.2,61.2,70.8,70.8,70.8,70.0,70.0,70.0,67.5,67.5,67.5,23.7,23.7,23.7,19.0,19.0,19.0,1021.3,1021.3,1021.3,93,93,93,0,0,0,90,90,90,1790454641
26.09 20:32,15.5,15.5,15.5,61.2,61.2,61.2,70.5,70.5,70.5,70.0,70.0,70.0,67.2,67.2,67.2,23.5,23.5,23.5,19.0,19.0,19.0,1021.3,1021.3,1021.3,93,93,93,0,0,0,90,90,90,1790454761
26.09 20:35,15.5,15.5,15.5,61.2,61.2,61.2,70.0,70.0,70.0,70.0,70.0,70.0,66.7,66.7,66.7,23.5,23.5,23.5,19.0,19.0,19.0,1021.4,1021.4,1021.4,94,94,94,0,0,0,90,90,90,1790454941
26.09 20:37,15.5,15.5,15.5,61.0,61.0,61.0,69.7,69.7,69.7,69.0,69.0,69.0,66.5,66.5,66.5,23.5,23.5,23.5,19.0,19.0,19.0,1021.4,1021.4,1021.4, 0, 0, 0,0,0,0,90,90,90,1790455061
26.09 20:38,15.5,15.5,15.5,61.0,61.0,61.0,69.5,69.5,69.5,69.0,69.0,69.0,66.2,66.2,66.2,23.5,23.5,23.5,19.0,19.0,19.0,1021.4,1021.4,1021.4,94,94,94,0,0,0,90,90,90,1790455121
26.09 20:43,15.5,15.5,15.5,60.8,60.8,60.8,68.7,68.7,68.7,68.0,68.0,68.0,65.5,65.5,65.5,23.5,23.5,23.5,19.0,19.0,19.0,1021.4,1021.4,1021.4,94,94,94,0,0,0,90,90,90,1790455421
26.09 20:48,15.5,15.5,15.5,60.5,60.5,60.5,67.7,67.7,67.7,67.0,67.0,67.0,64.7,64.7,64.7,23.3,23.3,23.3,19.0,19.0,19.0,1021.4,1021.4,1021.4,94,94,94,0,0,0,90,90,90,1790455721
26.09 20:52,15.5,15.5,15.5,60.2,60.2,60.2,67.2,67.2,67.2,67.0,67.0,67.0,64.2,64.2,64.2,23.3,23.3,23.3,19.0,19.0,19.0,1021.5,1021.5,1021.5,94,94,94,0,0,0,90,90,90,1790455961
26.09 20:54,15.5,15.5,15.5,60.2,60.2,60.2,66.7,66.7,66.7,66.0,66.0,66.0,63.7,63.7,63.7,23.3,23.3,23.3,19.0,19.0,19.0,1021.5,1021.5,1021.5,94,94,94,0,0,0,90,90,90,1790456081
26.09 21:00,15.0,15.0,15.0,60.0,60.0,60.0,65.8,65.8,65.8,65.0,65.0,65.0,62.7,62.7,62.7,23.0,23.0,23.0,19.0,19.0,19.0,1021.5,1021.5,1021.5,94,94,94,0,0,0,90,90,90,1790456441
26.09 21:06,15.0,15.0,15.0,59.5,59.5,59.5,64.7,64.7,64.7,64.0,64.0,64.0,62.0,62.0,62.0,23.0,23.0,23.0,19.0,19.0,19.0,1021.4,1021.4,1021.4,94,94,94,0,0,0,90,90,90,1790456801
26.09 21:12,15.0,15.0,15.0,59.2,59.2,59.2,64.0,64.0,64.0,64.0,64.0,64.0,61.0,61.0,61.0,22.8,22.8,22.8,19.0,19.0,19.0,1021.5,1021.5,1021.5,94,94,94,0,0,0,90,90,90,1790457161
26.09 21:13,15.0,15.0,15.0,59.2,59.2,59.2,63.7,63.7,63.7,63.0,63.0,63.0,61.0,61.0,61.0,22.8,22.8,22.8,19.0,19.0,19.0,1021.5,1021.5,1021.5,94,94,94,0,0,0,90,90,90,1790457221
26.09 21:15,15.0,15.0,15.0,59.0,59.0,59.0,63.3,63.3,63.3,63.0,63.0,63.0,60.8,60.8,60.8,22.8,22.8,22.8,19.0,19.0,19.0,1021.6,1021.6,1021.6,94,94,94,0,0,0,90,90,90,1790457341
26.09 21:19,15.0,15.0,15.0,58.7,58.7,58.7,62.7,62.7,62.7,62.0,62.0,62.0,60.0,60.0,60.0,22.8,22.8,22.8,19.0,19.0,19.0,1021.6,1021.6,1021.6,94,94,94,0,0,0,90,90,90,1790457581
26.09 21:24,15.0,15.0,15.0,58.5,58.5,58.5,61.7,61.7,61.7,61.0,61.0,61.0,59.2,59.2,59.2,22.8,22.8,22.8,19.0,19.0,19.0,1021.6,1021.6,1021.6,94,94,94,0,0,0,90,90,90,1790457881
26.09 21:30,15.0,15.0,15.0,58.0,58.0,58.0,60.8,60.8,60.8,60.0,60.0,60.0,58.3,58.3,58.3,22.5,22.5,22.5,19.0,19.0,19.0,1021.6,1021.6,1021.6,95,95,95,0,0,0,90,90,90,1790458241
26.09 21:36,15.0,15.0,15.0,57.5,57.5,57.5,60.0,60.0,60.0,60.0,60.0,60.0,57.2,57.2,57.2,22.5,22.5,22.5,19.0,19.0,19.0,1021.6,1021.6,1021.6,95,95,95,0,0,0,90,90,90,1790458601
26.09 21:37,15.0,15.0,15.0,57.5,57.5,57.5,59.7,59.7,59.7,59.0,59.0,59.0,57.2,57.2,57.2,22.5,22.5,22.5,19.0,19.0,19.0,1021.6,1021.6,1021.6,95,95,95,0,0,0,90,90,90,1790458661
26.09 21:40,15.0,15.0,15.0,57.2,57.2,57.2,59.2,59.2,59.2,59.0,59.0,59.0,56.7,56.7,56.7,22.5,22.5,22.5,19.0,19.0,19.0,1021.7,1021.7,1021.7,95,95,95,0,0,0,90,90,90,1790458841
26.09 21:42,14.5,14.5,14.5,57.0,57.0,57.0,58.7,58.7,58.7,58.0,58.0,58.0,56.5,56.5,56.5,22.5,22.5,22.5,19.0,19.0,19.0,1021.7,1021.7,1021.7,95,95,95,0,0,0,90,90,90,1790458961
26.09 21:48,14.5,14.5,14.5,56.7,56.7,56.7,58.0,58.0,58.0,58.0,58.0,58.0,55.5,55.5,55.5,22.5,22.5,22.5,19.0,19.0,19.0,1021.8,1021.8,1021.8,95,95,95,0,0,0,90,90,90,1790459321
26.09 21:49,14.5,14.5,14.5,56.5,56.5,56.5,57.7,57.7,57.7,57.0,57.0,57.0,55.5,55.5,55.5,22.5,22.5,22.5,19.0,19.0,19.0,1021.8,1021.8,1021.8,95,95,95,0,0,0,90,90,90,1790459381
26.09 21:51,14.5,14.5,14.5,56.5,56.5,56.5,57.5,57.5,57.5,57.0,57.0,57.0,55.2,55.2,55.2,22.5,22.5,22.5,19.0,19.0,19.0,1021.8,1021.8,1021.8, 0, 0, 0,0,0,0,90,90,90,1790459501
26.09 21:52,14.5,14.5,14.5,56.2,56.2,56.2,57.2,57.2,57.2,57.0,57.0,57.0,55.0,55.0,55.0,22.5,22.5,22.5,19.0,19.0,19.0,1021.8,1021.8,1021.8,95,95,95,0,0,0,90,90,90,1790459561
26.09 21:54,14.5,14.5,14.5,56.2,56.2,56.2,57.0,57.0,57.0,57.0,57.0,57.0,54.7,54.7,54.7,22.2,22.2,22.2,19.0,19.0,19.0,1021.8,1021.8,1021.8,95,95,95,0,0,0,90,90,90,1790459681
26.09 21:56,14.5,14.5,14.5,56.0,56.0,56.0,55.8,55.8,55.8,57.0,57.0,57.0,54.2,54.2,54.2,22.2,22.2,22.2,19.0,19.0,19.0,1021.8,1021.8,1021.8,94,94,94,0,0,0,90,90,90,1790459801
26.09 21:57,14.5,14.5,14.5,56.0,56.0,56.0,55.2,55.2,55.2,57.0,57.0,57.0,53.7,53.7,53.7,22.2,22.2,22.2,19.0,19.0,19.0,1021.9,1021.9,1021.9,94,94,94,0,0,0,90,90,90,1790459861
26.09 22:00,14.5,14.5,14.5,55.8,55.8,55.8,54.5,54.5,54.5,57.0,57.0,57.0,52.7,52.7,52.7,22.2,22.2,22.2,19.0,19.0,19.0,1021.9,1021.9,1021.9,94,94,94,0,0,0,90,90,90,1790460041
26.09 22:03,14.5,14.5,14.5,55.2,55.2,55.2,54.0,54.0,54.0,57.0,57.0,57.0,51.5,51.5,51.5,22.2,22.2,22.2,19.0,19.0,19.0,1021.9,1021.9,1021.9,94,94,94,0,0,0,90,90,90,1790460221
26.09 22:05,14.5,14.5,14.5,55.2,55.2,55.2,53.7,53.7,53.7,57.0,57.0,57.0,50.8,50.8,50.8,22.2,22.2,22.2,19.0,19.0,19.0,1021.8,1021.8,1021.8,94,94,94,0,0,0,90,90,90,1790460341
26.09 22:08,14.5,14.5,14.5,55.0,55.0,55.0,53.5,53.5,53.5,57.0,57.0,57.0,49.7,49.7,49.7,22.2,22.2,22.2,19.0,19.0,19.0,1021.8,1021.8,1021.8,95,95,95,0,0,0,90,90,90,1790460521
26.09 22:11,14.5,14.5,14.5,54.7,54.7,54.7,53.3,53.3,53.3,57.0,57.0,57.0,48.7,48.7,48.7,22.0,22.0,22.0,19.0,19.0,19.0,1021.8,1021.8,1021.8,94,94,94,0,0,0,90,90,90,1790460701
26.09 22:14,14.5,14.5,14.5,54.5,54.5,54.5,53.3,53.3,53.3,53.3,53.3,53.3,47.7,47.7,47.7,22.0,22.0,22.0,19.0,19.0,19.0,1021.8,1021.8,1021.8,95,95,95,0,0,0,90,90,90,1790460881
26.09 22:18,14.5,14.5,14.5,54.2,54.2,54.2,52.7,52.7,52.7,52.7,52.7,52.7,46.7,46.7,46.7,22.0,22.0,22.0,19.0,19.0,19.0,1021.8,1021.8,1021.8,95,95,95,0,0,0,90,90,90,1790461121
26.09 22:25,14.0,14.0,14.0,53.5,53.5,53.5,52.5,52.5,52.5,52.5,52.5,52.5,46.2,46.2,46.2,22.0,22.0,22.0,18.5,18.5,18.5,1021.9,1021.9,1021.9,95,95,95,0,0,0,90,90,90,1790461541
26.09 22:35,14.0,14.0,14.0,53.0,53.0,53.0,51.7,51.7,51.7,51.7,51.7,51.7,45.2,45.2,45.2,21.8,21.8,21.8,18.5,18.5,18.5,1021.9,1021.9,1021.9,95,95,95,0,0,0,90,90,90,1790462141
26.09 22:38,14.0,14.0,14.0,52.7,52.7,52.7,51.5,51.5,51.5,51.5,51.5,51.5,44.7,44.7,44.7,21.8,21.8,21.8,18.5,18.5,18.5,1022.0,1022.0,1022.0,95,95,95,0,0,0,90,90,90,1790462321
26.09 22:42,14.0,14.0,14.0,52.5,52.5,52.5,51.2,51.2,51.2,51.2,51.2,51.2,44.0,44.0,44.0,21.8,21.8,21.8,18.5,18.5,18.5,1022.1,1022.1,1022.1,95,95,95,0,0,0,90,90,90,1790462561
26.09 22:47,14.0,14.0,14.0,52.2,52.2,52.2,50.8,50.8,50.8,50.8,50.8,50.8,43.0,43.0,43.0,21.5,21.5,21.5,18.5,18.5,18.5,1022.1,1022.1,1022.1,95,95,95,0,0,0,90,90,90,1790462861
26.09 22:52,14.0,14.0,14.0,52.0,52.0,52.0,50.5,50.5,50.5,50.5,50.5,50.5,41.7,41.7,41.7,21.5,21.5,21.5,18.5,18.5,18.5,1022.1,1022.1,1022.1,95,95,95,0,0,0,90,90,90,1790463161
26.09 22:56,14.0,14.0,14.0,51.7,51.7,51.7,50.2,50.2,50.2,50.2,50.2,50.2,40.8,40.8,40.8,21.5,21.5,21.5,18.5,18.5,18.5,1022.2,1022.2,1022.2,95,95,95,0,0,0,90,90,90,1790463401
26.09 22:59,14.0,14.0,14.0,51.7,51.7,51.7,49.7,49.7,49.7,49.7,49.7,49.7,39.7,39.7,39.7,21.5,21.5,21.5,18.5,18.5,18.5,1022.2,1022.2,1022.2,95,95,95,0,0,0,90,90,90,1790463581
26.09 23:03,13.5,13.5,13.5,51.5,51.5,51.5,49.5,49.5,49.5,49.5,49.5,49.5,38.5,38.5,38.5,21.5,21.5,21.5,18.5,18.5,18.5,1022.3,1022.3,1022.3,95,95,95,0,0,0,90,90,90,1790463821
26.09 23:06,13.5,13.5,13.5,51.5,51.5,51.5,49.2,49.2,49.2,49.2,49.2,49.2,37.5,37.5,37.5,21.5,21.5,21.5,18.5,18.5,18.5,1022.3,1022.3,1022.3,95,95,95,0,0,0,90,90,90,1790464001
26.09 23:09,13.5,13.5,13.5,51.2,51.2,51.2,49.0,49.0,49.0,49.0,49.0,49.0,36.5,36.5,36.5,21.2,21.2,21.2,18.5,18.5,18.5,1022.3,1022.3,1022.3,95,95,95,0,0,0,90,90,90,1790464181
26.09 23:12,13.5,13.5,13.5,51.2,51.2,51.2,48.7,48.7,48.7,48.7,48.7,48.7,35.5,35.5,35.5,21.2,21.2,21.2,18.5,18.5,18.5,1022.3,1022.3,1022.3,95,95,95,0,0,0,90,90,90,1790464362
26.09 23:16,13.5,13.5,13.5,51.0,51.0,51.0,48.5,48.5,48.5,48.5,48.5,48.5,34.2,34.2,34.2,21.2,21.2,21.2,18.5,18.5,18.5,1022.3,1022.3,1022.3,95,95,95,0,0,0,90,90,90,1790464602
26.09 23:27,13.5,13.5,13.5,50.8,50.8,50.8,48.0,48.0,48.0,48.0,48.0,48.0,33.2,33.2,33.2,21.0,21.0,21.0,18.5,18.5,18.5,1022.3,1022.3,1022.3,95,95,95,0,0,0,90,90,90,1790465262
26.09 23:30,13.5,13.5,13.5,50.8,50.8,50.8,47.7,47.7,47.7,47.7,47.7,47.7,32.2,32.2,32.2,21.0,21.0,21.0,18.5,18.5,18.5,1022.3,1022.3,1022.3,95,95,95,0,0,0,90,90,90,1790465442
26.09 23:34,13.5,13.5,13.5,50.5,50.5,50.5,47.5,47.5,47.5,47.5,47.5,47.5,31.2,31.2,31.2,21.0,21.0,21.0,18.5,18.5,18.5,1022.3,1022.3,1022.3,95,95,95,0,0,0,90,90,90,1790465682
26.09 23:38,13.5,13.5,13.5,50.5,50.5,50.5,47.0,47.0,47.0,47.0,47.0,47.0,30.3,30.3,30.3,21.0,21.0,21.0,18.5,18.5,18.5,1022.3,1022.3,1022.3,95,95,95,0,0,0,90,90,90,1790465922
26.09 23:42,13.5,13.5,13.5,50.2,50.2,50.2,46.7,46.7,46.7,46.7,46.7,46.7,29.3,29.3,29.3,21.0,21.0,21.0,18.5,18.5,18.5,1022.4,1022.4,1022.4,95,95,95,0,0,0,90,90,90,1790466162
26.09 23:49,13.0,13.0,13.0,50.0,50.0,50.0,46.2,46.2,46.2,46.2,46.2,46.2,28.3,28.3,28.3,20.8,20.8,20.8,18.5,18.5,18.5,1022.4,1022.4,1022.4,95,95,95,0,0,0,90,90,90,1790466582
27.09 00:01,13.0,13.0,13.0,49.7,49.7,49.7,45.2,45.2,45.2,45.2,45.2,45.2,27.5,27.5,27.5,20.8,20.8,20.8,18.5,18.5,18.5,1022.3,1022.3,1022.3,95,95,95,0,0,0,90,90,90,1790467302
27.09 00:05,13.0,13.0,13.0,49.7,49.7,49.7,45.0,45.0,45.0,45.0,45.0,45.0,27.2,27.2,27.2,20.8,20.8,20.8,18.5,18.5,18.5,1022.3,1022.3,1022.3,95,95,95,0,0,0,90,90,90,1790467542
27.09 00:10,13.0,13.0,13.0,49.5,49.5,49.5,44.5,44.5,44.5,44.5,44.5,44.5,26.8,26.8,26.8,20.5,20.5,20.5,18.5,18.5,18.5,1022.2,1022.2,1022.2,95,95,95,0,0,0,90,90,90,1790467842
27.09 00:14,13.0,13.0,13.0,49.5,49.5,49.5,44.2,44.2,44.2,44.2,44.2,44.2,26.2,26.2,26.2,20.5,20.5,20.5,18.5,18.5,18.5,1022.2,1022.2,1022.2,95,95,95,0,0,0,90,90,90,1790468082
27.09 00:18,13.0,13.0,13.0,49.5,49.5,49.5,44.0,44.0,44.0,44.0,44.0,44.0,25.8,25.8,25.8,20.5,20.5,20.5,18.5,18.5,18.5,1022.2,1022.2,1022.2,95,95,95,0,0,0,90,90,90,1790468322
27.09 00:26,13.0,13.0,13.0,49.2,49.2,49.2,43.0,43.0,43.0,43.0,43.0,43.0,25.5,25.5,25.5,20.3,20.3,20.3,18.5,18.5,18.5,1022.2,1022.2,1022.2,95,95,95,0,0,0,90,90,90,1790468802
27.09 00:31,13.0,13.0,13.0,49.2,49.2,49.2,42.7,42.7,42.7,42.7,42.7,42.7,25.5,25.5,25.5,20.3,20.3,20.3,18.5,18.5,18.5,1022.3,1022.3,1022.3,95,95,95,0,0,0,90,90,90,1790469102
27.09 00:36,13.0,13.0,13.0,49.0,49.0,49.0,42.2,42.2,42.2,42.2,42.2,42.2,25.5,25.5,25.5,20.3,20.3,20.3,18.5,18.5,18.5,1022.3,1022.3,1022.3,95,95,95,0,0,0,90,90,90,1790469402
27.09 00:38,13.0,13.0,13.0,49.0,49.0,49.0,42.0,42.0,42.0,42.0,42.0,42.0,25.3,25.3,25.3,20.3,20.3,20.3,18.5,18.5,18.5,1022.4,1022.4,1022.4,95,95,95,0,0,0,90,90,90,1790469522
27.09 00:40,13.0,13.0,13.0,49.0,49.0,49.0,41.7,41.7,41.7,41.7,41.7,41.7,25.3,25.3,25.3,20.3,20.3,20.3,18.5,18.5,18.5,1022.4,1022.4,1022.4,95,95,95,0,0,0,90,90,90,1790469642
27.09 00:43,13.0,13.0,13.0,49.0,49.0,49.0,41.7,41.7,41.7,41.7,41.7,41.7,25.3,25.3,25.3,20.3,20.3,20.3,18.5,18.5,18.5,1022.5,1022.5,1022.5,95,95,95,0,0,0,90,90,90,1790469822
27.09 00:51,12.5,12.5,12.5,48.7,48.7,48.7,40.8,40.8,40.8,41.0,41.0,41.0,25.3,25.3,25.3,20.3,20.3,20.3,18.5,18.5,18.5,1022.5,1022.5,1022.5,95,95,95,0,0,0,90,90,90,1790470302
27.09 00:54,12.5,12.5,12.5,48.7,48.7,48.7,40.5,40.5,40.5,40.5,40.5,40.5,25.3,25.3,25.3,20.3,20.3,20.3,18.5,18.5,18.5,1022.4,1022.4,1022.4,95,95,95,0,0,0,90,90,90,1790470482
27.09 00:56,12.5,12.5,12.5,48.7,48.7,48.7,40.5,40.5,40.5,40.5,40.5,40.5,25.0,25.0,25.0,20.0,20.0,20.0,18.5,18.5,18.5,1022.3,1022.3,1022.3,95,95,95,0,0,0,90,90,90,1790470602
27.09 00:58,12.5,12.5,12.5,48.7,48.7,48.7,40.2,40.2,40.2,40.2,40.2,40.2,25.0,25.0,25.0,20.0,20.0,20.0,18.5,18.5,18.5,1022.3,1022.3,1022.3,95,95,95,0,0,0,90,90,90,1790470722
27.09 01:01,12.5,12.5,12.5,48.7,48.7,48.7,40.0,40.0,40.0,40.0,40.0,40.0,25.0,25.0,25.0,20.0,20.0,20.0,18.5,18.5,18.5,1022.4,1022.4,1022.4,95,95,95,0,0,0,90,90,90,1790470902
27.09 01:03,12.0,12.0,12.0,48.5,48.5,48.5,39.7,39.7,39.7,39.7,39.7,39.7,25.0,25.0,25.0,20.0,20.0,20.0,18.0,18.0,18.0,1022.4,1022.4,1022.4,94,94,94,0,0,0,90,90,90,1790471022
27.09 01:14,12.5,12.5,12.5,48.5,48.5,48.5,39.0,39.0,39.0,38.7,38.7,38.7,24.7,24.7,24.7,20.0,20.0,20.0,18.0,18.0,18.0,1022.4,1022.4,1022.4,95,95,95,0,0,0,90,90,90,1790471682
27.09 01:18,12.0,12.0,12.0,48.3,48.3,48.3,38.5,38.5,38.5,38.5,38.5,38.5,24.7,24.7,24.7,20.0,20.0,20.0,18.5,18.5,18.5,1022.5,1022.5,1022.5,95,95,95,0,0,0,90,90,90,1790471922
27.09 01:21,12.5,12.5,12.5,48.3,48.3,48.3,38.2,38.2,38.2,38.2,38.2,38.2,24.7,24.7,24.7,20.0,20.0,20.0,18.0,18.0,18.0,1022.5,1022.5,1022.5,95,95,95,0,0,0,90,90,90,1790472102
27.09 01:31,12.5,12.5,12.5,48.3,48.3,48.3,37.2,37.2,37.2,37.2,37.2,37.2,24.5,24.5,24.5,20.3,20.3,20.3,18.0,18.0,18.0,1022.6,1022.6,1022.6,95,95,95,0,0,0,90,90,90,1790472702
27.09 01:38,12.5,12.5,12.5,48.0,48.0,48.0,36.7,36.7,36.7,36.7,36.7,36.7,24.5,24.5,24.5,20.3,20.3,20.3,18.0,18.0,18.0,1022.6,1022.6,1022.6,96,96,96,0,0,0,90,90,90,1790473122
27.09 01:42,12.5,12.5,12.5,48.0,48.0,48.0,36.5,36.5,36.5,36.5,36.5,36.5,24.3,24.3,24.3,20.3,20.3,20.3,18.0,18.0,18.0,1022.6,1022.6,1022.6,96,96,96,0,0,0,90,90,90,1790473362
27.09 01:56,13.0,13.0,13.0,47.7,47.7,47.7,35.5,35.5,35.5,35.5,35.5,35.5,24.0,24.0,24.0,20.5,20.5,20.5,18.0,18.0,18.0,1022.6,1022.6,1022.6,96,96,96,0,0,0,90,90,90,1790474203
27.09 02:08,13.0,13.0,13.0,47.7,47.7,47.7,34.7,34.7,34.7,34.7,34.7,34.7,23.7,23.7,23.7,20.5,20.5,20.5,18.0,18.0,18.0,1022.5,1022.5,1022.5,96,96,96,0,0,0,90,90,90,1790474923
27.09 02:15,13.0,13.0,13.0,47.5,47.5,47.5,34.2,34.2,34.2,34.2,34.2,34.2,23.5,23.5,23.5,20.5,20.5,20.5,18.0,18.0,18.0,1022.6,1022.6,1022.6,96,96,96,0,0,0,90,90,90,1790475343
27.09 02:25,13.0,13.0,13.0,47.5,47.5,47.5,33.5,33.5,33.5,33.2,33.2,33.2,23.3,23.3,23.3,20.5,20.5,20.5,18.0,18.0,18.0,1022.6,1022.6,1022.6,96,96,96,0,0,0,90,90,90,1790475943
27.09 02:30,13.5,13.5,13.5,47.2,47.2,47.2,33.0,33.0,33.0,33.0,33.0,33.0,23.3,23.3,23.3,20.5,20.5,20.5,18.0,18.0,18.0,1022.6,1022.6,1022.6,96,96,96,0,0,0,90,90,90,1790476243
27.09 02:46,13.0,13.0,13.0,47.2,47.2,47.2,32.0,32.0,32.0,32.0,32.0,32.0,22.8,22.8,22.8,20.5,20.5,20.5,18.0,18.0,18.0,1022.6,1022.6,1022.6,96,96,96,0,0,0,90,90,90,1790477203
27.09 02:50,13.0,13.0,13.0,47.0,47.0,47.0,31.8,31.8,31.8,31.8,31.8,31.8,22.8,22.8,22.8,20.5,20.5,20.5,18.0,18.0,18.0,1022.6,1022.6,1022.6,96,96,96,0,0,0,90,90,90,1790477443
27.09 02:55,13.0,13.0,13.0,47.0,47.0,47.0,31.5,31.5,31.5,31.5,31.5,31.5,22.5,22.5,22.5,20.3,20.3,20.3,18.0,18.0,18.0,1022.7,1022.7,1022.7, 0, 0, 0,0,0,0,90,90,90,1790477743
27.09 02:56,13.0,13.0,13.0,47.0,47.0,47.0,31.5,31.5,31.5,31.5,31.5,31.5,22.5,22.5,22.5,20.3,20.3,20.3,18.0,18.0,18.0,1022.7,1022.7,1022.7,96,96,96,0,0,0,90,90,90,1790477803
27.09 03:07,13.0,13.0,13.0,46.7,46.7,46.7,30.8,30.8,30.8,30.8,30.8,30.8,22.0,22.0,22.0,20.3,20.3,20.3,18.0,18.0,18.0,1022.7,1022.7,1022.7,96,96,96,0,0,0,90,90,90,1790478463
27.09 03:15,13.5,13.5,13.5,46.7,46.7,46.7,30.3,30.3,30.3,30.3,30.3,30.3,21.8,21.8,21.8,20.3,20.3,20.3,18.0,18.0,18.0,1022.7,1022.7,1022.7,96,96,96,0,0,0,90,90,90,1790478943
27.09 03:19,13.5,13.5,13.5,46.7,46.7,46.7,30.0,30.0,30.0,30.0,30.0,30.0,21.8,21.8,21.8,20.3,20.3,20.3,18.0,18.0,18.0,1022.6,1022.6,1022.6,96,96,96,0,0,0,90,90,90,1790479183
27.09 03:27,13.0,13.0,13.0,46.5,46.5,46.5,29.8,29.8,29.8,29.8,29.8,29.8,21.5,21.5,21.5,20.3,20.3,20.3,18.0,18.0,18.0,1022.7,1022.7,1022.7,96,96,96,0,0,0,90,90,90,1790479663
27.09 03:44,13.5,13.5,13.5,46.2,46.2,46.2,28.7,28.7,28.7,29.0,29.0,29.0,21.0,21.0,21.0,20.0,20.0,20.0,18.0,18.0,18.0,1022.7,1022.7,1022.7,96,96,96,0,0,0,90,90,90,1790480683
27.09 03:49,13.5,13.5,13.5,46.2,46.2,46.2,28.5,28.5,28.5,28.5,28.5,28.5,20.8,20.8,20.8,20.0,20.0,20.0,18.0,18.0,18.0,1022.7,1022.7,1022.7,96,96,96,0,0,0,90,90,90,1790480983
27.09 03:56,13.0,13.0,13.0,46.2,46.2,46.2,28.3,28.3,28.3,28.3,28.3,28.3,20.5,20.5,20.5,20.0,20.0,20.0,18.0,18.0,18.0,1022.8,1022.8,1022.8,96,96,96,0,0,0,90,90,90,1790481403
27.09 04:00,12.0,12.0,12.0,46.2,46.2,46.2,28.0,28.0,28.0,28.0,28.0,28.0,20.5,20.5,20.5,20.0,20.0,20.0,18.0,18.0,18.0,1022.8,1022.8,1022.8,96,96,96,0,0,0,90,90,90,1790481643
27.09 04:06,13.0,13.0,13.0,46.0,46.0,46.0,27.8,27.8,27.8,27.8,27.8,27.8,20.3,20.3,20.3,20.0,20.0,20.0,18.0,18.0,18.0,1022.8,1022.8,1022.8,97,97,97,0,0,0,90,90,90,1790482003
27.09 04:16,13.0,13.0,13.0,46.0,46.0,46.0,27.2,27.2,27.2,27.2,27.2,27.2,20.0,20.0,20.0,19.8,19.8,19.8,18.0,18.0,18.0,1022.8,1022.8,1022.8,97,97,97,0,0,0,90,90,90,1790482603
27.09 04:28,13.5,13.5,13.5,45.8,45.8,45.8,26.8,26.8,26.8,26.8,26.8,26.8,19.5,19.5,19.5,19.8,19.8,19.8,18.0,18.0,18.0,1022.8,1022.8,1022.8,96,96,96,0,0,0,90,90,90,1790483323
27.09 04:36,13.5,13.5,13.5,45.8,45.8,45.8,26.5,26.5,26.5,26.5,26.5,26.5,19.3,19.3,19.3,19.8,19.8,19.8,18.0,18.0,18.0,1022.7,1022.7,1022.7,96,96,96,0,0,0,90,90,90,1790483803
27.09 04:49,13.5,13.5,13.5,45.5,45.5,45.5,26.0,26.0,26.0,26.0,26.0,26.0,18.8,18.8,18.8,19.5,19.5,19.5,18.0,18.0,18.0,1022.8,1022.8,1022.8,96,96,96,0,0,0,90,90,90,1790484583
27.09 04:53,13.5,13.5,13.5,45.5,45.5,45.5,25.8,25.8,25.8,25.8,25.8,25.8,18.8,18.8,18.8,19.5,19.5,19.5,18.0,18.0,18.0,1022.8,1022.8,1022.8,96,96,96,0,0,0,90,90,90,1790484824
27.09 04:59,13.0,13.0,13.0,45.2,45.2,45.2,25.5,25.5,25.5,25.5,25.5,25.5,18.5,18.5,18.5,19.3,19.3,19.3,18.0,18.0,18.0,1022.8,1022.8,1022.8,95,95,95,0,0,0,90,90,90,1790485184
27.09 05:22,13.0,13.0,13.0,45.0,45.0,45.0,24.5,24.5,24.5,24.5,24.5,24.5,17.8,17.8,17.8,19.3,19.3,19.3,18.0,18.0,18.0,1022.8,1022.8,1022.8,96,96,96,0,0,0,90,90,90,1790486564
27.09 05:49,13.0,13.0,13.0,44.7,44.7,44.7,23.7,23.7,23.7,23.7,23.7,23.7,17.0,17.0,17.0,19.5,19.5,19.5,18.0,18.0,18.0,1022.9,1022.9,1022.9,96,96,96,0,0,0,90,90,90,1790488184
27.09 06:08,12.5,12.5,12.5,44.5,44.5,44.5,23.0,23.0,23.0,23.0,23.0,23.0,16.8,16.8,16.8,19.0,19.0,19.0,18.0,18.0,18.0,1023.0,1023.0,1023.0,95,95,95,0,0,0,90,90,90,1790489324
27.09 06:12,12.5,12.5,12.5,44.2,44.2,44.2,23.0,23.0,23.0,23.0,23.0,23.0,16.5,16.5,16.5,19.0,19.0,19.0,18.0,18.0,18.0,1023.0,1023.0,1023.0,95,95,95,0,0,0,90,90,90,1790489564
27.09 06:17,12.5,12.5,12.5,44.2,44.2,44.2,22.8,22.8,22.8,22.8,22.8,22.8,16.5,16.5,16.5,18.8,18.8,18.8,18.0,18.0,18.0,1023.1,1023.1,1023.1,95,95,95,0,0,0,90,90,90,1790489864
27.09 06:21,12.5,12.5,12.5,44.2,44.2,44.2,22.5,22.5,22.5,22.5,22.5,22.5,16.3,16.3,16.3,18.8,18.8,18.8,18.0,18.0,18.0,1023.1,1023.1,1023.1,95,95,95,0,0,0,90,90,90,1790490104
27.09 06:28,12.5,12.5,12.5,44.0,44.0,44.0,22.5,22.5,22.5,22.5,22.5,22.5,16.3,16.3,16.3,18.8,18.8,18.8,18.0,18.0,18.0,1023.2,1023.2,1023.2,96,96,96,0,0,0,90,90,90,1790490524
27.09 06:35,12.5,12.5,12.5,44.0,44.0,44.0,22.2,22.2,22.2,22.2,22.2,22.2,16.0,16.0,16.0,18.8,18.8,18.8,18.0,18.0,18.0,1023.3,1023.3,1023.3,96,96,96,0,0,0,90,90,90,1790490944
27.09 06:37,11.5,11.5,11.5,44.0,44.0,44.0,22.2,22.2,22.2,22.2,22.2,22.2,16.0,16.0,16.0,18.8,18.8,18.8,18.0,18.0,18.0,1023.3,1023.3,1023.3,95,95,95,0,0,0,90,90,90,1790491064
27.09 06:41,11.5,11.5,11.5,44.0,44.0,44.0,22.0,22.0,22.0,22.0,22.0,22.0,16.0,16.0,16.0,18.8,18.8,18.8,18.0,18.0,18.0,1023.4,1023.4,1023.4,96,96,96,0,0,0,90,90,90,1790491304
27.09 06:49,12.0,12.0,12.0,43.7,43.7,43.7,21.8,21.8,21.8,21.8,21.8,21.8,15.8,15.8,15.8,18.8,18.8,18.8,18.0,18.0,18.0,1023.5,1023.5,1023.5,96,96,96,0,0,0,90,90,90,1790491784
27.09 06:57,12.5,12.5,12.5,43.7,43.7,43.7,21.5,21.5,21.5,21.5,21.5,21.5,15.5,15.5,15.5,18.8,18.8,18.8,18.0,18.0,18.0,1023.5,1023.5,1023.5,96,96,96,0,0,0,90,90,90,1790492264
27.09 07:01,12.5,12.5,12.5,43.7,43.7,43.7,21.2,21.2,21.2,21.2,21.2,21.2,15.5,15.5,15.5,18.8,18.8,18.8,18.0,18.0,18.0,1023.6,1023.6,1023.6,96,96,96,0,0,0,90,90,90,1790492504
27.09 07:06,12.0,12.0,12.0,43.5,43.5,43.5,21.2,21.2,21.2,21.2,21.2,21.2,15.5,15.5,15.5,18.8,18.8,18.8,18.0,18.0,18.0,1023.6,1023.6,1023.6,96,96,96,0,0,0,90,90,90,1790492804
27.09 07:10,11.0,11.0,11.0,43.5,43.5,43.5,21.2,21.2,21.2,21.2,21.2,21.2,15.5,15.5,15.5,18.8,18.8,18.8,18.0,18.0,18.0,1023.7,1023.7,1023.7,96,96,96,0,0,0,90,90,90,1790493044
27.09 07:22,12.0,12.0,12.0,43.5,43.5,43.5,21.0,21.0,21.0,21.0,21.0,21.0,15.3,15.3,15.3,18.8,18.8,18.8,18.0,18.0,18.0,1023.6,1023.6,1023.6,97,97,97,0,0,0,90,90,90,1790493764
27.09 07:29,13.0,13.0,13.0,43.3,43.3,43.3,20.8,20.8,20.8,20.8,20.8,20.8,15.3,15.3,15.3,19.0,19.0,19.0,18.0,18.0,18.0,1023.7,1023.7,1023.7,97,97,97,0,0,0,90,90,90,1790494184
27.09 07:34,12.5,12.5,12.5,43.3,43.3,43.3,20.5,20.5,20.5,20.5,20.5,20.5,15.0,15.0,15.0,19.0,19.0,19.0,18.0,18.0,18.0,1023.7,1023.7,1023.7,97,97,97,0,0,0,90,90,90,1790494484
27.09 07:39,12.5,12.5,12.5,43.3,43.3,43.3,20.5,20.5,20.5,20.5,20.5,20.5,15.0,15.0,15.0,19.3,19.3,19.3,18.0,18.0,18.0,1023.8,1023.8,1023.8,97,97,97,0,0,0,90,90,90,1790494784
27.09 07:42,12.5,12.5,12.5,43.3,43.3,43.3,20.5,20.5,20.5,20.5,20.5,20.5,15.0,15.0,15.0,19.5,19.5,19.5,18.0,18.0,18.0,1023.9,1023.9,1023.9,97,97,97,0,0,0,90,90,90,1790494964
27.09 07:45,13.5,13.5,13.5,43.3,43.3,43.3,20.3,20.3,20.3,20.3,20.3,20.3,15.0,15.0,15.0,19.5,19.5,19.5,18.0,18.0,18.0,1023.9,1023.9,1023.9,97,97,97,0,0,0,90,90,90,1790495144
27.09 07:52,14.0,14.0,14.0,43.3,43.3,43.3,20.3,20.3,20.3,20.3,20.3,20.3,15.0,15.0,15.0,20.0,20.0,20.0,18.0,18.0,18.0,1023.9,1023.9,1023.9,98,98,98,0,0,0,90,90,90,1790495564
27.09 07:59,15.0,15.0,15.0,43.3,43.3,43.3,20.0,20.0,20.0,20.0,20.0,20.0,15.0,15.0,15.0,20.8,20.8,20.8,18.0,18.0,18.0,1024.0,1024.0,1024.0,97,97,97,0,0,0,90,90,90,1790495984
27.09 08:14,15.0,15.0,15.0,43.0,43.0,43.0,19.8,19.8,19.8,19.8,19.8,19.8,15.0,15.0,15.0,21.5,21.5,21.5,18.0,18.0,18.0,1024.0,1024.0,1024.0,96,96,96,0,0,0,90,90,90,1790496884
27.09 08:18,14.0,14.0,14.0,43.0,43.0,43.0,19.8,19.8,19.8,19.8,19.8,19.8,14.7,14.7,14.7,21.8,21.8,21.8,18.0,18.0,18.0,1024.1,1024.1,1024.1,96,96,96,0,0,0,90,90,90,1790497124
27.09 08:27,15.0,15.0,15.0,43.0,43.0,43.0,19.8,19.8,19.8,19.8,19.8,19.8,15.0,15.0,15.0,22.2,22.2,22.2,18.0,18.0,18.0,1024.1,1024.1,1024.1,97,97,97,0,0,0,90,90,90,1790497664
27.09 08:31,14.5,14.5,14.5,43.0,43.0,43.0,19.5,19.5,19.5,19.5,19.5,19.5,15.0,15.0,15.0,22.5,22.5,22.5,18.0,18.0,18.0,1024.1,1024.1,1024.1, 0, 0, 0,0,0,0,90,90,90,1790497904
27.09 08:32,14.5,14.5,14.5,43.0,43.0,43.0,19.5,19.5,19.5,19.5,19.5,19.5,14.7,14.7,14.7,22.5,22.5,22.5,18.0,18.0,18.0,1024.1,1024.1,1024.1,97,97,97,0,0,0,90,90,90,1790497964
27.09 08:38,15.5,15.5,15.5,42.7,42.7,42.7,19.5,19.5,19.5,19.5,19.5,19.5,14.7,14.7,14.7,23.0,23.0,23.0,18.0,18.0,18.0,1024.1,1024.1,1024.1,97,97,97,0,0,0,90,90,90,1790498325
27.09 08:41,16.0,16.0,16.0,42.7,42.7,42.7,19.5,19.5,19.5,19.5,19.5,19.5,14.7,14.7,14.7,23.3,23.3,23.3,18.0,18.0,18.0,1024.1,1024.1,1024.1,97,97,97,0,0,0,90,90,90,1790498505
27.09 08:44,15.0,15.0,15.0,42.7,42.7,42.7,19.5,19.5,19.5,19.5,19.5,19.5,14.7,14.7,14.7,23.5,23.5,23.5,18.0,18.0,18.0,1024.2,1024.2,1024.2,96,96,96,0,0,0,90,90,90,1790498685
27.09 08:59,15.5,15.5,15.5,42.7,42.7,42.7,19.3,19.3,19.3,19.3,19.3,19.3,15.0,15.0,15.0,24.5,24.5,24.5,18.0,18.0,18.0,1024.2,1024.2,1024.2,96,96,96,0,0,0,90,90,90,1790499585
27.09 09:06,16.5,16.5,16.5,42.7,42.7,42.7,19.3,19.3,19.3,19.3,19.3,19.3,15.0,15.0,15.0,25.0,25.0,25.0,18.0,18.0,18.0,1024.2,1024.2,1024.2,94,94,94,0,0,0,90,90,90,1790500005
27.09 09:16,17.5,17.5,17.5,42.7,42.7,42.7,19.0,19.0,19.0,19.0,19.0,19.0,15.0,15.0,15.0,25.5,25.5,25.5,18.0,18.0,18.0,1024.2,1024.2,1024.2,94,94,94,0,0,0,90,90,90,1790500605
27.09 09:25,17.5,17.5,17.5,42.7,42.7,42.7,19.0,19.0,19.0,19.0,19.0,19.0,15.0,15.0,15.0,26.5,26.5,26.5,18.0,18.0,18.0,1024.2,1024.2,1024.2,94,94,94,0,0,0,90,90,90,1790501145
27.09 09:30,18.5,18.5,18.5,42.5,42.5,42.5,19.0,19.0,19.0,19.0,19.0,19.0,15.0,15.0,15.0,27.0,27.0,27.0,18.0,18.0,18.0,1024.2,1024.2,1024.2,94,94,94,0,0,0,90,90,90,1790501445
27.09 09:39,19.0,19.0,19.0,42.5,42.5,42.5,18.8,18.8,18.8,18.8,18.8,18.8,15.3,15.3,15.3,28.0,28.0,28.0,18.0,18.0,18.0,1024.2,1024.2,1024.2,93,93,93,0,0,0,90,90,90,1790501985
27.09 09:45,19.5,19.5,19.5,42.5,42.5,42.5,18.8,18.8,18.8,18.8,18.8,18.8,15.3,15.3,15.3,29.0,29.0,29.0,18.0,18.0,18.0,1024.2,1024.2,1024.2,91,91,91,0,0,0,90,90,90,1790502345
27.09 09:52,19.0,19.0,19.0,42.5,42.5,42.5,18.8,18.8,18.8,18.8,18.8,18.8,15.3,15.3,15.3,29.8,29.8,29.8,18.0,18.0,18.0,1024.2,1024.2,1024.2,88,88,88,0,0,0,90,90,90,1790502765
27.09 10:04,19.5,19.5,19.5,42.5,42.5,42.5,18.8,18.8,18.8,18.8,18.8,18.8,15.3,15.3,15.3,30.5,30.5,30.5,18.0,18.0,18.0,1024.3,1024.3,1024.3,88,88,88,0,0,0,90,90,90,1790503485
27.09 10:15,20.0,20.0,20.0,42.5,42.5,42.5,18.5,18.5,18.5,18.5,18.5,18.5,15.5,15.5,15.5,31.2,31.2,31.2,18.0,18.0,18.0,1024.3,1024.3,1024.3,86,86,86,0,0,0,90,90,90,1790504145
27.09 10:21,19.0,19.0,19.0,42.5,42.5,42.5,18.5,18.5,18.5,18.5,18.5,18.5,15.5,15.5,15.5,31.8,31.8,31.8,18.0,18.0,18.0,1024.3,1024.3,1024.3,84,84,84,0,0,0,90,90,90,1790504505
27.09 10:23,20.0,20.0,20.0,42.5,42.5,42.5,18.5,18.5,18.5,18.5,18.5,18.5,15.5,15.5,15.5,32.0,32.0,32.0,18.0,18.0,18.0,1024.3,1024.3,1024.3,85,85,85,0,0,0,90,90,90,1790504625
27.09 10:32,20.5,20.5,20.5,42.5,42.5,42.5,18.5,18.5,18.5,18.5,18.5,18.5,15.5,15.5,15.5,32.5,32.5,32.5,18.0,18.0,18.0,1024.3,1024.3,1024.3,82,82,82,0,0,0,90,90,90,1790505165
27.09 10:40,20.5,20.5,20.5,42.5,42.5,42.5,18.5,18.5,18.5,18.5,18.5,18.5,15.5,15.5,15.5,32.5,32.5,32.5,18.0,18.0,18.0,1024.4,1024.4,1024.4,83,83,83,0,0,0,90,90,90,1790505645
27.09 10:52,21.5,21.5,21.5,42.2,42.2,42.2,18.5,18.5,18.5,18.5,18.5,18.5,15.8,15.8,15.8,32.7,32.7,32.7,18.0,18.0,18.0,1024.4,1024.4,1024.4,83,83,83,0,0,0,90,90,90,1790506365
27.09 10:59,21.5,21.5,21.5,42.2,42.2,42.2,18.5,18.5,18.5,18.5,18.5,18.5,15.8,15.8,15.8,33.7,33.7,33.7,18.0,18.0,18.0,1024.4,1024.4,1024.4,82,82,82,0,0,0,90,90,90,1790506785
27.09 11:05,20.5,20.5,20.5,42.2,42.2,42.2,18.5,18.5,18.5,18.5,18.5,18.5,15.8,15.8,15.8,34.0,34.0,34.0,18.0,18.0,18.0,1024.4,1024.4,1024.4,81,81,81,0,0,0,90,90,90,1790507145
27.09 11:14,20.5,20.5,20.5,42.2,42.2,42.2,18.5,18.5,18.5,18.5,18.5,18.5,16.0,16.0,16.0,34.0,34.0,34.0,18.0,18.0,18.0,1024.3,1024.3,1024.3, 0, 0, 0,0,0,0,90,90,90,1790507685
27.09 11:15,20.5,20.5,20.5,42.2,42.2,42.2,18.3,18.3,18.3,18.3,18.3,18.3,16.0,16.0,16.0,34.0,34.0,34.0,18.0,18.0,18.0,1024.3,1024.3,1024.3,83,83,83,0,0,0,90,90,90,1790507745
27.09 11:32,21.0,21.0,21.0,42.0,42.0,42.0,18.5,18.5,18.5,18.5,18.5,18.5,16.0,16.0,16.0,35.0,35.0,35.0,18.0,18.0,18.0,1024.4,1024.4,1024.4,83,83,83,0,0,0,90,90,90,1790508766
27.09 11:38,21.0,21.0,21.0,42.0,42.0,42.0,18.3,18.3,18.3,18.3,18.3,18.3,16.3,16.3,16.3,36.0,36.0,36.0,18.0,18.0,18.0,1024.4,1024.4,1024.4,80,80,80,0,0,0,90,90,90,1790509126
27.09 11:46,20.5,20.5,20.5,42.0,42.0,42.0,18.5,18.5,18.5,18.5,18.5,18.5,16.3,16.3,16.3,37.0,37.0,37.0,18.0,18.0,18.0,1024.3,1024.3,1024.3,80,80,80,0,0,0,90,90,90,1790509606
27.09 11:56,21.5,21.5,21.5,42.0,42.0,42.0,18.5,18.5,18.5,18.5,18.5,18.5,16.3,16.3,16.3,37.7,37.7,37.7,18.0,18.0,18.0,1024.3,1024.3,1024.3,81,81,81,0,0,0,90,90,90,1790510206
27.09 12:04,22.5,22.5,22.5,42.0,42.0,42.0,18.5,18.5,18.5,18.5,18.5,18.5,16.5,16.5,16.5,38.2,38.2,38.2,18.0,18.0,18.0,1024.3,1024.3,1024.3,81,81,81,0,0,0,90,90,90,1790510686
27.09 12:09,21.5,21.5,21.5,41.7,41.7,41.7,18.5,18.5,18.5,18.5,18.5,18.5,16.5,16.5,16.5,38.5,38.5,38.5,18.0,18.0,18.0,1024.4,1024.4,1024.4,79,79,79,0,0,0,90,90,90,1790510986
27.09 12:20,22.0,22.0,22.0,41.7,41.7,41.7,18.5,18.5,18.5,18.5,18.5,18.5,16.5,16.5,16.5,39.5,39.5,39.5,18.0,18.0,18.0,1024.4,1024.4,1024.4,78,78,78,0,0,0,90,90,90,1790511646
27.09 12:21,21.0,21.0,21.0,41.7,41.7,41.7,18.5,18.5,18.5,18.5,18.5,18.5,16.5,16.5,16.5,39.5,39.5,39.5,18.0,18.0,18.0,1024.4,1024.4,1024.4,76,76,76,0,0,0,90,90,90,1790511706
27.09 12:26,22.0,22.0,22.0,41.7,41.7,41.7,18.5,18.5,18.5,18.5,18.5,18.5,16.8,16.8,16.8,39.7,39.7,39.7,18.0,18.0,18.0,1024.3,1024.3,1024.3,79,79,79,0,0,0,90,90,90,1790512006
27.09 12:35,21.5,21.5,21.5,41.7,41.7,41.7,18.8,18.8,18.8,18.8,18.8,18.8,16.8,16.8,16.8,40.8,40.8,40.8,18.0,18.0,18.0,1024.3,1024.3,1024.3,77,77,77,0,0,0,90,90,90,1790512546
27.09 12:40,22.5,22.5,22.5,41.7,41.7,41.7,18.8,18.8,18.8,18.8,18.8,18.8,16.8,16.8,16.8,41.0,41.0,41.0,18.0,18.0,18.0,1024.3,1024.3,1024.3,78,78,78,0,0,0,90,90,90,1790512846
27.09 12:45,21.5,21.5,21.5,41.7,41.7,41.7,18.8,18.8,18.8,18.8,18.8,18.8,16.8,16.8,16.8,41.0,41.0,41.0,17.5,17.5,17.5,1024.2,1024.2,1024.2,76,76,76,0,0,0,90,90,90,1790513146
27.09 12:49,21.0,21.0,21.0,41.7,41.7,41.7,18.8,18.8,18.8,18.8,18.8,18.8,16.8,16.8,16.8,41.2,41.2,41.2,18.0,18.0,18.0,1024.2,1024.2,1024.2, 0, 0, 0,0,0,0,90,90,90,1790513386
27.09 12:50,21.0,21.0,21.0,41.7,41.7,41.7,18.8,18.8,18.8,18.8,18.8,18.8,17.0,17.0,17.0,41.2,41.2,41.2,18.0,18.0,18.0,1024.2,1024.2,1024.2,76,76,76,0,0,0,90,90,90,1790513446
27.09 12:55,21.5,21.5,21.5,41.7,41.7,41.7,18.8,18.8,18.8,18.8,18.8,18.8,17.0,17.0,17.0,41.5,41.5,41.5,17.5,17.5,17.5,1024.1,1024.1,1024.1,75,75,75,0,0,0,90,90,90,1790513746
27.09 13:00,21.5,21.5,21.5,41.7,41.7,41.7,18.8,18.8,18.8,18.8,18.8,18.8,17.0,17.0,17.0,42.0,42.0,42.0,17.5,17.5,17.5,1024.1,1024.1,1024.1,74,74,74,0,0,0,90,90,90,1790514046
27.09 13:08,21.5,21.5,21.5,41.5,41.5,41.5,19.0,19.0,19.0,19.0,19.0,19.0,17.0,17.0,17.0,42.5,42.5,42.5,18.0,18.0,18.0,1024.0,1024.0,1024.0, 0, 0, 0,0,0,0,90,90,90,1790514526
27.09 13:09,21.5,21.5,21.5,41.5,41.5,41.5,19.0,19.0,19.0,19.0,19.0,19.0,17.0,17.0,17.0,42.5,42.5,42.5,18.0,18.0,18.0,1024.1,1024.1,1024.1,72,72,72,0,0,0,90,90,90,1790514586
27.09 13:15,22.5,22.5,22.5,41.5,41.5,41.5,19.0,19.0,19.0,19.0,19.0,19.0,17.2,17.2,17.2,43.0,43.0,43.0,18.0,18.0,18.0,1024.0,1024.0,1024.0,73,73,73,0,0,0,90,90,90,1790514946
27.09 13:24,22.0,22.0,22.0,41.5,41.5,41.5,19.3,19.3,19.3,19.3,19.3,19.3,17.2,17.2,17.2,43.3,43.3,43.3,17.5,17.5,17.5,1024.0,1024.0,1024.0,69,69,69,0,0,0,90,90,90,1790515486
27.09 13:28,22.5,22.5,22.5,41.5,41.5,41.5,19.3,19.3,19.3,19.3,19.3,19.3,17.2,17.2,17.2,43.5,43.5,43.5,17.5,17.5,17.5,1024.0,1024.0,1024.0,72,72,72,0,0,0,90,90,90,1790515726
27.09 13:33,23.0,23.0,23.0,41.2,41.2,41.2,19.3,19.3,19.3,19.3,19.3,19.3,17.2,17.2,17.2,44.0,44.0,44.0,17.5,17.5,17.5,1023.9,1023.9,1023.9,74,74,74,0,0,0,90,90,90,1790516026
27.09 13:39,23.0,23.0,23.0,41.2,41.2,41.2,19.5,19.5,19.5,19.5,19.5,19.5,17.2,17.2,17.2,44.0,44.0,44.0,18.0,18.0,18.0,1023.9,1023.9,1023.9,70,70,70,0,0,0,90,90,90,1790516386
27.09 13:55,22.0,22.0,22.0,41.2,41.2,41.2,19.8,19.8,19.8,19.8,19.8,19.8,17.5,17.5,17.5,44.7,44.7,44.7,18.0,18.0,18.0,1023.8,1023.8,1023.8,69,69,69,0,0,0,90,90,90,1790517346
27.09 13:57,23.0,23.0,23.0,41.2,41.2,41.2,19.8,19.8,19.8,19.8,19.8,19.8,17.5,17.5,17.5,44.7,44.7,44.7,17.5,17.5,17.5,1023.8,1023.8,1023.8,69,69,69,0,0,0,90,90,90,1790517466
27.09 14:06,22.5,22.5,22.5,41.0,41.0,41.0,19.8,19.8,19.8,19.8,19.8,19.8,17.5,17.5,17.5,45.5,45.5,45.5,17.5,17.5,17.5,1023.7,1023.7,1023.7,70,70,70,0,0,0,90,90,90,1790518006
27.09 14:13,22.5,22.5,22.5,41.0,41.0,41.0,19.8,19.8,19.8,19.8,19.8,19.8,17.5,17.5,17.5,45.8,45.8,45.8,17.5,17.5,17.5,1023.7,1023.7,1023.7,70,70,70,0,0,0,90,90,90,1790518426
27.09 14:24,23.5,23.5,23.5,40.8,40.8,40.8,19.8,19.8,19.8,19.8,19.8,19.8,17.8,17.8,17.8,46.2,46.2,46.2,18.0,18.0,18.0,1023.7,1023.7,1023.7,71,71,71,0,0,0,90,90,90,1790519086
27.09 14:33,23.0,23.0,23.0,40.2,40.2,40.2,19.8,19.8,19.8,19.8,19.8,19.8,17.8,17.8,17.8,46.7,46.7,46.7,18.0,18.0,18.0,1023.6,1023.6,1023.6, 0, 0, 0,0,0,0,90,90,90,1790519627
27.09 14:34,23.0,23.0,23.0,40.2,40.2,40.2,19.5,19.5,19.5,19.5,19.5,19.5,17.8,17.8,17.8,46.7,46.7,46.7,18.0,18.0,18.0,1023.6,1023.6,1023.6,67,67,67,0,0,0,90,90,90,1790519687
27.09 14:41,23.0,23.0,23.0,40.0,40.0,40.0,19.5,19.5,19.5,19.5,19.5,19.5,17.8,17.8,17.8,47.2,47.2,47.2,18.0,18.0,18.0,1023.6,1023.6,1023.6,70,70,70,0,0,0,90,90,90,1790520107
27.09 14:47,23.0,23.0,23.0,39.7,39.7,39.7,19.5,19.5,19.5,19.5,19.5,19.5,17.8,17.8,17.8,47.7,47.7,47.7,18.0,18.0,18.0,1023.5,1023.5,1023.5,71,71,71,0,0,0,90,90,90,1790520462
27.09 14:58,23.0,23.0,23.0,39.0,39.0,39.0,19.5,19.5,19.5,19.5,19.5,19.5,17.8,17.8,17.8,48.3,48.3,48.3,18.0,18.0,18.0,1023.5,1023.5,1023.5,70,70,70,0,0,0,90,90,90,1790521122
27.09 15:06,23.5,23.5,23.5,38.5,38.5,38.5,19.5,19.5,19.5,19.5,19.5,19.5,17.8,17.8,17.8,48.3,48.3,48.3,18.0,18.0,18.0,1023.4,1023.4,1023.4, 0, 0, 0,0,0,0,90,90,90,1790521602
27.09 15:07,23.5,23.5,23.5,38.2,38.2,38.2,19.5,19.5,19.5,19.5,19.5,19.5,17.8,17.8,17.8,48.3,48.3,48.3,18.0,18.0,18.0,1023.4,1023.4,1023.4,70,70,70,0,0,0,90,90,90,1790521662
27.09 15:15,23.0,23.0,23.0,37.7,37.7,37.7,19.5,19.5,19.5,19.5,19.5,19.5,17.8,17.8,17.8,48.7,48.7,48.7,18.0,18.0,18.0,1023.4,1023.4,1023.4,68,68,68,0,0,0,90,90,90,1790522142
27.09 15:26,23.0,23.0,23.0,36.7,36.7,36.7,19.5,19.5,19.5,19.5,19.5,19.5,17.8,17.8,17.8,48.3,48.3,48.3,18.0,18.0,18.0,1023.4,1023.4,1023.4,68,68,68,0,0,0,90,90,90,1790522802
27.09 15:31,23.5,23.5,23.5,36.2,36.2,36.2,19.5,19.5,19.5,19.5,19.5,19.5,17.8,17.8,17.8,48.0,48.0,48.0,18.0,18.0,18.0,1023.3,1023.3,1023.3,69,69,69,0,0,0,90,90,90,1790523102
27.09 15:37,22.5,22.5,22.5,35.5,35.5,35.5,19.5,19.5,19.5,19.5,19.5,19.5,17.8,17.8,17.8,47.5,47.5,47.5,18.0,18.0,18.0,1023.3,1023.3,1023.3,70,70,70,0,0,0,90,90,90,1790523462
27.09 15:42,23.5,23.5,23.5,35.2,35.2,35.2,19.5,19.5,19.5,19.5,19.5,19.5,17.8,17.8,17.8,47.2,47.2,47.2,18.0,18.0,18.0,1023.3,1023.3,1023.3,70,70,70,0,0,0,90,90,90,1790523762
27.09 15:51,23.0,23.0,23.0,34.2,34.2,34.2,19.3,19.3,19.3,19.3,19.3,19.3,17.8,17.8,17.8,47.0,47.0,47.0,18.0,18.0,18.0,1023.3,1023.3,1023.3,71,71,71,0,0,0,90,90,90,1790524302
27.09 15:59,23.0,23.0,23.0,33.7,33.7,33.7,19.3,19.3,19.3,19.3,19.3,19.3,17.8,17.8,17.8,47.0,47.0,47.0,18.0,18.0,18.0,1023.3,1023.3,1023.3,71,71,71,0,0,0,90,90,90,1790524782
27.09 16:13,23.0,23.0,23.0,32.7,32.7,32.7,19.3,19.3,19.3,19.3,19.3,19.3,17.8,17.8,17.8,46.7,46.7,46.7,18.0,18.0,18.0,1023.3,1023.3,1023.3,70,70,70,0,0,0,90,90,90,1790525622
27.09 16:20,23.0,23.0,23.0,32.5,32.5,32.5,19.3,19.3,19.3,19.3,19.3,19.3,17.8,17.8,17.8,46.7,46.7,46.7,18.0,18.0,18.0,1023.3,1023.3,1023.3,72,72,72,0,0,0,90,90,90,1790526042
27.09 16:42,23.0,23.0,23.0,31.5,31.5,31.5,19.3,19.3,19.3,19.3,19.3,19.3,17.8,17.8,17.8,46.5,46.5,46.5,18.0,18.0,18.0,1023.3,1023.3,1023.3,74,74,74,0,0,0,90,90,90,1790527362
27.09 17:15,23.0,23.0,23.0,30.5,30.5,30.5,19.0,19.0,19.0,19.0,19.0,19.0,17.8,17.8,17.8,46.7,46.7,46.7,18.0,18.0,18.0,1023.2,1023.2,1023.2,75,75,75,0,0,0,90,90,90,1790529342
27.09 17:17,22.5,22.5,22.5,30.5,30.5,30.5,19.0,19.0,19.0,19.0,19.0,19.0,17.8,17.8,17.8,46.7,46.7,46.7,18.0,18.0,18.0,1023.2,1023.2,1023.2, 0, 0, 0,0,0,0,90,90,90,1790529462
27.09 17:18,22.5,22.5,22.5,30.5,30.5,30.5,19.0,19.0,19.0,19.0,19.0,19.0,17.8,17.8,17.8,46.7,46.7,46.7,18.0,18.0,18.0,1023.2,1023.2,1023.2,75,75,75,0,0,0,90,90,90,1790529522
27.09 17:26,23.0,23.0,23.0,30.3,30.3,30.3,19.0,19.0,19.0,19.0,19.0,19.0,17.8,17.8,17.8,46.7,46.7,46.7,18.0,18.0,18.0,1023.1,1023.1,1023.1,76,76,76,0,0,0,90,90,90,1790530003
27.09 17:37,22.5,22.5,22.5,30.0,30.0,30.0,19.0,19.0,19.0,19.0,19.0,19.0,17.8,17.8,17.8,46.5,46.5,46.5,18.0,18.0,18.0,1023.2,1023.2,1023.2,77,77,77,0,0,0,90,90,90,1790530663
27.09 17:53,22.0,22.0,22.0,29.8,29.8,29.8,18.8,18.8,18.8,18.8,18.8,18.8,17.5,17.5,17.5,46.0,46.0,46.0,18.0,18.0,18.0,1023.2,1023.2,1023.2,81,81,81,0,0,0,90,90,90,1790531623
27.09 18:04,21.5,21.5,21.5,29.5,29.5,29.5,18.8,18.8,18.8,18.8,18.8,18.8,17.5,17.5,17.5,45.5,45.5,45.5,18.0,18.0,18.0,1023.2,1023.2,1023.2,82,82,82,0,0,0,90,90,90,1790532283
27.09 18:09,21.0,21.0,21.0,29.3,29.3,29.3,18.8,18.8,18.8,18.8,18.8,18.8,17.5,17.5,17.5,45.2,45.2,45.2,18.0,18.0,18.0,1023.3,1023.3,1023.3,83,83,83,0,0,0,90,90,90,1790532583
27.09 18:15,20.5,20.5,20.5,29.3,29.3,29.3,18.8,18.8,18.8,18.8,18.8,18.8,17.5,17.5,17.5,45.0,45.0,45.0,18.0,18.0,18.0,1023.3,1023.3,1023.3, 0, 0, 0,0,0,0,90,90,90,1790532943
27.09 18:16,20.5,20.5,20.5,29.3,29.3,29.3,18.8,18.8,18.8,18.8,18.8,18.8,17.5,17.5,17.5,45.0,45.0,45.0,18.0,18.0,18.0,1023.3,1023.3,1023.3,84,84,84,0,0,0,90,90,90,1790533003
27.09 18:34,19.5,19.5,19.5,28.7,28.7,28.7,18.5,18.5,18.5,18.5,18.5,18.5,17.2,17.2,17.2,44.5,44.5,44.5,18.0,18.0,18.0,1023.3,1023.3,1023.3,87,87,87,0,0,0,90,90,90,1790534083
27.09 18:48,19.0,19.0,19.0,28.3,28.3,28.3,18.5,18.5,18.5,18.5,18.5,18.5,17.0,17.0,17.0,44.2,44.2,44.2,18.0,18.0,18.0,1023.4,1023.4,1023.4,88,88,88,0,0,0,90,90,90,1790534923
27.09 19:01,18.5,18.5,18.5,28.0,28.0,28.0,18.5,18.5,18.5,18.5,18.5,18.5,17.0,17.0,17.0,44.0,44.0,44.0,18.0,18.0,18.0,1023.4,1023.4,1023.4,89,89,89,0,0,0,90,90,90,1790535703
27.09 19:14,18.0,18.0,18.0,27.0,27.0,27.0,18.3,18.3,18.3,18.3,18.3,18.3,16.8,16.8,16.8,43.7,43.7,43.7,17.5,17.5,17.5,1023.4,1023.4,1023.4,89,89,89,0,0,0,90,90,90,1790536483
27.09 19:30,17.0,17.0,17.0,26.2,26.2,26.2,18.3,18.3,18.3,18.3,18.3,18.3,16.8,16.8,16.8,43.7,43.7,43.7,18.0,18.0,18.0,1023.4,1023.4,1023.4,90,90,90,0,0,0,90,90,90,1790537443
27.09 19:36,17.0,17.0,17.0,26.0,26.0,26.0,18.0,18.0,18.0,18.0,18.0,18.0,16.8,16.8,16.8,43.5,43.5,43.5,18.0,18.0,18.0,1023.5,1023.5,1023.5,90,90,90,0,0,0,90,90,90,1790537803
27.09 19:41,17.0,17.0,17.0,25.8,25.8,25.8,18.0,18.0,18.0,18.0,18.0,18.0,16.8,16.8,16.8,43.5,43.5,43.5,18.0,18.0,18.0,1023.6,1023.6,1023.6,91,91,91,0,0,0,90,90,90,1790538103
27.09 19:50,16.5,16.5,16.5,25.5,25.5,25.5,18.0,18.0,18.0,18.0,18.0,18.0,16.5,16.5,16.5,43.5,43.5,43.5,18.0,18.0,18.0,1023.6,1023.6,1023.6, 0, 0, 0,0,0,0,90,90,90,1790538643
27.09 19:51,16.5,16.5,16.5,25.5,25.5,25.5,18.0,18.0,18.0,18.0,18.0,18.0,16.5,16.5,16.5,43.5,43.5,43.5,18.0,18.0,18.0,1023.6,1023.6,1023.6,92,92,92,0,0,0,90,90,90,1790538703
27.09 19:59,16.0,16.0,16.0,25.0,25.0,25.0,18.0,18.0,18.0,18.0,18.0,18.0,16.5,16.5,16.5,43.5,43.5,43.5,18.0,18.0,18.0,1023.7,1023.7,1023.7,93,93,93,0,0,0,90,90,90,1790539183
27.09 20:05,16.0,16.0,16.0,24.7,24.7,24.7,17.8,17.8,17.8,17.8,17.8,17.8,16.5,16.5,16.5,43.5,43.5,43.5,18.0,18.0,18.0,1023.7,1023.7,1023.7,93,93,93,0,0,0,90,90,90,1790539543
27.09 20:09,15.5,15.5,15.5,24.7,24.7,24.7,17.8,17.8,17.8,17.8,17.8,17.8,16.3,16.3,16.3,43.3,43.3,43.3,17.5,17.5,17.5,1023.8,1023.8,1023.8,93,93,93,0,0,0,90,90,90,1790539783
27.09 20:30,14.5,14.5,14.5,24.0,24.0,24.0,17.8,17.8,17.8,17.8,17.8,17.8,16.3,16.3,16.3,43.3,43.3,43.3,17.5,17.5,17.5,1023.8,1023.8,1023.8,95,95,95,0,0,0,90,90,90,1790541043
27.09 20:42,14.5,14.5,14.5,23.7,23.7,23.7,17.5,17.5,17.5,17.5,17.5,17.5,16.0,16.0,16.0,43.0,43.0,43.0,17.5,17.5,17.5,1023.9,1023.9,1023.9,95,95,95,0,0,0,90,90,90,1790541763
27.09 20:55,14.5,14.5,14.5,23.5,23.5,23.5,17.5,17.5,17.5,17.5,17.5,17.5,16.0,16.0,16.0,43.0,43.0,43.0,17.5,17.5,17.5,1023.9,1023.9,1023.9,95,95,95,0,0,0,90,90,90,1790542544
27.09 21:09,14.0,14.0,14.0,23.3,23.3,23.3,17.2,17.2,17.2,17.2,17.2,17.2,15.8,15.8,15.8,43.0,43.0,43.0,17.5,17.5,17.5,1024.0,1024.0,1024.0,95,95,95,0,0,0,90,90,90,1790543384
27.09 21:23,14.0,14.0,14.0,23.0,23.0,23.0,17.2,17.2,17.2,17.2,17.2,17.2,15.8,15.8,15.8,42.7,42.7,42.7,17.5,17.5,17.5,1024.1,1024.1,1024.1,96,96,96,0,0,0,90,90,90,1790544224
27.09 21:34,14.5,14.5,14.5,22.8,22.8,22.8,17.0,17.0,17.0,17.0,17.0,17.0,15.8,15.8,15.8,42.7,42.7,42.7,17.5,17.5,17.5,1024.1,1024.1,1024.1,96,96,96,0,0,0,90,90,90,1790544884
27.09 21:43,14.5,14.5,14.5,22.8,22.8,22.8,17.0,17.0,17.0,17.0,17.0,17.0,15.5,15.5,15.5,42.7,42.7,42.7,17.5,17.5,17.5,1024.2,1024.2,1024.2,96,96,96,0,0,0,90,90,90,1790545424
27.09 22:28,14.5,14.5,14.5,22.2,22.2,22.2,16.5,16.5,16.5,16.5,16.5,16.5,15.3,15.3,15.3,42.2,42.2,42.2,17.5,17.5,17.5,1024.2,1024.2,1024.2,95,95,95,0,0,0,90,90,90,1790548124
27.09 22:48,14.5,14.5,14.5,22.0,22.0,22.0,16.3,16.3,16.3,16.3,16.3,16.3,15.0,15.0,15.0,42.0,42.0,42.0,17.5,17.5,17.5,1024.2,1024.2,1024.2, 0, 0, 0,0,0,0,90,90,90,1790549324
27.09 22:49,14.5,14.5,14.5,22.0,22.0,22.0,16.3,16.3,16.3,16.3,16.3,16.3,15.0,15.0,15.0,42.0,42.0,42.0,17.5,17.5,17.5,1024.2,1024.2,1024.2,95,95,95,0,0,0,90,90,90,1790549384
27.09 23:31,14.0,14.0,14.0,21.8,21.8,21.8,16.0,16.0,16.0,16.0,16.0,16.0,14.7,14.7,14.7,41.7,41.7,41.7,17.5,17.5,17.5,1024.3,1024.3,1024.3,95,95,95,0,0,0,90,90,90,1790551904
27.09 23:56,13.0,13.0,13.0,21.5,21.5,21.5,15.8,15.8,15.8,15.8,15.8,15.8,14.5,14.5,14.5,41.2,41.2,41.2,17.5,17.5,17.5,1024.2,1024.2,1024.2,94,94,94,0,0,0,90,90,90,1790553405
28.09 00:01,13.0,13.0,13.0,21.5,21.5,21.5,15.8,15.8,15.8,15.8,15.8,15.8,14.5,14.5,14.5,41.2,41.2,41.2,17.5,17.5,17.5,1024.3,1024.3,1024.3,94,94,94,0,0,0,90,90,90,1790553705
28.09 00:13,12.0,12.0,12.0,21.2,21.2,21.2,15.5,15.5,15.5,15.5,15.5,15.5,14.5,14.5,14.5,41.2,41.2,41.2,17.5,17.5,17.5,1024.3,1024.3,1024.3,95,95,95,0,0,0,90,90,90,1790554425
28.09 00:27,12.0,12.0,12.0,21.2,21.2,21.2,15.3,15.3,15.3,15.5,15.5,15.5,14.3,14.3,14.3,41.0,41.0,41.0,17.5,17.5,17.5,1024.3,1024.3,1024.3,95,95,95,0,0,0,90,90,90,1790555265
28.09 00:35,12.0,12.0,12.0,21.0,21.0,21.0,15.3,15.3,15.3,15.3,15.3,15.3,14.3,14.3,14.3,41.0,41.0,41.0,17.5,17.5,17.5,1024.3,1024.3,1024.3,96,96,96,0,0,0,90,90,90,1790555745
28.09 00:45,12.0,12.0,12.0,21.0,21.0,21.0,15.3,15.3,15.3,15.3,15.3,15.3,14.3,14.3,14.3,41.0,41.0,41.0,17.5,17.5,17.5,1024.4,1024.4,1024.4,96,96,96,0,0,0,90,90,90,1790556345
28.09 01:11,13.0,13.0,13.0,20.8,20.8,20.8,15.0,15.0,15.0,15.0,15.0,15.0,14.0,14.0,14.0,40.8,40.8,40.8,17.5,17.5,17.5,1024.4,1024.4,1024.4,96,96,96,0,0,0,90,90,90,1790557905
28.09 01:34,12.0,12.0,12.0,20.8,20.8,20.8,14.7,14.7,14.7,14.7,14.7,14.7,13.8,13.8,13.8,40.5,40.5,40.5,17.5,17.5,17.5,1024.4,1024.4,1024.4,95,95,95,0,0,0,90,90,90,1790559285
28.09 02:05,12.0,12.0,12.0,20.5,20.5,20.5,14.5,14.5,14.5,14.5,14.5,14.5,13.5,13.5,13.5,40.2,40.2,40.2,17.5,17.5,17.5,1024.3,1024.3,1024.3,96,96,96,0,0,0,90,90,90,1790561145
28.09 02:14,11.0,11.0,11.0,20.5,20.5,20.5,14.3,14.3,14.3,14.3,14.3,14.3,13.5,13.5,13.5,40.2,40.2,40.2,17.5,17.5,17.5,1024.3,1024.3,1024.3,95,95,95,0,0,0,90,90,90,1790561685
28.09 02:21,11.0,11.0,11.0,20.3,20.3,20.3,14.3,14.3,14.3,14.3,14.3,14.3,13.5,13.5,13.5,40.2,40.2,40.2,17.5,17.5,17.5,1024.3,1024.3,1024.3,96,96,96,0,0,0,90,90,90,1790562105
28.09 02:34,12.0,12.0,12.0,20.3,20.3,20.3,14.0,14.0,14.0,14.0,14.0,14.0,13.3,13.3,13.3,40.0,40.0,40.0,17.5,17.5,17.5,1024.3,1024.3,1024.3,96,96,96,0,0,0,90,90,90,1790562885
28.09 02:39,11.0,11.0,11.0,20.3,20.3,20.3,14.0,14.0,14.0,14.0,14.0,14.0,13.3,13.3,13.3,40.0,40.0,40.0,17.5,17.5,17.5,1024.3,1024.3,1024.3,95,95,95,0,0,0,90,90,90,1790563185
28.09 02:58,10.5,10.5,10.5,20.3,20.3,20.3,13.8,13.8,13.8,13.8,13.8,13.8,13.3,13.3,13.3,39.7,39.7,39.7,17.5,17.5,17.5,1024.4,1024.4,1024.4,96,96,96,0,0,0,90,90,90,1790564325
28.09 03:01,11.0,11.0,11.0,20.0,20.0,20.0,13.8,13.8,13.8,13.8,13.8,13.8,13.3,13.3,13.3,39.7,39.7,39.7,17.5,17.5,17.5,1024.4,1024.4,1024.4,96,96,96,0,0,0,90,90,90,1790564505
28.09 03:24,11.5,11.5,11.5,20.0,20.0,20.0,13.5,13.5,13.5,13.5,13.5,13.5,13.0,13.0,13.0,39.5,39.5,39.5,17.5,17.5,17.5,1024.4,1024.4,1024.4,96,96,96,0,0,0,90,90,90,1790565886
28.09 03:42,10.5,10.5,10.5,20.0,20.0,20.0,13.5,13.5,13.5,13.5,13.5,13.5,12.8,12.8,12.8,39.5,39.5,39.5,17.5,17.5,17.5,1024.4,1024.4,1024.4,95,95,95,0,0,0,90,90,90,1790566966
28.09 04:19,11.0,11.0,11.0,19.8,19.8,19.8,13.0,13.0,13.0,13.0,13.0,13.0,12.5,12.5,12.5,39.2,39.2,39.2,17.5,17.5,17.5,1024.3,1024.3,1024.3,96,96,96,0,0,0,90,90,90,1790569186
28.09 04:24,11.0,11.0,11.0,19.5,19.5,19.5,13.0,13.0,13.0,13.0,13.0,13.0,12.5,12.5,12.5,39.0,39.0,39.0,17.5,17.5,17.5,1024.3,1024.3,1024.3, 0, 0, 0,0,0,0,90,90,90,1790569486
28.09 04:25,11.0,11.0,11.0,19.5,19.5,19.5,13.0,13.0,13.0,13.0,13.0,13.0,12.5,12.5,12.5,39.0,39.0,39.0,17.5,17.5,17.5,1024.4,1024.4,1024.4,96,96,96,0,0,0,90,90,90,1790569546
28.09 04:27,10.5,10.5,10.5,19.5,19.5,19.5,13.0,13.0,13.0,13.0,13.0,13.0,12.5,12.5,12.5,39.0,39.0,39.0,17.5,17.5,17.5,1024.3,1024.3,1024.3, 0, 0, 0,0,0,0,90,90,90,1790569666
28.09 04:28,10.5,10.5,10.5,19.5,19.5,19.5,13.0,13.0,13.0,13.0,13.0,13.0,12.5,12.5,12.5,39.0,39.0,39.0,17.5,17.5,17.5,1024.3,1024.3,1024.3,95,95,95,0,0,0,90,90,90,1790569726
28.09 04:52,10.5,10.5,10.5,19.5,19.5,19.5,12.8,12.8,12.8,12.8,12.8,12.8,12.2,12.2,12.2,39.0,39.0,39.0,17.5,17.5,17.5,1024.4,1024.4,1024.4, 0, 0, 0,0,0,0,90,90,90,1790571166
28.09 04:53,10.5,10.5,10.5,19.5,19.5,19.5,12.8,12.8,12.8,12.8,12.8,12.8,12.2,12.2,12.2,39.0,39.0,39.0,17.5,17.5,17.5,1024.3,1024.3,1024.3,96,96,96,0,0,0,90,90,90,1790571226
28.09 05:03,10.5,10.5,10.5,19.5,19.5,19.5,12.8,12.8,12.8,12.8,12.8,12.8,12.2,12.2,12.2,38.7,38.7,38.7,17.5,17.5,17.5,1024.4,1024.4,1024.4,96,96,96,0,0,0,90,90,90,1790571826
28.09 05:13,10.5,10.5,10.5,19.3,19.3,19.3,12.5,12.5,12.5,12.5,12.5,12.5,12.2,12.2,12.2,38.7,38.7,38.7,17.5,17.5,17.5,1024.4,1024.4,1024.4,96,96,96,0,0,0,90,90,90,1790572426
28.09 05:25,9.5,9.5,9.5,19.3,19.3,19.3,12.5,12.5,12.5,12.5,12.5,12.5,12.0,12.0,12.0,38.5,38.5,38.5,17.5,17.5,17.5,1024.4,1024.4,1024.4,95,95,95,0,0,0,90,90,90,1790573146
28.09 05:31,9.5,9.5,9.5,19.3,19.3,19.3,12.5,12.5,12.5,12.5,12.5,12.5,12.0,12.0,12.0,38.5,38.5,38.5,17.5,17.5,17.5,1024.5,1024.5,1024.5,96,96,96,0,0,0,90,90,90,1790573506
28.09 05:42,10.5,10.5,10.5,19.3,19.3,19.3,12.2,12.2,12.2,12.2,12.2,12.2,12.0,12.0,12.0,38.5,38.5,38.5,17.5,17.5,17.5,1024.5,1024.5,1024.5,96,96,96,0,0,0,90,90,90,1790574166
28.09 05:51,10.5,10.5,10.5,19.0,19.0,19.0,12.2,12.2,12.2,12.2,12.2,12.2,11.8,11.8,11.8,38.5,38.5,38.5,17.5,17.5,17.5,1024.4,1024.4,1024.4,96,96,96,0,0,0,90,90,90,1790574706
28.09 06:03,10.0,10.0,10.0,19.0,19.0,19.0,12.0,12.0,12.0,12.0,12.0,12.0,11.8,11.8,11.8,38.2,38.2,38.2,17.5,17.5,17.5,1024.4,1024.4,1024.4,95,95,95,0,0,0,90,90,90,1790575426
28.09 06:16,10.0,10.0,10.0,19.0,19.0,19.0,12.0,12.0,12.0,12.0,12.0,12.0,11.8,11.8,11.8,38.2,38.2,38.2,17.5,17.5,17.5,1024.4,1024.4,1024.4,95,95,95,0,0,0,90,90,90,1790576206
28.09 06:37,9.5,9.5,9.5,19.0,19.0,19.0,11.8,11.8,11.8,11.8,11.8,11.8,11.5,11.5,11.5,38.2,38.2,38.2,17.0,17.0,17.0,1024.5,1024.5,1024.5,95,95,95,0,0,0,90,90,90,1790577467
28.09 06:47,9.5,9.5,9.5,18.8,18.8,18.8,11.8,11.8,11.8,11.8,11.8,11.8,11.5,11.5,11.5,38.2,38.2,38.2,17.5,17.5,17.5,1024.5,1024.5,1024.5,95,95,95,0,0,0,90,90,90,1790578067
28.09 06:53,9.5,9.5,9.5,18.8,18.8,18.8,11.8,11.8,11.8,11.8,11.8,11.8,11.5,11.5,11.5,38.2,38.2,38.2,17.5,17.5,17.5,1024.6,1024.6,1024.6,96,96,96,0,0,0,90,90,90,1790578427
28.09 07:03,10.5,10.5,10.5,18.8,18.8,18.8,11.8,11.8,11.8,11.8,11.8,11.8,11.5,11.5,11.5,38.2,38.2,38.2,17.5,17.5,17.5,1024.6,1024.6,1024.6,96,96,96,0,0,0,90,90,90,1790579027
28.09 07:10,9.5,9.5,9.5,18.8,18.8,18.8,11.8,11.8,11.8,11.8,11.8,11.8,11.5,11.5,11.5,38.2,38.2,38.2,17.5,17.5,17.5,1024.7,1024.7,1024.7,96,96,96,0,0,0,90,90,90,1790579447
28.09 07:20,10.5,10.5,10.5,18.8,18.8,18.8,11.5,11.5,11.5,11.5,11.5,11.5,11.5,11.5,11.5,38.2,38.2,38.2,17.5,17.5,17.5,1024.7,1024.7,1024.7,96,96,96,0,0,0,90,90,90,1790580047
28.09 07:39,11.5,11.5,11.5,18.8,18.8,18.8,11.5,11.5,11.5,11.5,11.5,11.5,11.5,11.5,11.5,38.7,38.7,38.7,17.5,17.5,17.5,1024.7,1024.7,1024.7,97,97,97,0,0,0,90,90,90,1790581187
28.09 07:50,12.0,12.0,12.0,18.8,18.8,18.8,11.5,11.5,11.5,11.5,11.5,11.5,11.5,11.5,11.5,39.5,39.5,39.5,17.5,17.5,17.5,1024.8,1024.8,1024.8,97,97,97,0,0,0,90,90,90,1790581847
28.09 08:02,12.0,12.0,12.0,18.8,18.8,18.8,11.5,11.5,11.5,11.5,11.5,11.5,11.5,11.5,11.5,40.5,40.5,40.5,17.5,17.5,17.5,1024.8,1024.8,1024.8,99,99,99,0,0,0,90,90,90,1790582567
28.09 08:04,13.0,13.0,13.0,18.8,18.8,18.8,11.5,11.5,11.5,11.5,11.5,11.5,11.5,11.5,11.5,40.5,40.5,40.5,17.5,17.5,17.5,1024.8,1024.8,1024.8,99,99,99,0,0,0,90,90,90,1790582687
28.09 08:18,13.5,13.5,13.5,18.5,18.5,18.5,11.5,11.5,11.5,11.5,11.5,11.5,11.5,11.5,11.5,41.5,41.5,41.5,17.5,17.5,17.5,1024.9,1024.9,1024.9,99,99,99,0,0,0,90,90,90,1790583527
28.09 08:24,13.5,13.5,13.5,18.5,18.5,18.5,11.5,11.5,11.5,11.5,11.5,11.5,11.5,11.5,11.5,41.7,41.7,41.7,17.5,17.5,17.5,1024.9,1024.9,1024.9,99,99,99,0,0,0,90,90,90,1790583887
28.09 08:30,14.0,14.0,14.0,18.5,18.5,18.5,11.5,11.5,11.5,11.5,11.5,11.5,11.8,11.8,11.8,42.0,42.0,42.0,17.5,17.5,17.5,1025.0,1025.0,1025.0,99,99,99,0,0,0,90,90,90,1790584247
28.09 08:43,14.5,14.5,14.5,18.5,18.5,18.5,11.5,11.5,11.5,11.5,11.5,11.5,11.8,11.8,11.8,42.5,42.5,42.5,17.5,17.5,17.5,1025.1,1025.1,1025.1,98,98,98,0,0,0,90,90,90,1790585027
28.09 08:57,15.0,15.0,15.0,18.3,18.3,18.3,11.5,11.5,11.5,11.5,11.5,11.5,12.0,12.0,12.0,43.3,43.3,43.3,17.5,17.5,17.5,1025.1,1025.1,1025.1,98,98,98,0,0,0,90,90,90,1790585867
28.09 09:01,15.5,15.5,15.5,18.3,18.3,18.3,11.5,11.5,11.5,11.5,11.5,11.5,12.0,12.0,12.0,43.5,43.5,43.5,17.5,17.5,17.5,1025.1,1025.1,1025.1, 0, 0, 0,0,0,0,90,90,90,1790586107
28.09 09:02,16.0,16.0,16.0,18.3,18.3,18.3,11.5,11.5,11.5,11.5,11.5,11.5,12.0,12.0,12.0,43.5,43.5,43.5,17.5,17.5,17.5,1025.1,1025.1,1025.1,98,98,98,0,0,0,90,90,90,1790586167
28.09 09:12,16.0,16.0,16.0,18.3,18.3,18.3,11.5,11.5,11.5,11.5,11.5,11.5,12.0,12.0,12.0,44.5,44.5,44.5,17.5,17.5,17.5,1025.2,1025.2,1025.2,97,97,97,0,0,0,90,90,90,1790586767
28.09 09:21,16.0,16.0,16.0,18.3,18.3,18.3,11.5,11.5,11.5,11.5,11.5,11.5,12.0,12.0,12.0,45.5,45.5,45.5,17.5,17.5,17.5,1025.1,1025.1,1025.1,96,96,96,0,0,0,90,90,90,1790587307
28.09 09:29,16.5,16.5,16.5,18.3,18.3,18.3,11.5,11.5,11.5,11.5,11.5,11.5,12.2,12.2,12.2,46.5,46.5,46.5,17.0,17.0,17.0,1025.1,1025.1,1025.1,95,95,95,0,0,0,90,90,90,1790587787
28.09 09:36,17.5,17.5,17.5,18.3,18.3,18.3,11.8,11.8,11.8,11.8,11.8,11.8,12.2,12.2,12.2,47.2,47.2,47.2,17.5,17.5,17.5,1025.1,1025.1,1025.1,95,95,95,0,0,0,90,90,90,1790588208
28.09 09:43,18.0,18.0,18.0,18.3,18.3,18.3,11.8,11.8,11.8,11.8,11.8,11.8,12.2,12.2,12.2,48.3,48.3,48.3,17.5,17.5,17.5,1025.2,1025.2,1025.2,94,94,94,0,0,0,90,90,90,1790588628
28.09 09:51,18.5,18.5,18.5,18.3,18.3,18.3,11.8,11.8,11.8,11.8,11.8,11.8,12.5,12.5,12.5,49.2,49.2,49.2,17.5,17.5,17.5,1025.1,1025.1,1025.1,94,94,94,0,0,0,90,90,90,1790589108
28.09 10:03,19.0,19.0,19.0,18.5,18.5,18.5,12.0,12.0,12.0,12.0,12.0,12.0,12.5,12.5,12.5,50.2,50.2,50.2,17.5,17.5,17.5,1025.1,1025.1,1025.1,92,92,92,0,0,0,90,90,90,1790589828
28.09 10:12,20.0,20.0,20.0,18.5,18.5,18.5,12.0,12.0,12.0,12.0,12.0,12.0,12.8,12.8,12.8,50.8,50.8,50.8,17.5,17.5,17.5,1025.2,1025.2,1025.2,91,91,91,0,0,0,90,90,90,1790590368
28.09 10:21,20.0,20.0,20.0,18.5,18.5,18.5,12.2,12.2,12.2,12.2,12.2,12.2,12.8,12.8,12.8,51.5,51.5,51.5,17.5,17.5,17.5,1025.2,1025.2,1025.2,91,91,91,0,0,0,90,90,90,1790590908
28.09 10:34,20.0,20.0,20.0,18.8,18.8,18.8,12.5,12.5,12.5,12.5,12.5,12.5,13.0,13.0,13.0,52.2,52.2,52.2,17.5,17.5,17.5,1025.2,1025.2,1025.2,88,88,88,0,0,0,90,90,90,1790591688
28.09 10:36,20.0,20.0,20.0,18.8,18.8,18.8,12.5,12.5,12.5,12.5,12.5,12.5,13.0,13.0,13.0,52.2,52.2,52.2,17.5,17.5,17.5,1025.2,1025.2,1025.2, 0, 0, 0,0,0,0,90,90,90,1790591808
28.09 10:37,20.5,20.5,20.5,18.8,18.8,18.8,12.5,12.5,12.5,12.5,12.5,12.5,13.0,13.0,13.0,52.5,52.5,52.5,17.5,17.5,17.5,1025.2,1025.2,1025.2,89,89,89,0,0,0,90,90,90,1790591868
28.09 10:44,21.0,21.0,21.0,18.8,18.8,18.8,12.8,12.8,12.8,12.8,12.8,12.8,13.3,13.3,13.3,52.7,52.7,52.7,17.5,17.5,17.5,1025.1,1025.1,1025.1,86,86,86,0,0,0,90,90,90,1790592288
28.09 10:58,21.5,21.5,21.5,19.0,19.0,19.0,12.8,12.8,12.8,12.8,12.8,12.8,13.5,13.5,13.5,53.5,53.5,53.5,17.5,17.5,17.5,1025.1,1025.1,1025.1,84,84,84,0,0,0,90,90,90,1790593128
28.09 11:09,21.5,21.5,21.5,19.0,19.0,19.0,13.0,13.0,13.0,13.0,13.0,13.0,13.8,13.8,13.8,54.5,54.5,54.5,17.5,17.5,17.5,1025.1,1025.1,1025.1,82,82,82,0,0,0,90,90,90,1790593788
28.09 11:20,22.0,22.0,22.0,19.0,19.0,19.0,13.3,13.3,13.3,13.3,13.3,13.3,14.0,14.0,14.0,55.2,55.2,55.2,17.5,17.5,17.5,1025.0,1025.0,1025.0,79,79,79,0,0,0,90,90,90,1790594448
28.09 11:25,22.0,22.0,22.0,19.3,19.3,19.3,13.3,13.3,13.3,13.3,13.3,13.3,14.0,14.0,14.0,55.5,55.5,55.5,17.5,17.5,17.5,1024.9,1024.9,1024.9,80,80,80,0,0,0,90,90,90,1790594748
28.09 11:36,22.5,22.5,22.5,18.8,18.8,18.8,13.5,13.5,13.5,13.5,13.5,13.5,14.3,14.3,14.3,56.2,56.2,56.2,17.5,17.5,17.5,1024.9,1024.9,1024.9,79,79,79,0,0,0,90,90,90,1790595408
28.09 12:00,23.0,23.0,23.0,19.0,19.0,19.0,14.0,14.0,14.0,14.0,14.0,14.0,14.7,14.7,14.7,57.2,57.2,57.2,17.5,17.5,17.5,1024.8,1024.8,1024.8,78,78,78,0,0,0,90,90,90,1790596848
28.09 12:19,23.5,23.5,23.5,19.0,19.0,19.0,14.3,14.3,14.3,14.3,14.3,14.3,15.0,15.0,15.0,58.0,58.0,58.0,17.5,17.5,17.5,1024.9,1024.9,1024.9,76,76,76,0,0,0,90,90,90,1790597988
28.09 12:32,24.0,24.0,24.0,19.0,19.0,19.0,14.5,14.5,14.5,14.5,14.5,14.5,15.3,15.3,15.3,59.0,59.0,59.0,17.5,17.5,17.5,1024.9,1024.9,1024.9,76,76,76,0,0,0,90,90,90,1790598768
28.09 12:44,24.0,24.0,24.0,19.0,19.0,19.0,14.7,14.7,14.7,14.7,14.7,14.7,15.5,15.5,15.5,59.7,59.7,59.7,17.5,17.5,17.5,1024.8,1024.8,1024.8,75,75,75,0,0,0,90,90,90,1790599488
28.09 12:53,24.0,24.0,24.0,19.0,19.0,19.0,15.0,15.0,15.0,15.0,15.0,15.0,15.5,15.5,15.5,60.2,60.2,60.2,17.5,17.5,17.5,1024.7,1024.7,1024.7,75,75,75,0,0,0,90,90,90,1790600029
28.09 13:03,24.5,24.5,24.5,19.0,19.0,19.0,15.3,15.3,15.3,15.3,15.3,15.3,15.8,15.8,15.8,61.0,61.0,61.0,17.5,17.5,17.5,1024.7,1024.7,1024.7,76,76,76,0,0,0,90,90,90,1790600629
28.09 13:07,24.5,24.5,24.5,19.0,19.0,19.0,15.3,15.3,15.3,15.3,15.3,15.3,15.8,15.8,15.8,61.0,61.0,61.0,17.5,17.5,17.5,1024.6,1024.6,1024.6,77,77,77,0,0,0,90,90,90,1790600869
28.09 13:09,25.0,25.0,25.0,19.0,19.0,19.0,15.5,15.5,15.5,15.5,15.5,15.5,15.8,15.8,15.8,61.2,61.2,61.2,17.5,17.5,17.5,1024.6,1024.6,1024.6, 0, 0, 0,0,0,0,90,90,90,1790600989
28.09 13:10,24.5,24.5,24.5,19.0,19.0,19.0,15.5,15.5,15.5,15.5,15.5,15.5,15.8,15.8,15.8,61.2,61.2,61.2,17.5,17.5,17.5,1024.6,1024.6,1024.6,76,76,76,0,0,0,90,90,90,1790601049
28.09 13:16,24.5,24.5,24.5,19.0,19.0,19.0,15.5,15.5,15.5,15.5,15.5,15.5,16.0,16.0,16.0,61.5,61.5,61.5,17.5,17.5,17.5,1024.5,1024.5,1024.5,76,76,76,0,0,0,90,90,90,1790601409
28.09 13:23,24.0,24.0,24.0,19.0,19.0,19.0,15.8,15.8,15.8,15.8,15.8,15.8,16.0,16.0,16.0,62.0,62.0,62.0,17.5,17.5,17.5,1024.5,1024.5,1024.5, 0, 0, 0,0,0,0,90,90,90,1790601829
28.09 13:24,24.0,24.0,24.0,19.0,19.0,19.0,15.8,15.8,15.8,15.8,15.8,15.8,16.0,16.0,16.0,62.0,62.0,62.0,17.5,17.5,17.5,1024.5,1024.5,1024.5,74,74,74,0,0,0,90,90,90,1790601889
28.09 13:35,24.0,24.0,24.0,19.0,19.0,19.0,16.0,16.0,16.0,16.0,16.0,16.0,16.3,16.3,16.3,62.5,62.5,62.5,17.5,17.5,17.5,1024.4,1024.4,1024.4,75,75,75,0,0,0,90,90,90,1790602549
28.09 13:38,24.5,24.5,24.5,19.0,19.0,19.0,16.0,16.0,16.0,16.0,16.0,16.0,16.3,16.3,16.3,62.2,62.2,62.2,17.5,17.5,17.5,1024.4,1024.4,1024.4,75,75,75,0,0,0,90,90,90,1790602729
28.09 13:41,24.5,24.5,24.5,19.0,19.0,19.0,16.3,16.3,16.3,16.3,16.3,16.3,16.3,16.3,16.3,62.2,62.2,62.2,17.5,17.5,17.5,1024.3,1024.3,1024.3,75,75,75,0,0,0,90,90,90,1790602909
28.09 13:47,24.0,24.0,24.0,19.0,19.0,19.0,16.3,16.3,16.3,16.3,16.3,16.3,16.3,16.3,16.3,62.5,62.5,62.5,17.5,17.5,17.5,1024.3,1024.3,1024.3,72,72,72,0,0,0,90,90,90,1790603269
28.09 13:53,24.0,24.0,24.0,19.0,19.0,19.0,16.3,16.3,16.3,16.3,16.3,16.3,16.3,16.3,16.3,62.2,62.2,62.2,17.5,17.5,17.5,1024.2,1024.2,1024.2,73,73,73,0,0,0,90,90,90,1790603629
28.09 14:02,24.5,24.5,24.5,19.0,19.0,19.0,16.5,16.5,16.5,16.5,16.5,16.5,16.3,16.3,16.3,61.7,61.7,61.7,17.5,17.5,17.5,1024.2,1024.2,1024.2,73,73,73,0,0,0,90,90,90,1790604169
28.09 14:09,24.5,24.5,24.5,18.8,18.8,18.8,16.5,16.5,16.5,16.5,16.5,16.5,16.5,16.5,16.5,62.7,62.7,62.7,17.5,17.5,17.5,1024.1,1024.1,1024.1,69,69,69,0,0,0,90,90,90,1790604589
28.09 14:17,25.0,25.0,25.0,18.8,18.8,18.8,16.5,16.5,16.5,16.5,16.5,16.5,16.5,16.5,16.5,63.5,63.5,63.5,17.5,17.5,17.5,1024.1,1024.1,1024.1,69,69,69,0,0,0,90,90,90,1790605069
28.09 14:29,25.5,25.5,25.5,18.8,18.8,18.8,16.8,16.8,16.8,16.8,16.8,16.8,16.5,16.5,16.5,64.5,64.5,64.5,17.5,17.5,17.5,1024.0,1024.0,1024.0,66,66,66,0,0,0,90,90,90,1790605789
28.09 14:35,25.5,25.5,25.5,18.8,18.8,18.8,16.8,16.8,16.8,16.8,16.8,16.8,16.5,16.5,16.5,65.0,65.0,65.0,17.5,17.5,17.5,1024.0,1024.0,1024.0, 0, 0, 0,0,0,0,90,90,90,1790606149
28.09 14:36,25.5,25.5,25.5,18.8,18.8,18.8,16.8,16.8,16.8,16.8,16.8,16.8,16.5,16.5,16.5,65.0,65.0,65.0,17.5,17.5,17.5,1024.0,1024.0,1024.0,67,67,67,0,0,0,90,90,90,1790606209
28.09 14:39,25.5,25.5,25.5,18.8,18.8,18.8,16.8,16.8,16.8,16.8,16.8,16.8,16.5,16.5,16.5,65.0,65.0,65.0,17.5,17.5,17.5,1024.0,1024.0,1024.0,63,63,63,0,0,0,90,90,90,1790606389
28.09 14:41,25.5,25.5,25.5,18.8,18.8,18.8,16.8,16.8,16.8,16.8,16.8,16.8,16.5,16.5,16.5,65.0,65.0,65.0,17.5,17.5,17.5,1024.0,1024.0,1024.0,67,67,67,0,0,0,90,90,90,1790606509
28.09 14:58,25.5,25.5,25.5,18.8,18.8,18.8,17.0,17.0,17.0,17.0,17.0,17.0,16.8,16.8,16.8,65.5,65.5,65.5,17.5,17.5,17.5,1023.9,1023.9,1023.9,63,63,63,0,0,0,90,90,90,1790607520
28.09 15:01,26.0,26.0,26.0,18.8,18.8,18.8,17.0,17.0,17.0,17.0,17.0,17.0,16.8,16.8,16.8,65.8,65.8,65.8,17.5,17.5,17.5,1023.9,1023.9,1023.9,66,66,66,0,0,0,90,90,90,1790607700
28.09 15:14,25.5,25.5,25.5,18.8,18.8,18.8,17.0,17.0,17.0,17.0,17.0,17.0,16.8,16.8,16.8,66.2,66.2,66.2,17.5,17.5,17.5,1023.9,1023.9,1023.9,65,65,65,0,0,0,90,90,90,1790608480
28.09 15:30,25.5,25.5,25.5,18.5,18.5,18.5,17.0,17.0,17.0,17.0,17.0,17.0,16.8,16.8,16.8,65.2,65.2,65.2,17.5,17.5,17.5,1023.8,1023.8,1023.8,64,64,64,0,0,0,90,90,90,1790609441
28.09 15:34,24.5,24.5,24.5,18.5,18.5,18.5,17.0,17.0,17.0,17.0,17.0,17.0,16.8,16.8,16.8,65.0,65.0,65.0,17.5,17.5,17.5,1023.8,1023.8,1023.8,63,63,63,0,0,0,90,90,90,1790609681
28.09 15:44,25.0,25.0,25.0,18.5,18.5,18.5,17.0,17.0,17.0,17.0,17.0,17.0,16.8,16.8,16.8,64.7,64.7,64.7,17.5,17.5,17.5,1023.7,1023.7,1023.7,62,62,62,0,0,0,90,90,90,1790610281
28.09 15:50,25.5,25.5,25.5,18.5,18.5,18.5,17.0,17.0,17.0,20.0,20.0,20.0,16.8,16.8,16.8,64.7,64.7,64.7,17.5,17.5,17.5,1023.7,1023.7,1023.7,63,63,63,0,0,0,90,90,90,1790610616
28.09 15:58,24.5,24.5,24.5,18.5,18.5,18.5,17.0,17.0,17.0,20.0,20.0,20.0,16.8,16.8,16.8,64.5,64.5,64.5,17.5,17.5,17.5,1023.7,1023.7,1023.7,63,63,63,0,0,0,90,90,90,1790611096
28.09 16:10,24.5,24.5,24.5,18.5,18.5,18.5,17.0,17.0,17.0,17.0,17.0,17.0,16.8,16.8,16.8,64.2,64.2,64.2,17.5,17.5,17.5,1023.7,1023.7,1023.7,64,64,64,0,0,0,90,90,90,1790611816
28.09 16:23,24.5,24.5,24.5,18.3,18.3,18.3,17.0,17.0,17.0,17.0,17.0,17.0,16.8,16.8,16.8,64.2,64.2,64.2,17.5,17.5,17.5,1023.6,1023.6,1023.6,62,62,62,0,0,0,90,90,90,1790612597
28.09 16:36,24.5,24.5,24.5,18.3,18.3,18.3,17.0,17.0,17.0,17.0,17.0,17.0,17.0,17.0,17.0,64.0,64.0,64.0,17.5,17.5,17.5,1023.7,1023.7,1023.7,65,65,65,0,0,0,90,90,90,1790613377
28.09 17:05,24.0,24.0,24.0,18.0,18.0,18.0,17.0,17.0,17.0,17.0,17.0,17.0,16.8,16.8,16.8,63.7,63.7,63.7,17.5,17.5,17.5,1023.7,1023.7,1023.7,69,69,69,0,0,0,90,90,90,1790615117
28.09 17:15,24.0,24.0,24.0,18.0,18.0,18.0,17.0,17.0,17.0,17.0,17.0,17.0,17.0,17.0,17.0,63.7,63.7,63.7,17.5,17.5,17.5,1023.8,1023.8,1023.8,69,69,69,0,0,0,90,90,90,1790615717
28.09 17:38,23.5,23.5,23.5,18.0,18.0,18.0,17.0,17.0,17.0,17.0,17.0,17.0,16.8,16.8,16.8,63.5,63.5,63.5,17.5,17.5,17.5,1023.8,1023.8,1023.8,73,73,73,0,0,0,90,90,90,1790617097
28.09 17:44,23.0,23.0,23.0,18.0,18.0,18.0,17.0,17.0,17.0,17.0,17.0,17.0,16.8,16.8,16.8,63.3,63.3,63.3,17.5,17.5,17.5,1023.8,1023.8,1023.8,73,73,73,0,0,0,90,90,90,1790617457
28.09 17:51,23.0,23.0,23.0,17.8,17.8,17.8,16.8,16.8,16.8,16.8,16.8,16.8,16.8,16.8,16.8,63.0,63.0,63.0,17.5,17.5,17.5,1023.9,1023.9,1023.9,76,76,76,0,0,0,90,90,90,1790617877
28.09 18:01,22.0,22.0,22.0,17.8,17.8,17.8,16.8,16.8,16.8,16.8,16.8,16.8,16.8,16.8,16.8,62.5,62.5,62.5,17.5,17.5,17.5,1024.0,1024.0,1024.0,77,77,77,0,0,0,90,90,90,1790618477
28.09 18:07,22.0,22.0,22.0,17.8,17.8,17.8,16.8,16.8,16.8,16.8,16.8,16.8,16.8,16.8,16.8,62.2,62.2,62.2,17.5,17.5,17.5,1024.0,1024.0,1024.0,78,78,78,0,0,0,90,90,90,1790618837
28.09 18:11,22.0,22.0,22.0,17.8,17.8,17.8,16.8,16.8,16.8,16.8,16.8,16.8,16.8,16.8,16.8,62.2,62.2,62.2,17.5,17.5,17.5,1024.1,1024.1,1024.1,79,79,79,0,0,0,90,90,90,1790619077
28.09 18:21,21.0,21.0,21.0,17.8,17.8,17.8,16.8,16.8,16.8,16.8,16.8,16.8,16.5,16.5,16.5,62.0,62.0,62.0,17.5,17.5,17.5,1024.1,1024.1,1024.1,81,81,81,0,0,0,90,90,90,1790619677
28.09 18:27,19.5,19.5,19.5,17.5,17.5,17.5,16.5,16.5,16.5,16.5,16.5,16.5,16.5,16.5,16.5,61.7,61.7,61.7,17.5,17.5,17.5,1024.1,1024.1,1024.1,83,83,83,0,0,0,90,90,90,1790620037
28.09 18:32,19.0,19.0,19.0,17.5,17.5,17.5,16.5,16.5,16.5,16.5,16.5,16.5,16.5,16.5,16.5,61.5,61.5,61.5,17.5,17.5,17.5,1024.1,1024.1,1024.1,85,85,85,0,0,0,90,90,90,1790620337
28.09 18:44,19.0,19.0,19.0,17.5,17.5,17.5,16.5,16.5,16.5,16.5,16.5,16.5,16.5,16.5,16.5,61.2,61.2,61.2,17.5,17.5,17.5,1024.2,1024.2,1024.2,86,86,86,0,0,0,90,90,90,1790621057
28.09 19:19,18.0,18.0,18.0,17.2,17.2,17.2,16.0,16.0,16.0,16.0,16.0,16.0,16.0,16.0,16.0,60.8,60.8,60.8,17.5,17.5,17.5,1024.2,1024.2,1024.2,88,88,88,0,0,0,90,90,90,1790623157
28.09 19:20,18.0,18.0,18.0,17.2,17.2,17.2,16.0,16.0,16.0,20.0,20.0,20.0,16.0,16.0,16.0,60.5,60.5,60.5,17.5,17.5,17.5,1024.2,1024.2,1024.2,88,88,88,0,0,0,90,90,90,1790623247
28.09 19:30,17.5,17.5,17.5,17.2,17.2,17.2,15.8,15.8,15.8,20.0,20.0,20.0,16.0,16.0,16.0,60.5,60.5,60.5,17.5,17.5,17.5,1024.2,1024.2,1024.2,89,89,89,0,0,0,90,90,90,1790623847
28.09 19:31,17.5,17.5,17.5,17.2,17.2,17.2,15.8,15.8,15.8,20.0,20.0,20.0,16.0,16.0,16.0,60.5,60.5,60.5,17.5,17.5,17.5,1024.2,1024.2,1024.2,89,89,89,9,9,9,90,90,90,1790623907
28.09 19:37,17.0,17.0,17.0,17.2,17.2,17.2,15.8,15.8,15.8,20.0,20.0,20.0,15.8,15.8,15.8,60.5,60.5,60.5,17.5,17.5,17.5,1024.3,1024.3,1024.3,90,90,90,9,9,9,90,90,90,1790624267
28.09 19:40,17.5,17.5,17.5,17.2,17.2,17.2,15.8,15.8,15.8,15.8,15.8,15.8,15.8,15.8,15.8,60.5,60.5,60.5,17.5,17.5,17.5,1024.3,1024.3,1024.3,90,90,90,9,9,9,90,90,90,1790624447
28.09 19:44,17.0,17.0,17.0,17.0,17.0,17.0,15.8,15.8,15.8,20.0,20.0,20.0,15.8,15.8,15.8,60.2,60.2,60.2,17.5,17.5,17.5,1024.3,1024.3,1024.3, 0, 0, 0,9,9,9,90,90,90,1790624664
28.09 19:45,17.0,17.0,17.0,17.0,17.0,17.0,15.8,15.8,15.8,20.0,20.0,20.0,15.8,15.8,15.8,60.2,60.2,60.2,17.5,17.5,17.5,1024.3,1024.3,1024.3,90,90,90,9,9,9,90,90,90,1790624724
28.09 19:55,17.0,17.0,17.0,17.0,17.0,17.0,15.5,15.5,15.5,20.0,20.0,20.0,15.8,15.8,15.8,60.2,60.2,60.2,17.5,17.5,17.5,1024.4,1024.4,1024.4,91,91,91,9,9,9,90,90,90,1790625324
28.09 19:59,17.0,17.0,17.0,17.0,17.0,17.0,15.5,15.5,15.5,20.0,20.0,20.0,15.8,15.8,15.8,60.0,60.0,60.0,17.5,17.5,17.5,1024.4,1024.4,1024.4,91,91,91,9,9,9,90,90,90,1790625564
28.09 20:03,17.0,17.0,17.0,17.0,17.0,17.0,15.5,15.5,15.5,20.0,20.0,20.0,15.8,15.8,15.8,60.0,60.0,60.0,17.5,17.5,17.5,1024.5,1024.5,1024.5,91,91,91,9,9,9,90,90,90,1790625804
28.09 20:04,16.5,16.5,16.5,17.0,17.0,17.0,15.5,15.5,15.5,15.5,15.5,15.5,15.5,15.5,15.5,60.0,60.0,60.0,17.5,17.5,17.5,1024.5,1024.5,1024.5,91,91,91,9,9,9,90,90,90,1790625864
28.09 20:07,16.5,16.5,16.5,17.0,17.0,17.0,15.5,15.5,15.5,15.5,15.5,15.5,15.5,15.5,15.5,60.0,60.0,60.0,17.5,17.5,17.5,1024.6,1024.6,1024.6,91,91,91,9,9,9,90,90,90,1790626044
28.09 20:10,16.0,16.0,16.0,17.0,17.0,17.0,15.5,15.5,15.5,15.5,15.5,15.5,15.5,15.5,15.5,60.0,60.0,60.0,17.5,17.5,17.5,1024.6,1024.6,1024.6,92,92,92,9,9,9,90,90,90,1790626224
28.09 20:20,16.5,16.5,16.5,17.0,17.0,17.0,15.5,15.5,15.5,15.5,15.5,15.5,15.5,15.5,15.5,59.7,59.7,59.7,17.5,17.5,17.5,1024.7,1024.7,1024.7,92,92,92,9,9,9,90,90,90,1790626824
28.09 20:26,16.5,16.5,16.5,17.0,17.0,17.0,15.5,15.5,15.5,15.5,15.5,15.5,15.5,15.5,15.5,59.7,59.7,59.7,17.5,17.5,17.5,1024.7,1024.7,1024.7,92,92,92,9,9,9,90,90,90,1790627184
28.09 20:31,16.5,16.5,16.5,17.0,17.0,17.0,15.3,15.3,15.3,15.3,15.3,15.3,15.3,15.3,15.3,59.7,59.7,59.7,17.5,17.5,17.5,1024.8,1024.8,1024.8,92,92,92,9,9,9,90,90,90,1790627484
28.09 20:47,16.0,16.0,16.0,16.8,16.8,16.8,15.3,15.3,15.3,15.3,15.3,15.3,15.3,15.3,15.3,59.5,59.5,59.5,17.5,17.5,17.5,1024.9,1024.9,1024.9,92,92,92,9,9,9,90,90,90,1790628444
28.09 20:54,16.0,16.0,16.0,16.8,16.8,16.8,15.3,15.3,15.3,15.3,15.3,15.3,15.3,15.3,15.3,59.5,59.5,59.5,17.5,17.5,17.5,1024.9,1024.9,1024.9,92,92,92,9,9,9,90,90,90,1790628864
28.09 21:05,16.0,16.0,16.0,16.8,16.8,16.8,15.0,15.0,15.0,15.0,15.0,15.0,15.0,15.0,15.0,59.2,59.2,59.2,17.5,17.5,17.5,1025.0,1025.0,1025.0,92,92,92,9,9,9,90,90,90,1790629525
28.09 21:17,15.5,15.5,15.5,16.8,16.8,16.8,15.0,15.0,15.0,15.0,15.0,15.0,15.0,15.0,15.0,59.0,59.0,59.0,17.5,17.5,17.5,1025.0,1025.0,1025.0,92,92,92,9,9,9,90,90,90,1790630245
28.09 21:32,15.5,15.5,15.5,16.5,16.5,16.5,15.0,15.0,15.0,15.0,15.0,15.0,14.7,14.7,14.7,59.0,59.0,59.0,17.5,17.5,17.5,1025.1,1025.1,1025.1,93,93,93,9,9,9,90,90,90,1790631145
28.09 21:36,15.0,15.0,15.0,16.5,16.5,16.5,15.0,15.0,15.0,15.0,15.0,15.0,14.7,14.7,14.7,59.0,59.0,59.0,17.5,17.5,17.5,1025.1,1025.1,1025.1, 0, 0, 0,9,9,9,90,90,90,1790631385
28.09 21:37,15.0,15.0,15.0,16.5,16.5,16.5,15.0,15.0,15.0,15.0,15.0,15.0,14.7,14.7,14.7,58.7,58.7,58.7,17.5,17.5,17.5,1025.1,1025.1,1025.1,93,93,93,9,9,9,90,90,90,1790631445
28.09 21:42,15.0,15.0,15.0,16.5,16.5,16.5,15.0,15.0,15.0,15.0,15.0,15.0,14.7,14.7,14.7,58.7,58.7,58.7,17.5,17.5,17.5,1025.2,1025.2,1025.2,93,93,93,9,9,9,90,90,90,1790631745
28.09 22:05,15.0,15.0,15.0,16.5,16.5,16.5,14.7,14.7,14.7,14.7,14.7,14.7,14.5,14.5,14.5,58.5,58.5,58.5,17.5,17.5,17.5,1025.3,1025.3,1025.3,93,93,93,9,9,9,90,90,90,1790633125
28.09 22:15,15.0,15.0,15.0,16.5,16.5,16.5,14.7,14.7,14.7,14.7,14.7,14.7,14.5,14.5,14.5,58.5,58.5,58.5,17.5,17.5,17.5,1025.2,1025.2,1025.2,93,93,93,9,9,9,90,90,90,1790633725
28.09 22:18,14.0,14.0,14.0,16.5,16.5,16.5,14.7,14.7,14.7,14.7,14.7,14.7,14.5,14.5,14.5,58.3,58.3,58.3,17.5,17.5,17.5,1025.2,1025.2,1025.2,93,93,93,9,9,9,90,90,90,1790633905
28.09 22:30,14.5,14.5,14.5,16.3,16.3,16.3,14.7,14.7,14.7,14.7,14.7,14.7,14.5,14.5,14.5,58.3,58.3,58.3,17.5,17.5,17.5,1025.3,1025.3,1025.3,93,93,93,9,9,9,90,90,90,1790634625
28.09 22:39,13.5,13.5,13.5,16.3,16.3,16.3,14.5,14.5,14.5,14.5,14.5,14.5,14.3,14.3,14.3,58.0,58.0,58.0,17.0,17.0,17.0,1025.3,1025.3,1025.3,93,93,93,9,9,9,90,90,90,1790635165
28.09 22:54,13.5,13.5,13.5,16.3,16.3,16.3,14.5,14.5,14.5,14.5,14.5,14.5,14.3,14.3,14.3,58.0,58.0,58.0,17.0,17.0,17.0,1025.4,1025.4,1025.4,94,94,94,9,9,9,90,90,90,1790636065
28.09 23:07,13.5,13.5,13.5,16.3,16.3,16.3,14.5,14.5,14.5,14.5,14.5,14.5,14.0,14.0,14.0,57.7,57.7,57.7,17.0,17.0,17.0,1025.4,1025.4,1025.4, 0, 0, 0,9,9,9,90,90,90,1790636845
28.09 23:08,13.5,13.5,13.5,16.3,16.3,16.3,14.5,14.5,14.5,14.5,14.5,14.5,14.0,14.0,14.0,57.7,57.7,57.7,17.0,17.0,17.0,1025.4,1025.4,1025.4,94,94,94,9,9,9,90,90,90,1790636905
28.09 23:10,13.5,13.5,13.5,16.3,16.3,16.3,14.5,14.5,14.5,14.5,14.5,14.5,14.0,14.0,14.0,57.7,57.7,57.7,17.0,17.0,17.0,1025.4,1025.4,1025.4, 0, 0, 0,9,9,9,90,90,90,1790637025
28.09 23:11,13.5,13.5,13.5,16.3,16.3,16.3,14.5,14.5,14.5,14.5,14.5,14.5,14.0,14.0,14.0,57.7,57.7,57.7,17.0,17.0,17.0,1025.4,1025.4,1025.4,94,94,94,9,9,9,90,90,90,1790637085
28.09 23:33,13.5,13.5,13.5,16.0,16.0,16.0,14.3,14.3,14.3,14.3,14.3,14.3,14.0,14.0,14.0,57.5,57.5,57.5,17.0,17.0,17.0,1025.5,1025.5,1025.5,94,94,94,9,9,9,90,90,90,1790638405
28.09 23:57,13.5,13.5,13.5,16.0,16.0,16.0,14.0,14.0,14.0,14.0,14.0,14.0,13.8,13.8,13.8,57.2,57.2,57.2,17.0,17.0,17.0,1025.5,1025.5,1025.5,94,94,94,9,9,9,90,90,90,1790639846
29.09 00:01,13.0,13.0,13.0,16.0,16.0,16.0,14.0,14.0,14.0,14.0,14.0,14.0,13.8,13.8,13.8,57.2,57.2,57.2,17.0,17.0,17.0,1025.6,1025.6,1025.6,94,94,94,9,9,9,90,90,90,1790640086
29.09 00:30,13.0,13.0,13.0,15.8,15.8,15.8,13.8,13.8,13.8,13.8,13.8,13.8,13.5,13.5,13.5,56.7,56.7,56.7,17.0,17.0,17.0,1025.6,1025.6,1025.6,94,94,94,9,9,9,90,90,90,1790641826
29.09 00:35,12.5,12.5,12.5,15.8,15.8,15.8,13.8,13.8,13.8,13.8,13.8,13.8,13.5,13.5,13.5,56.7,56.7,56.7,17.0,17.0,17.0,1025.7,1025.7,1025.7,94,94,94,9,9,9,90,90,90,1790642126
29.09 00:46,12.5,12.5,12.5,15.8,15.8,15.8,13.8,13.8,13.8,13.8,13.8,13.8,13.5,13.5,13.5,56.7,56.7,56.7,17.0,17.0,17.0,1025.7,1025.7,1025.7,94,94,94,9,9,9,90,90,90,1790642786
29.09 00:56,12.5,12.5,12.5,15.8,15.8,15.8,13.8,13.8,13.8,13.8,13.8,13.8,13.3,13.3,13.3,56.5,56.5,56.5,17.0,17.0,17.0,1025.8,1025.8,1025.8,94,94,94,9,9,9,90,90,90,1790643386
29.09 01:05,12.5,12.5,12.5,15.8,15.8,15.8,13.5,13.5,13.5,13.5,13.5,13.5,13.3,13.3,13.3,56.5,56.5,56.5,17.0,17.0,17.0,1025.9,1025.9,1025.9,94,94,94,9,9,9,90,90,90,1790643926
29.09 01:14,12.0,12.0,12.0,15.8,15.8,15.8,13.5,13.5,13.5,13.5,13.5,13.5,13.3,13.3,13.3,56.5,56.5,56.5,17.0,17.0,17.0,1025.9,1025.9,1025.9,93,93,93,9,9,9,90,90,90,1790644466
29.09 01:18,11.5,11.5,11.5,15.8,15.8,15.8,13.5,13.5,13.5,13.5,13.5,13.5,13.3,13.3,13.3,56.2,56.2,56.2,17.0,17.0,17.0,1026.0,1026.0,1026.0,93,93,93,9,9,9,90,90,90,1790644706
29.09 01:25,11.5,11.5,11.5,15.8,15.8,15.8,13.5,13.5,13.5,13.5,13.5,13.5,13.0,13.0,13.0,56.2,56.2,56.2,17.0,17.0,17.0,1026.0,1026.0,1026.0,94,94,94,9,9,9,90,90,90,1790645126
29.09 01:31,11.5,11.5,11.5,15.5,15.5,15.5,13.3,13.3,13.3,13.3,13.3,13.3,13.0,13.0,13.0,56.2,56.2,56.2,17.0,17.0,17.0,1026.1,1026.1,1026.1,94,94,94,9,9,9,90,90,90,1790645486
29.09 02:05,12.0,12.0,12.0,15.5,15.5,15.5,13.0,13.0,13.0,13.0,13.0,13.0,12.8,12.8,12.8,55.8,55.8,55.8,17.0,17.0,17.0,1026.0,1026.0,1026.0,95,95,95,9,9,9,90,90,90,1790647526
29.09 02:57,11.0,11.0,11.0,15.3,15.3,15.3,12.8,12.8,12.8,12.8,12.8,12.8,12.5,12.5,12.5,55.2,55.2,55.2,17.0,17.0,17.0,1026.1,1026.1,1026.1,94,94,94,9,9,9,90,90,90,1790650647
29.09 03:06,11.5,11.5,11.5,15.3,15.3,15.3,12.5,12.5,12.5,12.5,12.5,12.5,12.5,12.5,12.5,55.2,55.2,55.2,17.0,17.0,17.0,1026.1,1026.1,1026.1,94,94,94,9,9,9,90,90,90,1790651187
29.09 03:42,11.0,11.0,11.0,15.3,15.3,15.3,12.2,12.2,12.2,12.2,12.2,12.2,12.2,12.2,12.2,54.7,54.7,54.7,17.0,17.0,17.0,1026.2,1026.2,1026.2,94,94,94,9,9,9,90,90,90,1790653347
29.09 04:10,10.5,10.5,10.5,15.0,15.0,15.0,12.0,12.0,12.0,12.0,12.0,12.0,12.0,12.0,12.0,54.5,54.5,54.5,17.0,17.0,17.0,1026.3,1026.3,1026.3,94,94,94,9,9,9,90,90,90,1790655027
29.09 04:23,10.5,10.5,10.5,15.0,15.0,15.0,12.0,12.0,12.0,12.0,12.0,12.0,12.0,12.0,12.0,54.5,54.5,54.5,17.0,17.0,17.0,1026.3,1026.3,1026.3, 0, 0, 0,9,9,9,90,90,90,1790655807
29.09 04:24,10.5,10.5,10.5,15.0,15.0,15.0,12.0,12.0,12.0,12.0,12.0,12.0,12.0,12.0,12.0,54.5,54.5,54.5,17.0,17.0,17.0,1026.3,1026.3,1026.3,94,94,94,9,9,9,90,90,90,1790655867
29.09 04:44,10.5,10.5,10.5,15.0,15.0,15.0,11.8,11.8,11.8,11.8,11.8,11.8,11.8,11.8,11.8,54.2,54.2,54.2,17.0,17.0,17.0,1026.4,1026.4,1026.4,94,94,94,9,9,9,90,90,90,1790657067
29.09 04:50,10.0,10.0,10.0,15.0,15.0,15.0,11.8,11.8,11.8,11.8,11.8,11.8,11.8,11.8,11.8,54.2,54.2,54.2,17.0,17.0,17.0,1026.4,1026.4,1026.4,94,94,94,9,9,9,90,90,90,1790657427
29.09 05:00,10.0,10.0,10.0,15.0,15.0,15.0,11.5,11.5,11.5,11.5,11.5,11.5,11.8,11.8,11.8,54.0,54.0,54.0,17.0,17.0,17.0,1026.5,1026.5,1026.5,95,95,95,9,9,9,90,90,90,1790658027
29.09 05:14,10.0,10.0,10.0,14.7,14.7,14.7,11.5,11.5,11.5,11.5,11.5,11.5,11.5,11.5,11.5,54.0,54.0,54.0,17.0,17.0,17.0,1026.6,1026.6,1026.6,95,95,95,9,9,9,90,90,90,1790658867
29.09 05:20,10.0,10.0,10.0,14.7,14.7,14.7,11.5,11.5,11.5,11.5,11.5,11.5,11.5,11.5,11.5,53.7,53.7,53.7,17.0,17.0,17.0,1026.5,1026.5,1026.5,94,94,94,9,9,9,90,90,90,1790659227
29.09 06:20,10.0,10.0,10.0,14.7,14.7,14.7,11.0,11.0,11.0,11.0,11.0,11.0,11.3,11.3,11.3,53.3,53.3,53.3,17.0,17.0,17.0,1026.5,1026.5,1026.5,94,94,94,9,9,9,90,90,90,1790662828
29.09 06:26,10.0,10.0,10.0,14.5,14.5,14.5,11.0,11.0,11.0,11.0,11.0,11.0,11.3,11.3,11.3,53.3,53.3,53.3,17.0,17.0,17.0,1026.5,1026.5,1026.5,95,95,95,9,9,9,90,90,90,1790663188
29.09 06:31,10.0,10.0,10.0,14.5,14.5,14.5,11.0,11.0,11.0,11.0,11.0,11.0,11.0,11.0,11.0,53.0,53.0,53.0,17.0,17.0,17.0,1026.6,1026.6,1026.6, 0, 0, 0,9,9,9,90,90,90,1790663488
29.09 06:32,9.5,9.5,9.5,14.5,14.5,14.5,11.0,11.0,11.0,11.0,11.0,11.0,11.3,11.3,11.3,53.0,53.0,53.0,17.0,17.0,17.0,1026.6,1026.6,1026.6,94,94,94,9,9,9,90,90,90,1790663548
29.09 07:06,10.5,10.5,10.5,14.5,14.5,14.5,10.8,10.8,10.8,10.8,10.8,10.8,11.0,11.0,11.0,53.0,53.0,53.0,17.0,17.0,17.0,1026.6,1026.6,1026.6,95,95,95,9,9,9,90,90,90,1790665588
29.09 07:09,10.5,10.5,10.5,14.5,14.5,14.5,10.8,10.8,10.8,10.8,10.8,10.8,11.0,11.0,11.0,53.0,53.0,53.0,17.0,17.0,17.0,1026.7,1026.7,1026.7,95,95,95,9,9,9,90,90,90,1790665768
29.09 07:15,11.0,11.0,11.0,14.5,14.5,14.5,10.8,10.8,10.8,10.8,10.8,10.8,11.0,11.0,11.0,53.0,53.0,53.0,17.0,17.0,17.0,1026.7,1026.7,1026.7,95,95,95,9,9,9,90,90,90,1790666128
29.09 07:23,11.5,11.5,11.5,14.5,14.5,14.5,10.8,10.8,10.8,10.8,10.8,10.8,11.0,11.0,11.0,53.0,53.0,53.0,17.0,17.0,17.0,1026.8,1026.8,1026.8,95,95,95,9,9,9,90,90,90,1790666608
29.09 07:34,12.0,12.0,12.0,14.5,14.5,14.5,10.8,10.8,10.8,10.8,10.8,10.8,11.0,11.0,11.0,53.3,53.3,53.3,17.0,17.0,17.0,1026.8,1026.8,1026.8,95,95,95,9,9,9,90,90,90,1790667268
29.09 07:39,12.0,12.0,12.0,14.5,14.5,14.5,10.8,10.8,10.8,10.8,10.8,10.8,11.0,11.0,11.0,53.5,53.5,53.5,17.0,17.0,17.0,1026.9,1026.9,1026.9,96,96,96,9,9,9,90,90,90,1790667568
29.09 07:43,12.5,12.5,12.5,14.5,14.5,14.5,10.8,10.8,10.8,10.8,10.8,10.8,11.0,11.0,11.0,53.7,53.7,53.7,17.0,17.0,17.0,1027.0,1027.0,1027.0,96,96,96,9,9,9,90,90,90,1790667808
29.09 07:52,13.0,13.0,13.0,14.5,14.5,14.5,10.5,10.5,10.5,10.5,10.5,10.5,11.0,11.0,11.0,54.5,54.5,54.5,17.0,17.0,17.0,1027.0,1027.0,1027.0,96,96,96,9,9,9,90,90,90,1790668348
29.09 07:59,13.5,13.5,13.5,14.5,14.5,14.5,10.5,10.5,10.5,10.5,10.5,10.5,11.0,11.0,11.0,55.0,55.0,55.0,17.0,17.0,17.0,1027.1,1027.1,1027.1,96,96,96,9,9,9,90,90,90,1790668768
29.09 08:12,14.0,14.0,14.0,14.5,14.5,14.5,10.8,10.8,10.8,10.8,10.8,10.8,11.0,11.0,11.0,56.0,56.0,56.0,17.0,17.0,17.0,1027.1,1027.1,1027.1,97,97,97,9,9,9,90,90,90,1790669548
29.09 08:20,14.5,14.5,14.5,14.7,14.7,14.7,10.8,10.8,10.8,10.8,10.8,10.8,11.3,11.3,11.3,56.5,56.5,56.5,17.0,17.0,17.0,1027.2,1027.2,1027.2,97,97,97,9,9,9,90,90,90,1790670028
29.09 08:29,15.0,15.0,15.0,14.7,14.7,14.7,10.8,10.8,10.8,10.8,10.8,10.8,11.3,11.3,11.3,57.0,57.0,57.0,17.0,17.0,17.0,1027.3,1027.3,1027.3,96,96,96,9,9,9,90,90,90,1790670568
29.09 08:37,15.5,15.5,15.5,14.7,14.7,14.7,10.8,10.8,10.8,10.8,10.8,10.8,11.3,11.3,11.3,57.2,57.2,57.2,17.0,17.0,17.0,1027.3,1027.3,1027.3,96,96,96,9,9,9,90,90,90,1790671048
29.09 08:39,15.5,15.5,15.5,14.7,14.7,14.7,10.8,10.8,10.8,10.8,10.8,10.8,11.3,11.3,11.3,57.2,57.2,57.2,17.0,17.0,17.0,1027.4,1027.4,1027.4,96,96,96,9,9,9,90,90,90,1790671168
29.09 08:43,15.5,15.5,15.5,14.7,14.7,14.7,10.8,10.8,10.8,10.8,10.8,10.8,11.3,11.3,11.3,57.5,57.5,57.5,17.0,17.0,17.0,1027.4,1027.4,1027.4,96,96,96,9,9,9,90,90,90,1790671408
29.09 08:54,16.0,16.0,16.0,14.7,14.7,14.7,10.8,10.8,10.8,10.8,10.8,10.8,11.5,11.5,11.5,58.0,58.0,58.0,17.0,17.0,17.0,1027.5,1027.5,1027.5,96,96,96,9,9,9,90,90,90,1790672068
29.09 09:01,16.0,16.0,16.0,14.7,14.7,14.7,10.8,10.8,10.8,10.8,10.8,10.8,11.5,11.5,11.5,58.5,58.5,58.5,17.0,17.0,17.0,1027.6,1027.6,1027.6,95,95,95,9,9,9,90,90,90,1790672488
29.09 09:15,16.5,16.5,16.5,14.7,14.7,14.7,10.8,10.8,10.8,10.8,10.8,10.8,11.5,11.5,11.5,59.5,59.5,59.5,17.0,17.0,17.0,1027.6,1027.6,1027.6,94,94,94,9,9,9,90,90,90,1790673328
29.09 09:25,17.5,17.5,17.5,15.0,15.0,15.0,10.8,10.8,10.8,10.8,10.8,10.8,11.8,11.8,11.8,60.2,60.2,60.2,17.0,17.0,17.0,1027.6,1027.6,1027.6,94,94,94,9,9,9,90,90,90,1790673928
29.09 09:29,17.5,17.5,17.5,15.0,15.0,15.0,11.0,11.0,11.0,11.0,11.0,11.0,11.8,11.8,11.8,60.5,60.5,60.5,17.0,17.0,17.0,1027.6,1027.6,1027.6,93,93,93,9,9,9,90,90,90,1790674168
29.09 09:35,18.0,18.0,18.0,15.0,15.0,15.0,11.0,11.0,11.0,11.0,11.0,11.0,11.8,11.8,11.8,61.0,61.0,61.0,17.0,17.0,17.0,1027.6,1027.6,1027.6,92,92,92,9,9,9,90,90,90,1790674528
29.09 09:41,18.0,18.0,18.0,15.0,15.0,15.0,11.0,11.0,11.0,11.0,11.0,11.0,11.8,11.8,11.8,61.5,61.5,61.5,17.0,17.0,17.0,1027.7,1027.7,1027.7,89,89,89,9,9,9,90,90,90,1790674889
29.09 09:49,19.0,19.0,19.0,15.3,15.3,15.3,11.0,11.0,11.0,11.0,11.0,11.0,12.0,12.0,12.0,61.7,61.7,61.7,17.0,17.0,17.0,1027.7,1027.7,1027.7,90,90,90,9,9,9,90,90,90,1790675369
29.09 10:00,19.0,19.0,19.0,15.5,15.5,15.5,11.3,11.3,11.3,11.3,11.3,11.3,12.0,12.0,12.0,62.7,62.7,62.7,17.0,17.0,17.0,1027.7,1027.7,1027.7,86,86,86,9,9,9,90,90,90,1790676029
29.09 10:06,20.0,20.0,20.0,15.5,15.5,15.5,11.3,11.3,11.3,11.3,11.3,11.3,12.2,12.2,12.2,63.0,63.0,63.0,17.0,17.0,17.0,1027.7,1027.7,1027.7,87,87,87,9,9,9,90,90,90,1790676389
29.09 10:18,20.5,20.5,20.5,15.8,15.8,15.8,11.5,11.5,11.5,11.5,11.5,11.5,12.5,12.5,12.5,64.0,64.0,64.0,17.0,17.0,17.0,1027.7,1027.7,1027.7,86,86,86,9,9,9,90,90,90,1790677109
29.09 10:32,20.5,20.5,20.5,16.0,16.0,16.0,11.8,11.8,11.8,11.8,11.8,11.8,12.5,12.5,12.5,64.5,64.5,64.5,17.0,17.0,17.0,1027.7,1027.7,1027.7,83,83,83,9,9,9,90,90,90,1790677949
29.09 10:51,21.0,21.0,21.0,16.3,16.3,16.3,12.2,12.2,12.2,12.2,12.2,12.2,13.0,13.0,13.0,65.5,65.5,65.5,17.0,17.0,17.0,1027.7,1027.7,1027.7,81,81,81,9,9,9,90,90,90,1790679089
29.09 11:02,22.0,22.0,22.0,16.5,16.5,16.5,12.2,12.2,12.2,12.2,12.2,12.2,13.3,13.3,13.3,66.0,66.0,66.0,17.0,17.0,17.0,1027.7,1027.7,1027.7,79,79,79,9,9,9,90,90,90,1790679749
29.09 11:25,22.0,22.0,22.0,16.8,16.8,16.8,12.8,12.8,12.8,12.8,12.8,12.8,13.5,13.5,13.5,66.2,66.2,66.2,17.0,17.0,17.0,1027.7,1027.7,1027.7,75,75,75,9,9,9,90,90,90,1790681129
29.09 11:35,22.0,22.0,22.0,16.8,16.8,16.8,13.0,13.0,13.0,13.0,13.0,13.0,13.8,13.8,13.8,66.2,66.2,66.2,17.0,17.0,17.0,1027.7,1027.7,1027.7,76,76,76,9,9,9,90,90,90,1790681729
29.09 11:40,22.0,22.0,22.0,16.8,16.8,16.8,13.3,13.3,13.3,13.3,13.3,13.3,14.0,14.0,14.0,66.2,66.2,66.2,17.0,17.0,17.0,1027.6,1027.6,1027.6,75,75,75,9,9,9,90,90,90,1790682029
29.09 12:00,23.0,23.0,23.0,17.0,17.0,17.0,13.5,13.5,13.5,13.5,13.5,13.5,14.3,14.3,14.3,66.0,66.0,66.0,17.0,17.0,17.0,1027.6,1027.6,1027.6,75,75,75,9,9,9,90,90,90,1790683229
29.09 12:16,23.0,23.0,23.0,17.0,17.0,17.0,13.8,13.8,13.8,13.8,13.8,13.8,14.5,14.5,14.5,66.2,66.2,66.2,17.0,17.0,17.0,1027.5,1027.5,1027.5,74,74,74,9,9,9,90,90,90,1790684190
29.09 12:25,23.0,23.0,23.0,17.2,17.2,17.2,14.0,14.0,14.0,14.0,14.0,14.0,14.5,14.5,14.5,66.2,66.2,66.2,17.0,17.0,17.0,1027.5,1027.5,1027.5,71,71,71,9,9,9,90,90,90,1790684730
29.09 12:28,23.0,23.0,23.0,17.2,17.2,17.2,14.0,14.0,14.0,14.0,14.0,14.0,14.7,14.7,14.7,66.2,66.2,66.2,17.0,17.0,17.0,1027.5,1027.5,1027.5,74,74,74,9,9,9,90,90,90,1790684910
29.09 12:32,23.5,23.5,23.5,17.2,17.2,17.2,14.3,14.3,14.3,14.3,14.3,14.3,14.7,14.7,14.7,66.2,66.2,66.2,17.0,17.0,17.0,1027.4,1027.4,1027.4,72,72,72,9,9,9,90,90,90,1790685150
29.09 12:39,23.5,23.5,23.5,17.2,17.2,17.2,14.3,14.3,14.3,14.3,14.3,14.3,14.7,14.7,14.7,66.0,66.0,66.0,17.0,17.0,17.0,1027.3,1027.3,1027.3,72,72,72,9,9,9,90,90,90,1790685570
29.09 12:51,23.5,23.5,23.5,17.2,17.2,17.2,14.5,14.5,14.5,14.5,14.5,14.5,15.0,15.0,15.0,66.2,66.2,66.2,17.0,17.0,17.0,1027.3,1027.3,1027.3,71,71,71,9,9,9,90,90,90,1790686290
29.09 12:59,23.0,23.0,23.0,17.2,17.2,17.2,14.7,14.7,14.7,14.7,14.7,14.7,15.3,15.3,15.3,66.2,66.2,66.2,17.0,17.0,17.0,1027.2,1027.2,1027.2,72,72,72,9,9,9,90,90,90,1790686770
29.09 13:08,23.5,23.5,23.5,17.5,17.5,17.5,15.0,15.0,15.0,15.0,15.0,15.0,15.3,15.3,15.3,66.2,66.2,66.2,17.0,17.0,17.0,1027.1,1027.1,1027.1,70,70,70,9,9,9,90,90,90,1790687310
29.09 13:13,23.5,23.5,23.5,17.5,17.5,17.5,15.0,15.0,15.0,15.0,15.0,15.0,15.3,15.3,15.3,66.5,66.5,66.5,17.0,17.0,17.0,1027.1,1027.1,1027.1,70,70,70,9,9,9,90,90,90,1790687610
29.09 13:22,23.5,23.5,23.5,17.5,17.5,17.5,15.3,15.3,15.3,15.3,15.3,15.3,15.5,15.5,15.5,66.7,66.7,66.7,17.0,17.0,17.0,1027.0,1027.0,1027.0,69,69,69,9,9,9,90,90,90,1790688150
29.09 13:26,23.5,23.5,23.5,17.5,17.5,17.5,15.5,15.5,15.5,15.5,15.5,15.5,15.5,15.5,15.5,67.0,67.0,67.0,17.0,17.0,17.0,1027.0,1027.0,1027.0,73,73,73,9,9,9,90,90,90,1790688390
29.09 13:32,23.5,23.5,23.5,17.5,17.5,17.5,15.5,15.5,15.5,20.0,20.0,20.0,15.5,15.5,15.5,67.2,67.2,67.2,17.0,17.0,17.0,1027.0,1027.0,1027.0,70,70,70,9,9,9,90,90,90,1790688728
29.09 13:33,23.5,23.5,23.5,17.5,17.5,17.5,15.8,15.8,15.8,20.0,20.0,20.0,15.5,15.5,15.5,67.2,67.2,67.2,17.0,17.0,17.0,1027.0,1027.0,1027.0,71,71,71,9,9,9,90,90,90,1790688818
29.09 13:44,24.0,24.0,24.0,17.5,17.5,17.5,16.0,16.0,16.0,20.0,20.0,20.0,15.8,15.8,15.8,67.5,67.5,67.5,17.0,17.0,17.0,1026.9,1026.9,1026.9,72,72,72,9,9,9,90,90,90,1790689478
29.09 13:53,24.0,24.0,24.0,17.8,17.8,17.8,16.3,16.3,16.3,16.3,16.3,16.3,16.0,16.0,16.0,68.0,68.0,68.0,17.0,17.0,17.0,1026.9,1026.9,1026.9,71,71,71,9,9,9,90,90,90,1790690018
29.09 14:02,24.0,24.0,24.0,17.8,17.8,17.8,16.3,16.3,16.3,16.3,16.3,16.3,16.0,16.0,16.0,68.3,68.3,68.3,17.0,17.0,17.0,1026.9,1026.9,1026.9, 0, 0, 0,9,9,9,90,90,90,1790690558
29.09 14:03,24.0,24.0,24.0,17.8,17.8,17.8,16.3,16.3,16.3,16.3,16.3,16.3,16.0,16.0,16.0,68.3,68.3,68.3,17.0,17.0,17.0,1026.9,1026.9,1026.9,70,70,70,9,9,9,90,90,90,1790690618
29.09 14:09,24.0,24.0,24.0,17.8,17.8,17.8,16.5,16.5,16.5,16.5,16.5,16.5,16.0,16.0,16.0,68.5,68.5,68.5,17.0,17.0,17.0,1026.8,1026.8,1026.8,70,70,70,9,9,9,90,90,90,1790690978
29.09 14:20,24.0,24.0,24.0,17.8,17.8,17.8,16.5,16.5,16.5,16.5,16.5,16.5,16.0,16.0,16.0,68.5,68.5,68.5,17.0,17.0,17.0,1026.9,1026.9,1026.9,69,69,69,9,9,9,90,90,90,1790691638
29.09 14:36,24.0,24.0,24.0,17.5,17.5,17.5,16.5,16.5,16.5,16.5,16.5,16.5,16.3,16.3,16.3,68.7,68.7,68.7,17.0,17.0,17.0,1027.0,1027.0,1027.0,68,68,68,9,9,9,90,90,90,1790692598
29.09 14:40,24.5,24.5,24.5,17.5,17.5,17.5,16.8,16.8,16.8,16.5,16.5,16.5,16.3,16.3,16.3,69.0,69.0,69.0,17.0,17.0,17.0,1026.9,1026.9,1026.9,68,68,68,9,9,9,90,90,90,1790692838
29.09 15:01,24.0,24.0,24.0,17.5,17.5,17.5,16.8,16.8,16.8,16.8,16.8,16.8,16.3,16.3,16.3,69.2,69.2,69.2,17.0,17.0,17.0,1026.8,1026.8,1026.8,70,70,70,9,9,9,90,90,90,1790694098
29.09 15:40,24.5,24.5,24.5,17.5,17.5,17.5,16.8,16.8,16.8,16.8,16.8,16.8,16.5,16.5,16.5,68.5,68.5,68.5,17.0,17.0,17.0,1026.8,1026.8,1026.8,69,69,69,9,9,9,90,90,90,1790696439
29.09 16:23,24.0,24.0,24.0,17.2,17.2,17.2,16.8,16.8,16.8,16.8,16.8,16.8,16.5,16.5,16.5,68.0,68.0,68.0,17.0,17.0,17.0,1026.7,1026.7,1026.7,69,69,69,9,9,9,90,90,90,1790699019
29.09 16:25,24.0,24.0,24.0,17.2,17.2,17.2,16.8,16.8,16.8,16.8,16.8,16.8,16.5,16.5,16.5,68.0,68.0,68.0,17.0,17.0,17.0,1026.8,1026.8,1026.8,69,69,69,9,9,9,90,90,90,1790699139
29.09 16:28,24.0,24.0,24.0,17.2,17.2,17.2,16.8,16.8,16.8,16.8,16.8,16.8,16.5,16.5,16.5,68.0,68.0,68.0,17.0,17.0,17.0,1026.7,1026.7,1026.7,70,70,70,9,9,9,90,90,90,1790699319
29.09 16:34,24.0,24.0,24.0,17.2,17.2,17.2,16.8,16.8,16.8,16.8,16.8,16.8,16.5,16.5,16.5,68.0,68.0,68.0,17.0,17.0,17.0,1026.7,1026.7,1026.7,70,70,70,9,9,9,90,90,90,1790699679
29.09 16:48,23.5,23.5,23.5,17.2,17.2,17.2,16.8,16.8,16.8,16.8,16.8,16.8,16.5,16.5,16.5,67.5,67.5,67.5,17.0,17.0,17.0,1026.6,1026.6,1026.6,72,72,72,9,9,9,90,90,90,1790700519
29.09 17:08,23.0,23.0,23.0,17.0,17.0,17.0,16.8,16.8,16.8,16.8,16.8,16.8,16.5,16.5,16.5,67.2,67.2,67.2,17.0,17.0,17.0,1026.7,1026.7,1026.7,72,72,72,9,9,9,90,90,90,1790701719
29.09 17:19,23.0,23.0,23.0,17.0,17.0,17.0,16.8,16.8,16.8,16.8,16.8,16.8,16.5,16.5,16.5,67.2,67.2,67.2,17.0,17.0,17.0,1026.7,1026.7,1026.7,73,73,73,9,9,9,90,90,90,1790702379
29.09 17:49,22.0,22.0,22.0,17.0,17.0,17.0,16.5,16.5,16.5,16.5,16.5,16.5,16.5,16.5,16.5,66.2,66.2,66.2,17.0,17.0,17.0,1026.8,1026.8,1026.8,75,75,75,9,9,9,90,90,90,1790704180
29.09 17:56,22.0,22.0,22.0,17.0,17.0,17.0,16.5,16.5,16.5,16.5,16.5,16.5,16.5,16.5,16.5,66.0,66.0,66.0,17.0,17.0,17.0,1026.8,1026.8,1026.8,77,77,77,9,9,9,90,90,90,1790704600
29.09 18:11,21.5,21.5,21.5,17.0,17.0,17.0,16.5,16.5,16.5,16.5,16.5,16.5,16.3,16.3,16.3,65.2,65.2,65.2,17.0,17.0,17.0,1026.9,1026.9,1026.9,79,79,79,9,9,9,90,90,90,1790705500
29.09 18:15,21.5,21.5,21.5,16.8,16.8,16.8,16.5,16.5,16.5,16.5,16.5,16.5,16.3,16.3,16.3,65.2,65.2,65.2,17.0,17.0,17.0,1026.9,1026.9,1026.9,79,79,79,9,9,9,90,90,90,1790705740
29.09 18:19,21.0,21.0,21.0,16.8,16.8,16.8,16.5,16.5,16.5,16.5,16.5,16.5,16.3,16.3,16.3,65.0,65.0,65.0,17.0,17.0,17.0,1027.0,1027.0,1027.0,80,80,80,9,9,9,90,90,90,1790705980
29.09 18:20,21.0,21.0,21.0,16.8,16.8,16.8,16.5,16.5,16.5,16.5,16.5,16.5,16.3,16.3,16.3,65.0,65.0,65.0,17.0,17.0,17.0,1027.0,1027.0,1027.0, 0, 0, 0,9,9,9,90,90,90,1790706040
29.09 18:21,21.0,21.0,21.0,16.8,16.8,16.8,16.5,16.5,16.5,16.5,16.5,16.5,16.3,16.3,16.3,65.0,65.0,65.0,17.0,17.0,17.0,1027.0,1027.0,1027.0,80,80,80,9,9,9,90,90,90,1790706100
29.09 18:31,20.5,20.5,20.5,16.8,16.8,16.8,16.3,16.3,16.3,16.3,16.3,16.3,16.3,16.3,16.3,64.5,64.5,64.5,17.0,17.0,17.0,1027.0,1027.0,1027.0,81,81,81,9,9,9,90,90,90,1790706700
29.09 18:39,20.0,20.0,20.0,16.8,16.8,16.8,16.3,16.3,16.3,16.3,16.3,16.3,16.3,16.3,16.3,64.0,64.0,64.0,17.0,17.0,17.0,1027.0,1027.0,1027.0,82,82,82,9,9,9,90,90,90,1790707180
29.09 18:46,19.5,19.5,19.5,16.8,16.8,16.8,16.3,16.3,16.3,16.3,16.3,16.3,16.0,16.0,16.0,63.5,63.5,63.5,17.0,17.0,17.0,1027.0,1027.0,1027.0, 0, 0, 0,9,9,9,90,90,90,1790707600
29.09 18:47,19.5,19.5,19.5,16.8,16.8,16.8,16.3,16.3,16.3,16.3,16.3,16.3,16.0,16.0,16.0,63.5,63.5,63.5,17.0,17.0,17.0,1027.1,1027.1,1027.1,84,84,84,9,9,9,90,90,90,1790707660
29.09 18:51,18.5,18.5,18.5,16.8,16.8,16.8,16.0,16.0,16.0,16.0,16.0,16.0,16.0,16.0,16.0,63.5,63.5,63.5,17.0,17.0,17.0,1027.1,1027.1,1027.1,86,86,86,9,9,9,90,90,90,1790707900
29.09 18:57,17.5,17.5,17.5,16.5,16.5,16.5,16.0,16.0,16.0,16.0,16.0,16.0,16.0,16.0,16.0,63.3,63.3,63.3,17.0,17.0,17.0,1027.1,1027.1,1027.1,87,87,87,9,9,9,90,90,90,1790708260
29.09 19:05,17.0,17.0,17.0,16.5,16.5,16.5,16.0,16.0,16.0,16.0,16.0,16.0,16.0,16.0,16.0,63.0,63.0,63.0,17.0,17.0,17.0,1027.2,1027.2,1027.2,89,89,89,9,9,9,90,90,90,1790708740
29.09 19:18,17.0,17.0,17.0,16.5,16.5,16.5,16.0,16.0,16.0,15.8,15.8,15.8,15.8,15.8,15.8,62.5,62.5,62.5,17.0,17.0,17.0,1027.2,1027.2,1027.2, 0, 0, 0,9,9,9,90,90,90,1790709520
29.09 19:19,17.5,17.5,17.5,16.5,16.5,16.5,15.8,15.8,15.8,15.8,15.8,15.8,15.8,15.8,15.8,62.5,62.5,62.5,17.0,17.0,17.0,1027.1,1027.1,1027.1,89,89,89,9,9,9,90,90,90,1790709580
29.09 19:25,17.0,17.0,17.0,16.5,16.5,16.5,15.8,15.8,15.8,15.8,15.8,15.8,15.8,15.8,15.8,62.2,62.2,62.2,17.0,17.0,17.0,1027.2,1027.2,1027.2,90,90,90,9,9,9,90,90,90,1790709940
29.09 19:43,16.5,16.5,16.5,16.3,16.3,16.3,15.8,15.8,15.8,15.8,15.8,15.8,15.8,15.8,15.8,61.2,61.2,61.2,17.0,17.0,17.0,1027.2,1027.2,1027.2,90,90,90,9,9,9,90,90,90,1790711020
29.09 19:56,16.0,16.0,16.0,16.3,16.3,16.3,15.5,15.5,15.5,15.5,15.5,15.5,15.5,15.5,15.5,60.8,60.8,60.8,17.0,17.0,17.0,1027.2,1027.2,1027.2, 0, 0, 0,9,9,9,90,90,90,1790711800
29.09 19:57,16.0,16.0,16.0,16.3,16.3,16.3,15.5,15.5,15.5,15.5,15.5,15.5,15.5,15.5,15.5,60.8,60.8,60.8,17.0,17.0,17.0,1027.3,1027.3,1027.3,91,91,91,9,9,9,90,90,90,1790711860
29.09 20:14,16.5,16.5,16.5,16.3,16.3,16.3,15.5,15.5,15.5,15.5,15.5,15.5,15.5,15.5,15.5,59.7,59.7,59.7,17.0,17.0,17.0,1027.3,1027.3,1027.3,92,92,92,9,9,9,90,90,90,1790712880
29.09 20:22,16.0,16.0,16.0,16.3,16.3,16.3,15.3,15.3,15.3,15.3,15.3,15.3,15.3,15.3,15.3,59.5,59.5,59.5,17.0,17.0,17.0,1027.4,1027.4,1027.4,93,93,93,9,9,9,90,90,90,1790713360
29.09 20:37,16.0,16.0,16.0,16.0,16.0,16.0,15.3,15.3,15.3,15.3,15.3,15.3,15.3,15.3,15.3,58.5,58.5,58.5,17.0,17.0,17.0,1027.4,1027.4,1027.4,93,93,93,9,9,9,90,90,90,1790714260
29.09 20:59,16.0,16.0,16.0,16.0,16.0,16.0,15.0,15.0,15.0,15.0,15.0,15.0,15.0,15.0,15.0,57.5,57.5,57.5,17.0,17.0,17.0,1027.4,1027.4,1027.4,92,92,92,9,9,9,90,90,90,1790715580
29.09 21:07,16.0,16.0,16.0,16.0,16.0,16.0,15.0,15.0,15.0,15.0,15.0,15.0,15.0,15.0,15.0,57.2,57.2,57.2,17.0,17.0,17.0,1027.5,1027.5,1027.5,92,92,92,9,9,9,90,90,90,1790716060
29.09 21:11,16.0,16.0,16.0,16.0,16.0,16.0,15.0,15.0,15.0,15.0,15.0,15.0,14.7,14.7,14.7,57.0,57.0,57.0,17.0,17.0,17.0,1027.5,1027.5,1027.5,92,92,92,9,9,9,90,90,90,1790716300
29.09 21:16,15.5,15.5,15.5,16.0,16.0,16.0,15.0,15.0,15.0,15.0,15.0,15.0,14.7,14.7,14.7,56.7,56.7,56.7,17.0,17.0,17.0,1027.6,1027.6,1027.6,92,92,92,9,9,9,90,90,90,1790716600
29.09 21:29,15.0,15.0,15.0,15.8,15.8,15.8,15.0,15.0,15.0,15.0,15.0,15.0,14.7,14.7,14.7,56.2,56.2,56.2,17.0,17.0,17.0,1027.6,1027.6,1027.6,93,93,93,9,9,9,90,90,90,1790717380
29.09 21:44,14.5,14.5,14.5,15.8,15.8,15.8,14.7,14.7,14.7,14.7,14.7,14.7,14.7,14.7,14.7,55.5,55.5,55.5,17.0,17.0,17.0,1027.7,1027.7,1027.7,94,94,94,9,9,9,90,90,90,1790718281
29.09 21:50,14.5,14.5,14.5,15.8,15.8,15.8,14.7,14.7,14.7,14.7,14.7,14.7,14.5,14.5,14.5,55.2,55.2,55.2,17.0,17.0,17.0,1027.7,1027.7,1027.7,94,94,94,9,9,9,90,90,90,1790718641
29.09 21:54,15.5,15.5,15.5,15.8,15.8,15.8,14.7,14.7,14.7,14.7,14.7,14.7,14.5,14.5,14.5,55.0,55.0,55.0,17.0,17.0,17.0,1027.8,1027.8,1027.8,94,94,94,9,9,9,90,90,90,1790718881
29.09 22:10,16.0,16.0,16.0,15.8,15.8,15.8,14.7,14.7,14.7,14.7,14.7,14.7,14.5,14.5,14.5,54.5,54.5,54.5,17.0,17.0,17.0,1027.8,1027.8,1027.8,94,94,94,9,9,9,90,90,90,1790719841
29.09 22:15,15.0,15.0,15.0,15.8,15.8,15.8,14.7,14.7,14.7,14.7,14.7,14.7,14.5,14.5,14.5,54.2,54.2,54.2,17.0,17.0,17.0,1027.9,1027.9,1027.9,93,93,93,9,9,9,90,90,90,1790720141
29.09 22:38,16.0,16.0,16.0,15.8,15.8,15.8,14.7,14.7,14.7,14.7,14.7,14.7,14.5,14.5,14.5,53.3,53.3,53.3,17.0,17.0,17.0,1027.9,1027.9,1027.9,93,93,93,9,9,9,90,90,90,1790721521
29.09 23:00,15.5,15.5,15.5,15.8,15.8,15.8,14.5,14.5,14.5,14.5,14.5,14.5,14.3,14.3,14.3,52.5,52.5,52.5,17.0,17.0,17.0,1027.9,1027.9,1027.9, 0, 0, 0,9,9,9,90,90,90,1790722841
29.09 23:01,15.5,15.5,15.5,15.8,15.8,15.8,14.7,14.7,14.7,14.7,14.7,14.7,14.3,14.3,14.3,52.5,52.5,52.5,17.0,17.0,17.0,1027.9,1027.9,1027.9,92,92,92,9,9,9,90,90,90,1790722901
29.09 23:09,14.5,14.5,14.5,15.5,15.5,15.5,14.5,14.5,14.5,14.5,14.5,14.5,14.3,14.3,14.3,52.0,52.0,52.0,17.0,17.0,17.0,1027.9,1027.9,1027.9,92,92,92,9,9,9,90,90,90,1790723381
29.09 23:29,14.5,14.5,14.5,15.5,15.5,15.5,14.5,14.5,14.5,14.5,14.5,14.5,14.3,14.3,14.3,51.2,51.2,51.2,17.0,17.0,17.0,1027.8,1027.8,1027.8,93,93,93,9,9,9,90,90,90,1790724581
29.09 23:38,14.5,14.5,14.5,15.5,15.5,15.5,14.5,14.5,14.5,14.5,14.5,14.5,14.0,14.0,14.0,50.8,50.8,50.8,17.0,17.0,17.0,1027.8,1027.8,1027.8,93,93,93,9,9,9,90,90,90,1790725121
29.09 23:43,14.5,14.5,14.5,15.5,15.5,15.5,14.3,14.3,14.3,14.3,14.3,14.3,14.0,14.0,14.0,50.5,50.5,50.5,16.5,16.5,16.5,1027.7,1027.7,1027.7,93,93,93,9,9,9,90,90,90,1790725421
29.09 23:53,14.5,14.5,14.5,15.5,15.5,15.5,14.3,14.3,14.3,14.3,14.3,14.3,14.0,14.0,14.0,50.0,50.0,50.0,17.0,17.0,17.0,1027.6,1027.6,1027.6,93,93,93,9,9,9,90,90,90,1790726021
30.09 00:20,14.0,14.0,14.0,15.3,15.3,15.3,14.3,14.3,14.3,14.3,14.3,14.3,13.8,13.8,13.8,49.0,49.0,49.0,17.0,17.0,17.0,1027.7,1027.7,1027.7,93,93,93,9,9,9,90,90,90,1790727642
30.09 00:32,14.0,14.0,14.0,15.3,15.3,15.3,14.0,14.0,14.0,14.0,14.0,14.0,13.8,13.8,13.8,48.7,48.7,48.7,17.0,17.0,17.0,1027.8,1027.8,1027.8,93,93,93,9,9,9,90,90,90,1790728362
30.09 00:53,14.0,14.0,14.0,15.3,15.3,15.3,14.0,14.0,14.0,14.0,14.0,14.0,13.5,13.5,13.5,47.7,47.7,47.7,17.0,17.0,17.0,1027.7,1027.7,1027.7,93,93,93,9,9,9,90,90,90,1790729622
30.09 01:02,13.5,13.5,13.5,15.0,15.0,15.0,13.8,13.8,13.8,13.8,13.8,13.8,13.5,13.5,13.5,47.5,47.5,47.5,17.0,17.0,17.0,1027.7,1027.7,1027.7,93,93,93,9,9,9,90,90,90,1790730162
30.09 01:25,13.5,13.5,13.5,15.0,15.0,15.0,13.8,13.8,13.8,13.8,13.8,13.8,13.3,13.3,13.3,46.7,46.7,46.7,16.5,16.5,16.5,1027.7,1027.7,1027.7,93,93,93,9,9,9,90,90,90,1790731542
30.09 01:39,13.0,13.0,13.0,15.0,15.0,15.0,13.8,13.8,13.8,13.5,13.5,13.5,13.3,13.3,13.3,46.2,46.2,46.2,16.5,16.5,16.5,1027.8,1027.8,1027.8,92,92,92,9,9,9,90,90,90,1790732382
30.09 01:51,12.5,12.5,12.5,15.0,15.0,15.0,13.5,13.5,13.5,13.5,13.5,13.5,13.3,13.3,13.3,46.0,46.0,46.0,16.5,16.5,16.5,1027.8,1027.8,1027.8,93,93,93,9,9,9,90,90,90,1790733102
30.09 01:59,11.5,11.5,11.5,15.0,15.0,15.0,13.5,13.5,13.5,13.5,13.5,13.5,13.0,13.0,13.0,45.8,45.8,45.8,16.5,16.5,16.5,1027.7,1027.7,1027.7,92,92,92,9,9,9,90,90,90,1790733582
30.09 02:25,11.5,11.5,11.5,14.7,14.7,14.7,13.3,13.3,13.3,13.3,13.3,13.3,13.0,13.0,13.0,44.7,44.7,44.7,16.5,16.5,16.5,1027.7,1027.7,1027.7,94,94,94,9,9,9,90,90,90,1790735142
30.09 02:40,11.5,11.5,11.5,14.7,14.7,14.7,13.3,13.3,13.3,13.3,13.3,13.3,12.8,12.8,12.8,44.5,44.5,44.5,16.5,16.5,16.5,1027.7,1027.7,1027.7,94,94,94,9,9,9,90,90,90,1790736042
30.09 02:54,11.5,11.5,11.5,14.7,14.7,14.7,13.0,13.0,13.0,13.0,13.0,13.0,12.8,12.8,12.8,44.0,44.0,44.0,16.5,16.5,16.5,1027.6,1027.6,1027.6,94,94,94,9,9,9,90,90,90,1790736882
30.09 03:10,11.5,11.5,11.5,14.5,14.5,14.5,13.0,13.0,13.0,13.0,13.0,13.0,12.5,12.5,12.5,43.5,43.5,43.5,16.5,16.5,16.5,1027.6,1027.6,1027.6, 0, 0, 0,9,9,9,90,90,90,1790737842
30.09 03:11,11.0,11.0,11.0,14.5,14.5,14.5,13.0,13.0,13.0,13.0,13.0,13.0,12.5,12.5,12.5,43.5,43.5,43.5,16.5,16.5,16.5,1027.6,1027.6,1027.6,93,93,93,9,9,9,90,90,90,1790737902
30.09 03:17,11.5,11.5,11.5,14.5,14.5,14.5,13.0,13.0,13.0,12.8,12.8,12.8,12.5,12.5,12.5,43.3,43.3,43.3,16.5,16.5,16.5,1027.6,1027.6,1027.6,93,93,93,9,9,9,90,90,90,1790738263
30.09 03:19,11.5,11.5,11.5,14.5,14.5,14.5,12.8,12.8,12.8,12.8,12.8,12.8,12.5,12.5,12.5,43.3,43.3,43.3,16.5,16.5,16.5,1027.6,1027.6,1027.6, 0, 0, 0,9,9,9,90,90,90,1790738383
30.09 03:20,11.5,11.5,11.5,14.5,14.5,14.5,12.8,12.8,12.8,12.8,12.8,12.8,12.5,12.5,12.5,43.3,43.3,43.3,16.5,16.5,16.5,1027.6,1027.6,1027.6,93,93,93,9,9,9,90,90,90,1790738443
30.09 03:23,11.5,11.5,11.5,14.5,14.5,14.5,12.8,12.8,12.8,12.8,12.8,12.8,12.5,12.5,12.5,43.0,43.0,43.0,17.0,17.0,17.0,1027.5,1027.5,1027.5,93,93,93,9,9,9,90,90,90,1790738623
30.09 03:31,11.5,11.5,11.5,14.5,14.5,14.5,12.8,12.8,12.8,12.8,12.8,12.8,12.5,12.5,12.5,43.0,43.0,43.0,16.5,16.5,16.5,1027.4,1027.4,1027.4,94,94,94,9,9,9,90,90,90,1790739103
30.09 03:32,11.0,11.0,11.0,14.5,14.5,14.5,12.8,12.8,12.8,12.8,12.8,12.8,12.5,12.5,12.5,42.7,42.7,42.7,16.5,16.5,16.5,1027.4,1027.4,1027.4, 0, 0, 0,9,9,9,90,90,90,1790739163
30.09 03:33,11.0,11.0,11.0,14.5,14.5,14.5,12.8,12.8,12.8,12.8,12.8,12.8,12.5,12.5,12.5,42.7,42.7,42.7,16.5,16.5,16.5,1027.4,1027.4,1027.4,94,94,94,9,9,9,90,90,90,1790739223
30.09 03:52,10.5,10.5,10.5,14.5,14.5,14.5,12.5,12.5,12.5,12.5,12.5,12.5,12.2,12.2,12.2,42.5,42.5,42.5,16.5,16.5,16.5,1027.4,1027.4,1027.4,93,93,93,9,9,9,90,90,90,1790740363
30.09 04:10,10.5,10.5,10.5,14.3,14.3,14.3,12.5,12.5,12.5,12.5,12.5,12.5,12.0,12.0,12.0,41.7,41.7,41.7,16.5,16.5,16.5,1027.4,1027.4,1027.4,93,93,93,9,9,9,90,90,90,1790741443
30.09 04:16,10.5,10.5,10.5,14.3,14.3,14.3,12.5,12.5,12.5,12.5,12.5,12.5,12.0,12.0,12.0,41.7,41.7,41.7,16.5,16.5,16.5,1027.5,1027.5,1027.5,93,93,93,9,9,9,90,90,90,1790741803
30.09 04:29,10.5,10.5,10.5,14.3,14.3,14.3,12.2,12.2,12.2,12.2,12.2,12.2,12.0,12.0,12.0,41.5,41.5,41.5,16.5,16.5,16.5,1027.5,1027.5,1027.5,94,94,94,9,9,9,90,90,90,1790742583
30.09 05:03,10.5,10.5,10.5,14.3,14.3,14.3,12.0,12.0,12.0,12.0,12.0,12.0,11.8,11.8,11.8,40.5,40.5,40.5,16.5,16.5,16.5,1027.6,1027.6,1027.6,94,94,94,9,9,9,90,90,90,1790744623
30.09 05:09,9.5,9.5,9.5,14.3,14.3,14.3,12.0,12.0,12.0,12.0,12.0,12.0,11.8,11.8,11.8,40.5,40.5,40.5,16.5,16.5,16.5,1027.6,1027.6,1027.6,94,94,94,9,9,9,90,90,90,1790744983
30.09 05:23,10.0,10.0,10.0,14.0,14.0,14.0,11.8,11.8,11.8,11.8,11.8,11.8,11.5,11.5,11.5,40.2,40.2,40.2,16.5,16.5,16.5,1027.5,1027.5,1027.5,94,94,94,9,9,9,90,90,90,1790745823
30.09 05:51,10.5,10.5,10.5,14.0,14.0,14.0,11.5,11.5,11.5,11.5,11.5,11.5,11.5,11.5,11.5,39.7,39.7,39.7,16.5,16.5,16.5,1027.6,1027.6,1027.6,94,94,94,9,9,9,90,90,90,1790747503
30.09 05:55,9.5,9.5,9.5,14.0,14.0,14.0,11.5,11.5,11.5,11.5,11.5,11.5,11.5,11.5,11.5,39.7,39.7,39.7,16.5,16.5,16.5,1027.6,1027.6,1027.6,94,94,94,9,9,9,90,90,90,1790747743
30.09 06:06,10.0,10.0,10.0,14.0,14.0,14.0,11.5,11.5,11.5,11.5,11.5,11.5,11.3,11.3,11.3,39.5,39.5,39.5,16.5,16.5,16.5,1027.5,1027.5,1027.5,95,95,95,9,9,9,90,90,90,1790748403
30.09 06:14,10.0,10.0,10.0,14.0,14.0,14.0,11.5,11.5,11.5,11.5,11.5,11.5,11.3,11.3,11.3,39.2,39.2,39.2,16.5,16.5,16.5,1027.6,1027.6,1027.6,95,95,95,9,9,9,90,90,90,1790748883
30.09 06:20,10.5,10.5,10.5,14.0,14.0,14.0,11.3,11.3,11.3,11.3,11.3,11.3,11.3,11.3,11.3,39.0,39.0,39.0,16.5,16.5,16.5,1027.6,1027.6,1027.6,95,95,95,9,9,9,90,90,90,1790749243
30.09 06:23,10.5,10.5,10.5,14.0,14.0,14.0,11.3,11.3,11.3,11.3,11.3,11.3,11.3,11.3,11.3,39.0,39.0,39.0,16.5,16.5,16.5,1027.7,1027.7,1027.7,95,95,95,9,9,9,90,90,90,1790749423
30.09 06:29,9.5,9.5,9.5,14.0,14.0,14.0,11.3,11.3,11.3,11.3,11.3,11.3,11.3,11.3,11.3,39.0,39.0,39.0,16.5,16.5,16.5,1027.7,1027.7,1027.7,94,94,94,9,9,9,90,90,90,1790749784
30.09 06:34,10.0,10.0,10.0,14.0,14.0,14.0,11.3,11.3,11.3,11.3,11.3,11.3,11.3,11.3,11.3,39.0,39.0,39.0,16.5,16.5,16.5,1027.8,1027.8,1027.8,94,94,94,9,9,9,90,90,90,1790750084
30.09 06:45,10.0,10.0,10.0,14.0,14.0,14.0,11.3,11.3,11.3,11.3,11.3,11.3,11.3,11.3,11.3,38.7,38.7,38.7,16.5,16.5,16.5,1027.8,1027.8,1027.8,95,95,95,9,9,9,90,90,90,1790750744
30.09 06:53,10.5,10.5,10.5,13.8,13.8,13.8,11.3,11.3,11.3,11.3,11.3,11.3,11.3,11.3,11.3,38.5,38.5,38.5,16.5,16.5,16.5,1027.9,1027.9,1027.9,95,95,95,9,9,9,90,90,90,1790751224
30.09 06:55,10.5,10.5,10.5,14.0,14.0,14.0,11.3,11.3,11.3,11.3,11.3,11.3,11.0,11.0,11.0,38.5,38.5,38.5,16.5,16.5,16.5,1027.9,1027.9,1027.9,95,95,95,9,9,9,90,90,90,1790751344
30.09 07:01,10.5,10.5,10.5,13.8,13.8,13.8,11.0,11.0,11.0,11.0,11.0,11.0,11.0,11.0,11.0,38.5,38.5,38.5,16.5,16.5,16.5,1028.0,1028.0,1028.0,95,95,95,9,9,9,90,90,90,1790751704
30.09 07:10,10.5,10.5,10.5,13.8,13.8,13.8,11.0,11.0,11.0,11.0,11.0,11.0,11.0,11.0,11.0,38.2,38.2,38.2,16.5,16.5,16.5,1028.1,1028.1,1028.1,95,95,95,9,9,9,90,90,90,1790752244
30.09 07:18,11.5,11.5,11.5,13.8,13.8,13.8,11.0,11.0,11.0,11.0,11.0,11.0,11.0,11.0,11.0,38.0,38.0,38.0,16.5,16.5,16.5,1028.1,1028.1,1028.1,95,95,95,9,9,9,90,90,90,1790752724
30.09 07:24,12.0,12.0,12.0,13.8,13.8,13.8,11.0,11.0,11.0,11.0,11.0,11.0,11.0,11.0,11.0,38.0,38.0,38.0,16.5,16.5,16.5,1028.1,1028.1,1028.1,96,96,96,9,9,9,90,90,90,1790753084
30.09 07:41,13.0,13.0,13.0,14.0,14.0,14.0,11.0,11.0,11.0,11.0,11.0,11.0,11.0,11.0,11.0,38.2,38.2,38.2,16.5,16.5,16.5,1028.1,1028.1,1028.1,96,96,96,9,9,9,90,90,90,1790754104
30.09 07:53,13.5,13.5,13.5,14.0,14.0,14.0,11.0,11.0,11.0,11.0,11.0,11.0,11.3,11.3,11.3,38.7,38.7,38.7,16.5,16.5,16.5,1028.2,1028.2,1028.2,96,96,96,9,9,9,90,90,90,1790754824
30.09 07:58,13.5,13.5,13.5,14.0,14.0,14.0,11.0,11.0,11.0,11.0,11.0,11.0,11.3,11.3,11.3,39.0,39.0,39.0,16.5,16.5,16.5,1028.3,1028.3,1028.3,96,96,96,9,9,9,90,90,90,1790755124
30.09 08:06,14.0,14.0,14.0,14.0,14.0,14.0,11.0,11.0,11.0,11.0,11.0,11.0,11.3,11.3,11.3,39.2,39.2,39.2,16.5,16.5,16.5,1028.3,1028.3,1028.3,95,95,95,9,9,9,90,90,90,1790755604
30.09 08:13,14.5,14.5,14.5,14.0,14.0,14.0,11.0,11.0,11.0,11.0,11.0,11.0,11.3,11.3,11.3,39.5,39.5,39.5,16.5,16.5,16.5,1028.4,1028.4,1028.4,94,94,94,9,9,9,90,90,90,1790756024
30.09 08:25,15.5,15.5,15.5,14.0,14.0,14.0,11.0,11.0,11.0,11.0,11.0,11.0,11.3,11.3,11.3,39.7,39.7,39.7,16.5,16.5,16.5,1028.3,1028.3,1028.3,93,93,93,9,9,9,90,90,90,1790756744
30.09 08:34,15.5,15.5,15.5,14.0,14.0,14.0,11.0,11.0,11.0,11.0,11.0,11.0,11.5,11.5,11.5,39.7,39.7,39.7,16.5,16.5,16.5,1028.4,1028.4,1028.4,92,92,92,9,9,9,90,90,90,1790757284
30.09 08:43,16.0,16.0,16.0,14.3,14.3,14.3,11.0,11.0,11.0,11.0,11.0,11.0,11.5,11.5,11.5,39.7,39.7,39.7,16.5,16.5,16.5,1028.4,1028.4,1028.4,91,91,91,9,9,9,90,90,90,1790757825
30.09 08:47,16.0,16.0,16.0,14.3,14.3,14.3,11.0,11.0,11.0,11.0,11.0,11.0,11.5,11.5,11.5,40.0,40.0,40.0,16.5,16.5,16.5,1028.5,1028.5,1028.5,90,90,90,9,9,9,90,90,90,1790758065
30.09 08:53,16.5,16.5,16.5,14.3,14.3,14.3,11.0,11.0,11.0,11.0,11.0,11.0,11.5,11.5,11.5,40.2,40.2,40.2,16.5,16.5,16.5,1028.6,1028.6,1028.6,90,90,90,9,9,9,90,90,90,1790758425
30.09 08:59,16.5,16.5,16.5,14.3,14.3,14.3,11.0,11.0,11.0,11.0,11.0,11.0,11.5,11.5,11.5,40.5,40.5,40.5,16.5,16.5,16.5,1028.6,1028.6,1028.6, 0, 0, 0,9,9,9,90,90,90,1790758785
30.09 09:00,17.0,17.0,17.0,14.3,14.3,14.3,11.0,11.0,11.0,11.0,11.0,11.0,11.5,11.5,11.5,40.5,40.5,40.5,16.5,16.5,16.5,1028.6,1028.6,1028.6,89,89,89,9,9,9,90,90,90,1790758845
30.09 09:04,17.0,17.0,17.0,14.3,14.3,14.3,11.0,11.0,11.0,11.0,11.0,11.0,11.5,11.5,11.5,40.8,40.8,40.8,16.5,16.5,16.5,1028.6,1028.6,1028.6,89,89,89,9,9,9,90,90,90,1790759085
30.09 09:16,17.5,17.5,17.5,14.3,14.3,14.3,11.0,11.0,11.0,11.0,11.0,11.0,11.8,11.8,11.8,41.2,41.2,41.2,16.5,16.5,16.5,1028.7,1028.7,1028.7,88,88,88,9,9,9,90,90,90,1790759805
30.09 09:28,18.0,18.0,18.0,14.5,14.5,14.5,11.3,11.3,11.3,11.3,11.3,11.3,11.8,11.8,11.8,41.5,41.5,41.5,16.5,16.5,16.5,1028.8,1028.8,1028.8,86,86,86,9,9,9,90,90,90,1790760525
30.09 09:39,18.0,18.0,18.0,14.5,14.5,14.5,11.3,11.3,11.3,11.3,11.3,11.3,11.8,11.8,11.8,41.2,41.2,41.2,16.5,16.5,16.5,1028.8,1028.8,1028.8,84,84,84,9,9,9,90,90,90,1790761185
30.09 09:47,18.5,18.5,18.5,14.5,14.5,14.5,11.3,11.3,11.3,11.3,11.3,11.3,12.0,12.0,12.0,41.0,41.0,41.0,16.5,16.5,16.5,1028.8,1028.8,1028.8,84,84,84,9,9,9,90,90,90,1790761665
30.09 09:58,19.5,19.5,19.5,14.7,14.7,14.7,11.5,11.5,11.5,11.5,11.5,11.5,12.0,12.0,12.0,41.0,41.0,41.0,16.5,16.5,16.5,1028.8,1028.8,1028.8,82,82,82,9,9,9,90,90,90,1790762325
30.09 10:18,20.0,20.0,20.0,15.0,15.0,15.0,11.8,11.8,11.8,11.8,11.8,11.8,12.5,12.5,12.5,41.0,41.0,41.0,16.5,16.5,16.5,1028.7,1028.7,1028.7,79,79,79,9,9,9,90,90,90,1790763525
30.09 10:28,20.0,20.0,20.0,15.3,15.3,15.3,11.8,11.8,11.8,11.8,11.8,11.8,12.5,12.5,12.5,40.8,40.8,40.8,16.5,16.5,16.5,1028.8,1028.8,1028.8, 0, 0, 0,9,9,9,90,90,90,1790764125
30.09 10:29,20.5,20.5,20.5,15.3,15.3,15.3,11.8,11.8,11.8,11.8,11.8,11.8,12.5,12.5,12.5,40.8,40.8,40.8,16.5,16.5,16.5,1028.8,1028.8,1028.8,79,79,79,9,9,9,90,90,90,1790764185
30.09 10:33,20.5,20.5,20.5,15.3,15.3,15.3,12.0,12.0,12.0,12.0,12.0,12.0,12.8,12.8,12.8,40.8,40.8,40.8,16.5,16.5,16.5,1028.7,1028.7,1028.7,78,78,78,9,9,9,90,90,90,1790764425
30.09 10:43,21.0,21.0,21.0,15.5,15.5,15.5,12.0,12.0,12.0,12.0,12.0,12.0,12.8,12.8,12.8,40.2,40.2,40.2,16.5,16.5,16.5,1028.7,1028.7,1028.7,77,77,77,9,9,9,90,90,90,1790765025
30.09 10:59,21.5,21.5,21.5,15.8,15.8,15.8,12.5,12.5,12.5,12.5,12.5,12.5,13.0,13.0,13.0,40.0,40.0,40.0,17.0,17.0,17.0,1028.7,1028.7,1028.7,75,75,75,9,9,9,90,90,90,1790765985
30.09 11:12,22.0,22.0,22.0,16.0,16.0,16.0,12.8,12.8,12.8,12.8,12.8,12.8,13.3,13.3,13.3,40.8,40.8,40.8,17.0,17.0,17.0,1028.7,1028.7,1028.7,72,72,72,9,9,9,90,90,90,1790766766
30.09 11:21,22.0,22.0,22.0,16.0,16.0,16.0,12.8,12.8,12.8,12.8,12.8,12.8,13.5,13.5,13.5,41.0,41.0,41.0,17.0,17.0,17.0,1028.7,1028.7,1028.7,72,72,72,9,9,9,90,90,90,1790767306
30.09 11:38,22.5,22.5,22.5,16.3,16.3,16.3,13.3,13.3,13.3,13.3,13.3,13.3,13.8,13.8,13.8,42.0,42.0,42.0,17.0,17.0,17.0,1028.6,1028.6,1028.6,71,71,71,9,9,9,90,90,90,1790768326
30.09 11:48,22.5,22.5,22.5,16.5,16.5,16.5,13.3,13.3,13.3,13.3,13.3,13.3,14.0,14.0,14.0,42.5,42.5,42.5,17.0,17.0,17.0,1028.7,1028.7,1028.7,68,68,68,9,9,9,90,90,90,1790768926
30.09 11:59,22.5,22.5,22.5,16.5,16.5,16.5,13.5,13.5,13.5,13.5,13.5,13.5,14.3,14.3,14.3,42.7,42.7,42.7,17.0,17.0,17.0,1028.6,1028.6,1028.6,70,70,70,9,9,9,90,90,90,1790769586
30.09 12:07,22.5,22.5,22.5,16.5,16.5,16.5,13.8,13.8,13.8,13.8,13.8,13.8,14.3,14.3,14.3,43.0,43.0,43.0,16.5,16.5,16.5,1028.6,1028.6,1028.6,69,69,69,9,9,9,90,90,90,1790770066
30.09 12:16,23.0,23.0,23.0,16.8,16.8,16.8,14.0,14.0,14.0,14.0,14.0,14.0,14.5,14.5,14.5,42.7,42.7,42.7,16.5,16.5,16.5,1028.5,1028.5,1028.5,69,69,69,9,9,9,90,90,90,1790770606
30.09 12:26,23.0,23.0,23.0,16.8,16.8,16.8,14.0,14.0,14.0,20.0,20.0,20.0,14.5,14.5,14.5,43.0,43.0,43.0,16.5,16.5,16.5,1028.5,1028.5,1028.5,68,68,68,9,9,9,90,90,90,1790771203
30.09 12:32,23.5,23.5,23.5,16.8,16.8,16.8,14.3,14.3,14.3,20.0,20.0,20.0,14.5,14.5,14.5,43.3,43.3,43.3,16.5,16.5,16.5,1028.4,1028.4,1028.4,69,69,69,9,9,9,90,90,90,1790771563
30.09 12:35,23.5,23.5,23.5,16.8,16.8,16.8,14.3,14.3,14.3,20.0,20.0,20.0,14.7,14.7,14.7,43.5,43.5,43.5,16.5,16.5,16.5,1028.4,1028.4,1028.4,70,70,70,9,9,9,90,90,90,1790771743
30.09 12:42,24.0,24.0,24.0,16.8,16.8,16.8,14.5,14.5,14.5,20.0,20.0,20.0,14.7,14.7,14.7,43.7,43.7,43.7,17.0,17.0,17.0,1028.4,1028.4,1028.4,67,67,67,9,9,9,90,90,90,1790772163
30.09 12:44,24.0,24.0,24.0,16.8,16.8,16.8,14.5,14.5,14.5,20.0,20.0,20.0,14.7,14.7,14.7,44.0,44.0,44.0,17.0,17.0,17.0,1028.3,1028.3,1028.3,65,65,65,9,9,9,90,90,90,1790772283
30.09 12:46,23.5,23.5,23.5,16.8,16.8,16.8,14.5,14.5,14.5,14.5,14.5,14.5,14.7,14.7,14.7,44.0,44.0,44.0,17.0,17.0,17.0,1028.3,1028.3,1028.3,65,65,65,9,9,9,90,90,90,1790772403
30.09 13:03,23.5,23.5,23.5,17.0,17.0,17.0,15.0,15.0,15.0,15.0,15.0,15.0,15.0,15.0,15.0,44.7,44.7,44.7,16.5,16.5,16.5,1028.3,1028.3,1028.3,64,64,64,9,9,9,90,90,90,1790773423
30.09 13:06,23.5,23.5,23.5,17.0,17.0,17.0,15.0,15.0,15.0,15.0,15.0,15.0,15.3,15.3,15.3,45.0,45.0,45.0,16.5,16.5,16.5,1028.2,1028.2,1028.2,64,64,64,9,9,9,90,90,90,1790773603
30.09 13:10,24.0,24.0,24.0,17.0,17.0,17.0,15.0,15.0,15.0,15.0,15.0,15.0,15.3,15.3,15.3,45.2,45.2,45.2,16.5,16.5,16.5,1028.2,1028.2,1028.2,65,65,65,9,9,9,90,90,90,1790773843
30.09 13:12,23.5,23.5,23.5,17.0,17.0,17.0,15.3,15.3,15.3,15.3,15.3,15.3,15.3,15.3,15.3,45.2,45.2,45.2,16.5,16.5,16.5,1028.1,1028.1,1028.1,65,65,65,9,9,9,90,90,90,1790773963
30.09 13:22,24.0,24.0,24.0,17.0,17.0,17.0,15.5,15.5,15.5,20.0,20.0,20.0,15.5,15.5,15.5,46.0,46.0,46.0,16.5,16.5,16.5,1028.0,1028.0,1028.0,65,65,65,9,9,9,90,90,90,1790774554
30.09 13:25,24.0,24.0,24.0,17.2,17.2,17.2,15.5,15.5,15.5,20.0,20.0,20.0,15.5,15.5,15.5,46.2,46.2,46.2,16.5,16.5,16.5,1028.0,1028.0,1028.0,64,64,64,9,9,9,90,90,90,1790774734
30.09 13:30,23.5,23.5,23.5,17.2,17.2,17.2,15.8,15.8,15.8,20.0,20.0,20.0,15.5,15.5,15.5,46.5,46.5,46.5,16.5,16.5,16.5,1027.9,1027.9,1027.9,62,62,62,9,9,9,90,90,90,1790775034
30.09 13:33,24.0,24.0,24.0,17.2,17.2,17.2,15.8,15.8,15.8,20.0,20.0,20.0,15.5,15.5,15.5,46.5,46.5,46.5,16.5,16.5,16.5,1027.9,1027.9,1027.9,65,65,65,9,9,9,90,90,90,1790775214
30.09 13:40,23.5,23.5,23.5,17.2,17.2,17.2,16.0,16.0,16.0,20.0,20.0,20.0,15.8,15.8,15.8,46.7,46.7,46.7,16.5,16.5,16.5,1027.8,1027.8,1027.8,64,64,64,9,9,9,90,90,90,1790775634
30.09 13:41,24.0,24.0,24.0,17.2,17.2,17.2,16.0,16.0,16.0,20.0,20.0,20.0,15.8,15.8,15.8,47.0,47.0,47.0,16.5,16.5,16.5,1027.8,1027.8,1027.8, 0, 0, 0,9,9,9,90,90,90,1790775694
30.09 13:42,24.0,24.0,24.0,17.2,17.2,17.2,16.0,16.0,16.0,16.0,16.0,16.0,15.8,15.8,15.8,47.0,47.0,47.0,16.5,16.5,16.5,1027.8,1027.8,1027.8,63,63,63,9,9,9,90,90,90,1790775754
30.09 13:45,24.0,24.0,24.0,17.2,17.2,17.2,16.3,16.3,16.3,16.3,16.3,16.3,15.8,15.8,15.8,47.2,47.2,47.2,16.5,16.5,16.5,1027.7,1027.7,1027.7,64,64,64,9,9,9,90,90,90,1790775934
30.09 13:54,24.0,24.0,24.0,17.2,17.2,17.2,16.3,16.3,16.3,16.3,16.3,16.3,15.8,15.8,15.8,47.7,47.7,47.7,16.5,16.5,16.5,1027.7,1027.7,1027.7,64,64,64,9,9,9,90,90,90,1790776474
30.09 13:57,24.0,24.0,24.0,17.2,17.2,17.2,16.5,16.5,16.5,16.5,16.5,16.5,15.8,15.8,15.8,48.0,48.0,48.0,16.5,16.5,16.5,1027.6,1027.6,1027.6,64,64,64,9,9,9,90,90,90,1790776654
30.09 14:13,24.0,24.0,24.0,17.2,17.2,17.2,16.5,16.5,16.5,16.5,16.5,16.5,16.0,16.0,16.0,48.7,48.7,48.7,16.5,16.5,16.5,1027.6,1027.6,1027.6,64,64,64,9,9,9,90,90,90,1790777614
30.09 14:19,24.5,24.5,24.5,17.2,17.2,17.2,16.5,16.5,16.5,20.0,20.0,20.0,16.0,16.0,16.0,49.0,49.0,49.0,16.5,16.5,16.5,1027.5,1027.5,1027.5,64,64,64,9,9,9,90,90,90,1790777984
30.09 14:37,24.0,24.0,24.0,17.2,17.2,17.2,16.5,16.5,16.5,20.0,20.0,20.0,16.3,16.3,16.3,49.7,49.7,49.7,16.5,16.5,16.5,1027.5,1027.5,1027.5,63,63,63,9,9,9,90,90,90,1790779065
30.09 14:39,24.0,24.0,24.0,17.2,17.2,17.2,16.5,16.5,16.5,16.5,16.5,16.5,16.0,16.0,16.0,49.7,49.7,49.7,16.5,16.5,16.5,1027.5,1027.5,1027.5,64,64,64,9,9,9,90,90,90,1790779185
30.09 14:53,24.0,24.0,24.0,17.0,17.0,17.0,16.8,16.8,16.8,16.8,16.8,16.8,16.3,16.3,16.3,50.2,50.2,50.2,16.5,16.5,16.5,1027.4,1027.4,1027.4,63,63,63,9,9,9,90,90,90,1790780025
30.09 15:04,24.0,24.0,24.0,17.0,17.0,17.0,16.8,16.8,16.8,16.8,16.8,16.8,16.3,16.3,16.3,51.0,51.0,51.0,16.5,16.5,16.5,1027.4,1027.4,1027.4,63,63,63,9,9,9,90,90,90,1790780685
30.09 15:09,24.0,24.0,24.0,17.0,17.0,17.0,16.8,16.8,16.8,16.8,16.8,16.8,16.3,16.3,16.3,51.2,51.2,51.2,16.5,16.5,16.5,1027.3,1027.3,1027.3,63,63,63,9,9,9,90,90,90,1790780985
30.09 15:14,24.0,24.0,24.0,17.0,17.0,17.0,16.8,16.8,16.8,20.0,20.0,20.0,16.3,16.3,16.3,51.5,51.5,51.5,16.5,16.5,16.5,1027.3,1027.3,1027.3,63,63,63,9,9,9,90,90,90,1790781298
30.09 15:17,24.0,24.0,24.0,17.0,17.0,17.0,16.8,16.8,16.8,20.0,20.0,20.0,16.3,16.3,16.3,51.5,51.5,51.5,16.5,16.5,16.5,1027.2,1027.2,1027.2,64,64,64,9,9,9,90,90,90,1790781478
30.09 15:26,24.0,24.0,24.0,17.0,17.0,17.0,16.8,16.8,16.8,20.0,20.0,20.0,16.3,16.3,16.3,51.0,51.0,51.0,16.5,16.5,16.5,1027.2,1027.2,1027.2,61,61,61,9,9,9,90,90,90,1790782018
30.09 15:31,24.0,24.0,24.0,17.0,17.0,17.0,16.8,16.8,16.8,20.0,20.0,20.0,16.3,16.3,16.3,50.8,50.8,50.8,16.5,16.5,16.5,1027.1,1027.1,1027.1,62,62,62,9,9,9,90,90,90,1790782318
30.09 15:34,24.0,24.0,24.0,17.0,17.0,17.0,16.8,16.8,16.8,16.8,16.8,16.8,16.3,16.3,16.3,50.5,50.5,50.5,16.5,16.5,16.5,1027.1,1027.1,1027.1,63,63,63,9,9,9,90,90,90,1790782498
30.09 15:39,24.0,24.0,24.0,17.0,17.0,17.0,16.8,16.8,16.8,16.8,16.8,16.8,16.3,16.3,16.3,50.2,50.2,50.2,16.5,16.5,16.5,1027.0,1027.0,1027.0,63,63,63,9,9,9,90,90,90,1790782798
30.09 15:46,24.0,24.0,24.0,17.0,17.0,17.0,16.8,16.8,16.8,16.8,16.8,16.8,16.3,16.3,16.3,50.2,50.2,50.2,16.5,16.5,16.5,1026.9,1026.9,1026.9,63,63,63,9,9,9,90,90,90,1790783218
30.09 16:11,23.5,23.5,23.5,16.8,16.8,16.8,16.8,16.8,16.8,20.0,20.0,20.0,16.3,16.3,16.3,50.0,50.0,50.0,16.5,16.5,16.5,1027.0,1027.0,1027.0,63,63,63,9,9,9,90,90,90,1790784674
30.09 16:30,23.5,23.5,23.5,16.8,16.8,16.8,16.8,16.8,16.8,20.0,20.0,20.0,16.3,16.3,16.3,49.7,49.7,49.7,16.5,16.5,16.5,1026.9,1026.9,1026.9,66,66,66,9,9,9,90,90,90,1790785814
30.09 16:31,23.5,23.5,23.5,16.8,16.8,16.8,16.8,16.8,16.8,16.8,16.8,16.8,16.3,16.3,16.3,49.7,49.7,49.7,16.5,16.5,16.5,1026.9,1026.9,1026.9,65,65,65,9,9,9,90,90,90,1790785874
30.09 16:35,23.5,23.5,23.5,16.8,16.8,16.8,16.8,16.8,16.8,16.8,16.8,16.8,16.3,16.3,16.3,49.7,49.7,49.7,16.5,16.5,16.5,1026.9,1026.9,1026.9,65,65,65,9,9,9,90,90,90,1790786114
30.09 16:43,23.5,23.5,23.5,16.8,16.8,16.8,16.8,16.8,16.8,16.8,16.8,16.8,16.3,16.3,16.3,49.7,49.7,49.7,16.5,16.5,16.5,1026.8,1026.8,1026.8,65,65,65,9,9,9,90,90,90,1790786594
30.09 16:49,23.5,23.5,23.5,16.8,16.8,16.8,16.8,16.8,16.8,16.8,16.8,16.8,16.3,16.3,16.3,49.7,49.7,49.7,16.5,16.5,16.5,1026.8,1026.8,1026.8,65,65,65,9,9,9,90,90,90,1790786954
30.09 17:07,23.0,23.0,23.0,16.8,16.8,16.8,16.5,16.5,16.5,20.0,20.0,20.0,16.3,16.3,16.3,49.5,49.5,49.5,16.5,16.5,16.5,1026.8,1026.8,1026.8,65,65,65,9,9,9,90,90,90,1790788079
30.09 17:11,22.5,22.5,22.5,16.8,16.8,16.8,16.5,16.5,16.5,20.0,20.0,20.0,16.3,16.3,16.3,49.2,49.2,49.2,16.5,16.5,16.5,1026.7,1026.7,1026.7,66,66,66,9,9,9,90,90,90,1790788319
30.09 17:27,22.5,22.5,22.5,16.5,16.5,16.5,16.5,16.5,16.5,16.5,16.5,16.5,16.3,16.3,16.3,49.2,49.2,49.2,16.5,16.5,16.5,1026.7,1026.7,1026.7,67,67,67,9,9,9,90,90,90,1790789279
30.09 17:44,22.0,22.0,22.0,16.5,16.5,16.5,16.5,16.5,16.5,16.5,16.5,16.5,16.3,16.3,16.3,48.7,48.7,48.7,16.5,16.5,16.5,1026.7,1026.7,1026.7,69,69,69,9,9,9,90,90,90,1790790299
30.09 17:50,22.0,22.0,22.0,16.5,16.5,16.5,16.5,16.5,16.5,16.5,16.5,16.5,16.3,16.3,16.3,48.7,48.7,48.7,16.5,16.5,16.5,1026.8,1026.8,1026.8,69,69,69,9,9,9,90,90,90,1790790659
30.09 17:58,21.0,21.0,21.0,16.5,16.5,16.5,16.5,16.5,16.5,16.5,16.5,16.5,16.3,16.3,16.3,48.5,48.5,48.5,16.5,16.5,16.5,1026.7,1026.7,1026.7,71,71,71,9,9,9,90,90,90,1790791139
30.09 18:04,21.0,21.0,21.0,16.5,16.5,16.5,16.5,16.5,16.5,20.0,20.0,20.0,16.3,16.3,16.3,48.3,48.3,48.3,16.5,16.5,16.5,1026.8,1026.8,1026.8,72,72,72,9,9,9,90,90,90,1790791458
30.09 18:11,20.5,20.5,20.5,16.5,16.5,16.5,16.5,16.5,16.5,20.0,20.0,20.0,16.3,16.3,16.3,48.0,48.0,48.0,16.5,16.5,16.5,1026.8,1026.8,1026.8,73,73,73,9,9,9,90,90,90,1790791878
30.09 18:23,19.5,19.5,19.5,16.3,16.3,16.3,16.3,16.3,16.3,20.0,20.0,20.0,16.0,16.0,16.0,47.7,47.7,47.7,16.5,16.5,16.5,1026.8,1026.8,1026.8,75,75,75,9,9,9,90,90,90,1790792598
30.09 18:24,19.5,19.5,19.5,16.3,16.3,16.3,16.3,16.3,16.3,16.3,16.3,16.3,16.0,16.0,16.0,47.5,47.5,47.5,16.5,16.5,16.5,1026.8,1026.8,1026.8,76,76,76,9,9,9,90,90,90,1790792658
30.09 18:30,20.0,20.0,20.0,16.3,16.3,16.3,16.3,16.3,16.3,16.3,16.3,16.3,16.0,16.0,16.0,47.5,47.5,47.5,16.5,16.5,16.5,1026.8,1026.8,1026.8, 0, 0, 0,9,9,9,90,90,90,1790793018
30.09 18:31,20.0,20.0,20.0,16.3,16.3,16.3,16.3,16.3,16.3,16.3,16.3,16.3,16.0,16.0,16.0,47.5,47.5,47.5,16.5,16.5,16.5,1026.8,1026.8,1026.8,76,76,76,9,9,9,90,90,90,1790793078
30.09 18:39,19.5,19.5,19.5,16.3,16.3,16.3,16.3,16.3,16.3,16.3,16.3,16.3,16.0,16.0,16.0,47.2,47.2,47.2,16.5,16.5,16.5,1026.8,1026.8,1026.8,77,77,77,9,9,9,90,90,90,1790793558
30.09 18:45,19.0,19.0,19.0,16.3,16.3,16.3,16.3,16.3,16.3,20.0,20.0,20.0,16.0,16.0,16.0,47.2,47.2,47.2,16.5,16.5,16.5,1026.8,1026.8,1026.8,78,78,78,9,9,9,90,90,90,1790793932
30.09 18:58,18.5,18.5,18.5,16.3,16.3,16.3,16.0,16.0,16.0,20.0,20.0,20.0,15.8,15.8,15.8,47.0,47.0,47.0,17.0,17.0,17.0,1026.8,1026.8,1026.8,81,81,81,9,9,9,90,90,90,1790794712
30.09 19:01,18.5,18.5,18.5,16.3,16.3,16.3,16.0,16.0,16.0,20.0,20.0,20.0,15.8,15.8,15.8,47.0,47.0,47.0,17.0,17.0,17.0,1026.9,1026.9,1026.9, 0, 0, 0,9,9,9,90,90,90,1790794892
30.09 19:02,18.5,18.5,18.5,16.3,16.3,16.3,16.0,16.0,16.0,20.0,20.0,20.0,15.8,15.8,15.8,47.0,47.0,47.0,17.0,17.0,17.0,1026.9,1026.9,1026.9,81,81,81,9,9,9,90,90,90,1790794952
30.09 19:05,18.0,18.0,18.0,16.0,16.0,16.0,16.0,16.0,16.0,16.0,16.0,16.0,15.8,15.8,15.8,47.0,47.0,47.0,17.0,17.0,17.0,1026.9,1026.9,1026.9,82,82,82,9,9,9,90,90,90,1790795132
30.09 19:08,18.0,18.0,18.0,16.0,16.0,16.0,16.0,16.0,16.0,20.0,20.0,20.0,15.8,15.8,15.8,46.7,46.7,46.7,17.0,17.0,17.0,1026.9,1026.9,1026.9,82,82,82,9,9,9,90,90,90,1790795312
30.09 19:12,17.0,17.0,17.0,16.0,16.0,16.0,16.0,16.0,16.0,20.0,20.0,20.0,15.8,15.8,15.8,46.7,46.7,46.7,17.0,17.0,17.0,1026.9,1026.9,1026.9,82,82,82,9,9,9,90,90,90,1790795522
30.09 19:13,17.0,17.0,17.0,16.0,16.0,16.0,16.0,16.0,16.0,20.0,20.0,20.0,15.8,15.8,15.8,46.7,46.7,46.7,17.0,17.0,17.0,1026.9,1026.9,1026.9,83,83,83,9,9,9,90,90,90,1790795611
30.09 19:24,16.0,16.0,16.0,16.0,16.0,16.0,15.8,15.8,15.8,20.0,20.0,20.0,15.8,15.8,15.8,46.7,46.7,46.7,16.5,16.5,16.5,1026.9,1026.9,1026.9,85,85,85,9,9,9,90,90,90,1790796271
30.09 19:33,16.0,16.0,16.0,16.0,16.0,16.0,15.8,15.8,15.8,15.8,15.8,15.8,15.8,15.8,15.8,46.5,46.5,46.5,16.5,16.5,16.5,1026.9,1026.9,1026.9,85,85,85,9,9,9,90,90,90,1790796811
30.09 19:49,16.0,16.0,16.0,16.0,16.0,16.0,15.5,15.5,15.5,15.5,15.5,15.5,15.5,15.5,15.5,46.2,46.2,46.2,16.5,16.5,16.5,1027.0,1027.0,1027.0,87,87,87,9,9,9,90,90,90,1790797772
30.09 20:14,16.5,16.5,16.5,15.8,15.8,15.8,15.5,15.5,15.5,15.5,15.5,15.5,15.5,15.5,15.5,46.0,46.0,46.0,16.5,16.5,16.5,1027.0,1027.0,1027.0,85,85,85,9,9,9,90,90,90,1790799272
30.09 20:23,17.0,17.0,17.0,15.8,15.8,15.8,15.5,15.5,15.5,15.5,15.5,15.5,15.3,15.3,15.3,46.0,46.0,46.0,16.5,16.5,16.5,1027.1,1027.1,1027.1,85,85,85,9,9,9,90,90,90,1790799812
30.09 20:32,16.5,16.5,16.5,15.8,15.8,15.8,15.3,15.3,15.3,15.3,15.3,15.3,15.3,15.3,15.3,46.0,46.0,46.0,16.5,16.5,16.5,1027.1,1027.1,1027.1,85,85,85,9,9,9,90,90,90,1790800352
30.09 20:38,17.0,17.0,17.0,15.8,15.8,15.8,15.3,15.3,15.3,15.3,15.3,15.3,15.3,15.3,15.3,46.0,46.0,46.0,16.5,16.5,16.5,1027.2,1027.2,1027.2,85,85,85,9,9,9,90,90,90,1790800712
30.09 20:39,17.0,17.0,17.0,15.8,15.8,15.8,15.3,15.3,15.3,15.3,15.3,15.3,15.3,15.3,15.3,45.8,45.8,45.8,16.5,16.5,16.5,1027.2,1027.2,1027.2, 0, 0, 0,9,9,9,90,90,90,1790800772
30.09 20:40,17.0,17.0,17.0,15.8,15.8,15.8,15.3,15.3,15.3,15.3,15.3,15.3,15.3,15.3,15.3,45.8,45.8,45.8,16.5,16.5,16.5,1027.2,1027.2,1027.2,85,85,85,9,9,9,90,90,90,1790800832
30.09 20:46,16.5,16.5,16.5,15.8,15.8,15.8,15.3,15.3,15.3,15.3,15.3,15.3,15.3,15.3,15.3,45.8,45.8,45.8,16.5,16.5,16.5,1027.2,1027.2,1027.2,85,85,85,0,0,0,90,90,90,1790801192
30.09 21:04,16.5,16.5,16.5,15.8,15.8,15.8,15.3,15.3,15.3,15.3,15.3,15.3,15.0,15.0,15.0,45.8,45.8,45.8,16.5,16.5,16.5,1027.3,1027.3,1027.3,85,85,85,0,0,0,90,90,90,1790802272
30.09 21:12,16.5,16.5,16.5,15.8,15.8,15.8,15.3,15.3,15.3,15.3,15.3,15.3,15.0,15.0,15.0,45.5,45.5,45.5,16.5,16.5,16.5,1027.3,1027.3,1027.3,85,85,85,0,0,0,90,90,90,1790802752
30.09 21:20,16.5,16.5,16.5,15.5,15.5,15.5,15.3,15.3,15.3,15.3,15.3,15.3,15.0,15.0,15.0,45.5,45.5,45.5,16.5,16.5,16.5,1027.4,1027.4,1027.4,86,86,86,0,0,0,90,90,90,1790803232
30.09 21:24,16.5,16.5,16.5,15.5,15.5,15.5,15.3,15.3,15.3,15.3,15.3,15.3,15.0,15.0,15.0,45.5,45.5,45.5,16.5,16.5,16.5,1027.4,1027.4,1027.4, 0, 0, 0,0,0,0,90,90,90,1790803472
30.09 21:25,16.5,16.5,16.5,15.5,15.5,15.5,15.3,15.3,15.3,15.3,15.3,15.3,15.0,15.0,15.0,45.5,45.5,45.5,16.5,16.5,16.5,1027.4,1027.4,1027.4,86,86,86,0,0,0,90,90,90,1790803532
30.09 21:37,17.0,17.0,17.0,15.5,15.5,15.5,15.3,15.3,15.3,15.3,15.3,15.3,15.0,15.0,15.0,45.5,45.5,45.5,16.5,16.5,16.5,1027.5,1027.5,1027.5,85,85,85,0,0,0,90,90,90,1790804252
30.09 21:58,16.5,16.5,16.5,15.5,15.5,15.5,15.0,15.0,15.0,15.0,15.0,15.0,14.7,14.7,14.7,45.2,45.2,45.2,16.5,16.5,16.5,1027.4,1027.4,1027.4,86,86,86,0,0,0,90,90,90,1790805512
30.09 22:38,16.0,16.0,16.0,15.5,15.5,15.5,15.0,15.0,15.0,15.0,15.0,15.0,14.7,14.7,14.7,44.7,44.7,44.7,16.5,16.5,16.5,1027.5,1027.5,1027.5,87,87,87,0,0,0,90,90,90,1790807913
30.09 22:46,16.0,16.0,16.0,15.5,15.5,15.5,15.0,15.0,15.0,15.0,15.0,15.0,14.5,14.5,14.5,44.5,44.5,44.5,16.5,16.5,16.5,1027.5,1027.5,1027.5,87,87,87,0,0,0,90,90,90,1790808393
30.09 22:52,16.0,16.0,16.0,15.3,15.3,15.3,14.7,14.7,14.7,14.7,14.7,14.7,14.5,14.5,14.5,44.5,44.5,44.5,16.5,16.5,16.5,1027.6,1027.6,1027.6,87,87,87,0,0,0,90,90,90,1790808753
30.09 22:56,15.0,15.0,15.0,15.3,15.3,15.3,14.7,14.7,14.7,14.7,14.7,14.7,14.5,14.5,14.5,44.2,44.2,44.2,16.5,16.5,16.5,1027.6,1027.6,1027.6,87,87,87,0,0,0,90,90,90,1790808993
30.09 23:03,15.5,15.5,15.5,15.3,15.3,15.3,14.7,14.7,14.7,14.7,14.7,14.7,14.5,14.5,14.5,44.2,44.2,44.2,16.5,16.5,16.5,1027.5,1027.5,1027.5,88,88,88,0,0,0,90,90,90,1790809413
30.09 23:47,15.5,15.5,15.5,15.3,15.3,15.3,14.7,14.7,14.7,14.7,14.7,14.7,14.3,14.3,14.3,43.7,43.7,43.7,16.5,16.5,16.5,1027.5,1027.5,1027.5,88,88,88,0,0,0,90,90,90,1790812053
01.10 00:06,14.5,14.5,14.5,15.0,15.0,15.0,14.5,14.5,14.5,14.5,14.5,14.5,14.0,14.0,14.0,43.5,43.5,43.5,16.5,16.5,16.5,1027.5,1027.5,1027.5,88,88,88,0,0,0,90,90,90,1790813193
01.10 00:15,14.5,14.5,14.5,15.0,15.0,15.0,14.5,14.5,14.5,14.5,14.5,14.5,14.0,14.0,14.0,43.3,43.3,43.3,16.5,16.5,16.5,1027.5,1027.5,1027.5,89,89,89,0,0,0,90,90,90,1790813733
01.10 00:26,13.5,13.5,13.5,15.0,15.0,15.0,14.3,14.3,14.3,14.3,14.3,14.3,14.0,14.0,14.0,43.3,43.3,43.3,16.5,16.5,16.5,1027.5,1027.5,1027.5,90,90,90,0,0,0,90,90,90,1790814393
01.10 00:45,13.0,13.0,13.0,14.7,14.7,14.7,14.3,14.3,14.3,14.3,14.3,14.3,13.8,13.8,13.8,43.0,43.0,43.0,16.5,16.5,16.5,1027.4,1027.4,1027.4,91,91,91,0,0,0,90,90,90,1790815534
01.10 00:52,13.5,13.5,13.5,14.7,14.7,14.7,14.3,14.3,14.3,14.3,14.3,14.3,13.8,13.8,13.8,42.7,42.7,42.7,16.5,16.5,16.5,1027.5,1027.5,1027.5,91,91,91,0,0,0,90,90,90,1790815954
01.10 01:14,12.5,12.5,12.5,14.7,14.7,14.7,14.0,14.0,14.0,14.0,14.0,14.0,13.5,13.5,13.5,42.5,42.5,42.5,16.5,16.5,16.5,1027.6,1027.6,1027.6,93,93,93,0,0,0,90,90,90,1790817274
01.10 01:23,12.5,12.5,12.5,14.7,14.7,14.7,14.0,14.0,14.0,14.0,14.0,14.0,13.5,13.5,13.5,42.5,42.5,42.5,16.5,16.5,16.5,1027.6,1027.6,1027.6, 0, 0, 0,0,0,0,90,90,90,1790817814
01.10 01:24,12.5,12.5,12.5,14.7,14.7,14.7,14.0,14.0,14.0,14.0,14.0,14.0,13.5,13.5,13.5,42.5,42.5,42.5,16.5,16.5,16.5,1027.6,1027.6,1027.6,93,93,93,0,0,0,90,90,90,1790817874
01.10 01:26,12.5,12.5,12.5,14.7,14.7,14.7,14.0,14.0,14.0,14.0,14.0,14.0,13.5,13.5,13.5,42.5,42.5,42.5,16.5,16.5,16.5,1027.6,1027.6,1027.6, 0, 0, 0,0,0,0,90,90,90,1790817994
01.10 01:27,12.5,12.5,12.5,14.7,14.7,14.7,14.0,14.0,14.0,14.0,14.0,14.0,13.5,13.5,13.5,42.5,42.5,42.5,16.5,16.5,16.5,1027.6,1027.6,1027.6,93,93,93,0,0,0,90,90,90,1790818054
01.10 01:29,13.0,13.0,13.0,14.7,14.7,14.7,14.0,14.0,14.0,14.0,14.0,14.0,13.5,13.5,13.5,42.5,42.5,42.5,16.5,16.5,16.5,1027.6,1027.6,1027.6, 0, 0, 0,0,0,0,90,90,90,1790818174
01.10 01:30,13.0,13.0,13.0,14.7,14.7,14.7,14.0,14.0,14.0,14.0,14.0,14.0,13.5,13.5,13.5,42.5,42.5,42.5,16.5,16.5,16.5,1027.6,1027.6,1027.6,93,93,93,0,0,0,90,90,90,1790818234
01.10 01:32,13.0,13.0,13.0,14.7,14.7,14.7,14.0,14.0,14.0,14.0,14.0,14.0,13.5,13.5,13.5,42.5,42.5,42.5,16.5,16.5,16.5,1027.6,1027.6,1027.6, 0, 0, 0,0,0,0,90,90,90,1790818354
01.10 01:33,13.0,13.0,13.0,14.7,14.7,14.7,14.0,14.0,14.0,14.0,14.0,14.0,13.5,13.5,13.5,42.2,42.2,42.2,16.5,16.5,16.5,1027.6,1027.6,1027.6,93,93,93,0,0,0,90,90,90,1790818414
01.10 01:36,13.0,13.0,13.0,14.7,14.7,14.7,14.0,14.0,14.0,14.0,14.0,14.0,13.5,13.5,13.5,42.2,42.2,42.2,16.5,16.5,16.5,1027.5,1027.5,1027.5,92,92,92,0,0,0,90,90,90,1790818594
01.10 01:45,12.0,12.0,12.0,14.7,14.7,14.7,13.8,13.8,13.8,13.8,13.8,13.8,13.3,13.3,13.3,42.2,42.2,42.2,16.5,16.5,16.5,1027.5,1027.5,1027.5,92,92,92,0,0,0,90,90,90,1790819134
01.10 01:51,12.5,12.5,12.5,14.5,14.5,14.5,13.8,13.8,13.8,13.8,13.8,13.8,13.3,13.3,13.3,42.2,42.2,42.2,16.5,16.5,16.5,1027.4,1027.4,1027.4,92,92,92,0,0,0,90,90,90,1790819494
01.10 02:07,12.5,12.5,12.5,14.5,14.5,14.5,13.8,13.8,13.8,13.8,13.8,13.8,13.3,13.3,13.3,42.0,42.0,42.0,16.5,16.5,16.5,1027.4,1027.4,1027.4,92,92,92,0,0,0,90,90,90,1790820454
01.10 02:22,12.5,12.5,12.5,14.5,14.5,14.5,13.5,13.5,13.5,13.5,13.5,13.5,13.0,13.0,13.0,41.7,41.7,41.7,16.5,16.5,16.5,1027.3,1027.3,1027.3,92,92,92,0,0,0,90,90,90,1790821354
01.10 02:29,12.0,12.0,12.0,14.5,14.5,14.5,13.5,13.5,13.5,13.5,13.5,13.5,13.0,13.0,13.0,41.5,41.5,41.5,16.5,16.5,16.5,1027.2,1027.2,1027.2,92,92,92,0,0,0,90,90,90,1790821774
01.10 02:36,12.0,12.0,12.0,14.5,14.5,14.5,13.5,13.5,13.5,13.5,13.5,13.5,13.0,13.0,13.0,41.5,41.5,41.5,16.5,16.5,16.5,1027.2,1027.2,1027.2,92,92,92,0,0,0,90,90,90,1790822194
01.10 02:48,11.5,11.5,11.5,14.5,14.5,14.5,13.3,13.3,13.3,13.3,13.3,13.3,13.0,13.0,13.0,41.2,41.2,41.2,16.5,16.5,16.5,1027.2,1027.2,1027.2,92,92,92,0,0,0,90,90,90,1790822914
01.10 03:04,11.5,11.5,11.5,14.3,14.3,14.3,13.3,13.3,13.3,13.3,13.3,13.3,12.8,12.8,12.8,41.2,41.2,41.2,16.5,16.5,16.5,1027.2,1027.2,1027.2,93,93,93,0,0,0,90,90,90,1790823875
01.10 03:09,11.5,11.5,11.5,14.3,14.3,14.3,13.3,13.3,13.3,13.3,13.3,13.3,12.8,12.8,12.8,41.0,41.0,41.0,16.5,16.5,16.5,1027.1,1027.1,1027.1,93,93,93,0,0,0,90,90,90,1790824175
01.10 03:23,10.5,10.5,10.5,14.3,14.3,14.3,13.0,13.0,13.0,13.0,13.0,13.0,12.8,12.8,12.8,41.0,41.0,41.0,16.5,16.5,16.5,1027.2,1027.2,1027.2, 0, 0, 0,0,0,0,90,90,90,1790825015
01.10 03:24,10.5,10.5,10.5,14.3,14.3,14.3,13.0,13.0,13.0,13.0,13.0,13.0,12.8,12.8,12.8,41.0,41.0,41.0,16.5,16.5,16.5,1027.2,1027.2,1027.2,92,92,92,0,0,0,90,90,90,1790825075
01.10 03:58,10.5,10.5,10.5,14.0,14.0,14.0,12.8,12.8,12.8,12.8,12.8,12.8,12.5,12.5,12.5,40.5,40.5,40.5,16.5,16.5,16.5,1027.2,1027.2,1027.2,93,93,93,0,0,0,90,90,90,1790827115
01.10 04:14,11.0,11.0,11.0,14.0,14.0,14.0,12.8,12.8,12.8,12.8,12.8,12.8,12.2,12.2,12.2,40.5,40.5,40.5,16.5,16.5,16.5,1027.2,1027.2,1027.2,94,94,94,0,0,0,90,90,90,1790828075
01.10 04:42,11.0,11.0,11.0,14.0,14.0,14.0,12.5,12.5,12.5,12.5,12.5,12.5,12.0,12.0,12.0,40.2,40.2,40.2,16.5,16.5,16.5,1027.2,1027.2,1027.2,93,93,93,0,0,0,90,90,90,1790829755
01.10 05:14,10.0,10.0,10.0,14.0,14.0,14.0,12.2,12.2,12.2,12.2,12.2,12.2,11.8,11.8,11.8,40.0,40.0,40.0,16.5,16.5,16.5,1027.2,1027.2,1027.2,94,94,94,0,0,0,90,90,90,1790831675
01.10 05:38,10.0,10.0,10.0,13.8,13.8,13.8,12.0,12.0,12.0,12.0,12.0,12.0,11.8,11.8,11.8,39.7,39.7,39.7,16.5,16.5,16.5,1027.3,1027.3,1027.3,95,95,95,0,0,0,90,90,90,1790833116
01.10 05:52,10.0,10.0,10.0,13.8,13.8,13.8,12.0,12.0,12.0,12.0,12.0,12.0,11.8,11.8,11.8,39.5,39.5,39.5,16.5,16.5,16.5,1027.3,1027.3,1027.3, 0, 0, 0,0,0,0,90,90,90,1790833956
01.10 05:53,10.0,10.0,10.0,13.8,13.8,13.8,12.0,12.0,12.0,12.0,12.0,12.0,11.8,11.8,11.8,39.7,39.7,39.7,16.5,16.5,16.5,1027.3,1027.3,1027.3,96,96,96,0,0,0,90,90,90,1790834016
01.10 06:02,10.0,10.0,10.0,13.8,13.8,13.8,11.8,11.8,11.8,11.8,11.8,11.8,11.8,11.8,11.8,39.5,39.5,39.5,16.5,16.5,16.5,1027.3,1027.3,1027.3, 0, 0, 0,0,0,0,90,90,90,1790834556
01.10 06:03,10.0,10.0,10.0,13.8,13.8,13.8,11.8,11.8,11.8,11.8,11.8,11.8,11.8,11.8,11.8,39.5,39.5,39.5,16.5,16.5,16.5,1027.4,1027.4,1027.4,96,96,96,0,0,0,90,90,90,1790834616
01.10 06:18,10.0,10.0,10.0,13.8,13.8,13.8,11.8,11.8,11.8,11.8,11.8,11.8,11.5,11.5,11.5,39.5,39.5,39.5,16.5,16.5,16.5,1027.3,1027.3,1027.3,96,96,96,0,0,0,90,90,90,1790835516
01.10 06:40,10.5,10.5,10.5,13.8,13.8,13.8,11.5,11.5,11.5,11.5,11.5,11.5,11.5,11.5,11.5,39.2,39.2,39.2,16.5,16.5,16.5,1027.4,1027.4,1027.4,96,96,96,0,0,0,90,90,90,1790836836
01.10 06:46,11.0,11.0,11.0,13.8,13.8,13.8,11.5,11.5,11.5,11.5,11.5,11.5,11.5,11.5,11.5,39.2,39.2,39.2,16.5,16.5,16.5,1027.4,1027.4,1027.4,96,96,96,0,0,0,90,90,90,1790837196
01.10 06:49,11.0,11.0,11.0,13.8,13.8,13.8,11.5,11.5,11.5,11.5,11.5,11.5,11.5,11.5,11.5,39.2,39.2,39.2,16.5,16.5,16.5,1027.5,1027.5,1027.5,95,95,95,0,0,0,90,90,90,1790837376
01.10 06:52,11.0,11.0,11.0,13.8,13.8,13.8,11.5,11.5,11.5,11.5,11.5,11.5,11.5,11.5,11.5,39.2,39.2,39.2,16.5,16.5,16.5,1027.6,1027.6,1027.6,95,95,95,0,0,0,90,90,90,1790837556
01.10 06:55,10.5,10.5,10.5,13.8,13.8,13.8,11.5,11.5,11.5,11.5,11.5,11.5,11.5,11.5,11.5,39.2,39.2,39.2,16.5,16.5,16.5,1027.6,1027.6,1027.6,95,95,95,0,0,0,90,90,90,1790837736
01.10 06:58,10.5,10.5,10.5,13.8,13.8,13.8,11.5,11.5,11.5,11.5,11.5,11.5,11.5,11.5,11.5,39.2,39.2,39.2,16.5,16.5,16.5,1027.7,1027.7,1027.7,95,95,95,0,0,0,90,90,90,1790837916
01.10 07:10,10.0,10.0,10.0,13.8,13.8,13.8,11.5,11.5,11.5,11.5,11.5,11.5,11.3,11.3,11.3,39.0,39.0,39.0,16.5,16.5,16.5,1027.7,1027.7,1027.7,95,95,95,0,0,0,90,90,90,1790838636
01.10 07:16,10.0,10.0,10.0,13.8,13.8,13.8,11.3,11.3,11.3,11.3,11.3,11.3,11.3,11.3,11.3,39.0,39.0,39.0,16.5,16.5,16.5,1027.8,1027.8,1027.8,96,96,96,0,0,0,90,90,90,1790838996
01.10 07:21,10.0,10.0,10.0,13.8,13.8,13.8,11.3,11.3,11.3,11.3,11.3,11.3,11.3,11.3,11.3,39.0,39.0,39.0,16.5,16.5,16.5,1027.8,1027.8,1027.8,96,96,96,0,0,0,90,90,90,1790839296
01.10 07:27,10.5,10.5,10.5,13.5,13.5,13.5,11.3,11.3,11.3,11.3,11.3,11.3,11.3,11.3,11.3,39.0,39.0,39.0,16.5,16.5,16.5,1027.9,1027.9,1027.9,96,96,96,0,0,0,90,90,90,1790839656
01.10 07:33,11.0,11.0,11.0,13.5,13.5,13.5,11.3,11.3,11.3,11.3,11.3,11.3,11.3,11.3,11.3,39.2,39.2,39.2,16.5,16.5,16.5,1028.0,1028.0,1028.0,96,96,96,0,0,0,90,90,90,1790840016
01.10 07:46,12.0,12.0,12.0,13.5,13.5,13.5,11.3,11.3,11.3,11.3,11.3,11.3,11.3,11.3,11.3,39.5,39.5,39.5,16.5,16.5,16.5,1028.0,1028.0,1028.0,96,96,96,0,0,0,90,90,90,1790840796
01.10 08:01,13.0,13.0,13.0,13.8,13.8,13.8,11.3,11.3,11.3,11.3,11.3,11.3,11.3,11.3,11.3,40.2,40.2,40.2,16.5,16.5,16.5,1028.0,1028.0,1028.0,96,96,96,0,0,0,90,90,90,1790841696
01.10 08:19,14.0,14.0,14.0,13.8,13.8,13.8,11.3,11.3,11.3,11.3,11.3,11.3,11.3,11.3,11.3,41.0,41.0,41.0,16.5,16.5,16.5,1028.0,1028.0,1028.0,95,95,95,0,0,0,90,90,90,1790842776
01.10 08:26,14.0,14.0,14.0,13.8,13.8,13.8,11.3,11.3,11.3,11.3,11.3,11.3,11.5,11.5,11.5,41.2,41.2,41.2,16.5,16.5,16.5,1028.0,1028.0,1028.0,94,94,94,0,0,0,90,90,90,1790843197
01.10 08:33,14.5,14.5,14.5,13.8,13.8,13.8,11.3,11.3,11.3,11.3,11.3,11.3,11.5,11.5,11.5,41.2,41.2,41.2,16.5,16.5,16.5,1028.0,1028.0,1028.0,90,90,90,0,0,0,90,90,90,1790843617
01.10 08:37,14.5,14.5,14.5,13.8,13.8,13.8,11.3,11.3,11.3,11.3,11.3,11.3,11.5,11.5,11.5,41.2,41.2,41.2,16.5,16.5,16.5,1028.0,1028.0,1028.0,89,89,89,0,0,0,90,90,90,1790843857
01.10 08:38,14.5,14.5,14.5,13.8,13.8,13.8,11.3,11.3,11.3,11.3,11.3,11.3,11.5,11.5,11.5,41.2,41.2,41.2,16.5,16.5,16.5,1028.0,1028.0,1028.0,89,89,89,0,0,0,90,90,90,1790843917
01.10 08:39,15.0,15.0,15.0,13.8,13.8,13.8,11.3,11.3,11.3,11.3,11.3,11.3,11.5,11.5,11.5,41.2,41.2,41.2,16.5,16.5,16.5,1028.0,1028.0,1028.0,89,89,89,0,0,0,90,90,90,1790843977
01.10 08:41,15.0,15.0,15.0,13.8,13.8,13.8,11.3,11.3,11.3,11.3,11.3,11.3,11.5,11.5,11.5,41.2,41.2,41.2,16.5,16.5,16.5,1028.0,1028.0,1028.0,88,88,88,0,0,0,90,90,90,1790844097
01.10 08:54,15.5,15.5,15.5,13.8,13.8,13.8,11.3,11.3,11.3,11.3,11.3,11.3,11.5,11.5,11.5,41.7,41.7,41.7,16.5,16.5,16.5,1028.1,1028.1,1028.1,86,86,86,0,0,0,90,90,90,1790844877
01.10 08:58,15.5,15.5,15.5,13.8,13.8,13.8,11.3,11.3,11.3,11.3,11.3,11.3,11.5,11.5,11.5,42.0,42.0,42.0,16.5,16.5,16.5,1028.0,1028.0,1028.0,85,85,85,0,0,0,90,90,90,1790845117
01.10 09:04,16.5,16.5,16.5,13.8,13.8,13.8,11.3,11.3,11.3,11.3,11.3,11.3,11.5,11.5,11.5,42.5,42.5,42.5,16.5,16.5,16.5,1028.0,1028.0,1028.0,85,85,85,0,0,0,90,90,90,1790845477
01.10 09:19,16.5,16.5,16.5,14.0,14.0,14.0,11.3,11.3,11.3,11.3,11.3,11.3,11.8,11.8,11.8,43.3,43.3,43.3,16.5,16.5,16.5,1028.1,1028.1,1028.1,82,82,82,0,0,0,90,90,90,1790846377
01.10 09:24,17.0,17.0,17.0,14.0,14.0,14.0,11.3,11.3,11.3,11.3,11.3,11.3,11.8,11.8,11.8,43.3,43.3,43.3,16.5,16.5,16.5,1028.1,1028.1,1028.1,82,82,82,0,0,0,90,90,90,1790846677
01.10 09:30,17.0,17.0,17.0,14.0,14.0,14.0,11.3,11.3,11.3,11.3,11.3,11.3,11.8,11.8,11.8,43.5,43.5,43.5,16.5,16.5,16.5,1028.2,1028.2,1028.2,81,81,81,0,0,0,90,90,90,1790847037
01.10 09:33,17.0,17.0,17.0,14.0,14.0,14.0,11.3,11.3,11.3,20.0,20.0,20.0,11.8,11.8,11.8,43.5,43.5,43.5,16.5,16.5,16.5,1028.2,1028.2,1028.2,81,81,81,0,0,0,90,90,90,1790847212
01.10 09:37,17.0,17.0,17.0,14.0,14.0,14.0,11.3,11.3,11.3,20.0,20.0,20.0,11.8,11.8,11.8,43.5,43.5,43.5,16.5,16.5,16.5,1028.3,1028.3,1028.3,80,80,80,0,0,0,90,90,90,1790847452
01.10 09:43,17.0,17.0,17.0,14.0,14.0,14.0,11.3,11.3,11.3,20.0,20.0,20.0,11.8,11.8,11.8,43.7,43.7,43.7,16.5,16.5,16.5,1028.3,1028.3,1028.3,80,80,80,64,64,64,90,90,90,1790847812
01.10 09:53,17.5,17.5,17.5,14.3,14.3,14.3,11.5,11.5,11.5,11.5,11.5,11.5,12.0,12.0,12.0,43.5,43.5,43.5,16.5,16.5,16.5,1028.3,1028.3,1028.3,80,80,80,64,64,64,90,90,90,1790848412
01.10 10:03,17.5,17.5,17.5,14.3,14.3,14.3,11.5,11.5,11.5,11.5,11.5,11.5,12.0,12.0,12.0,43.3,43.3,43.3,17.0,17.0,17.0,1028.4,1028.4,1028.4,79,79,79,64,64,64,90,90,90,1790849013
01.10 10:19,18.5,18.5,18.5,14.5,14.5,14.5,11.5,11.5,11.5,11.5,11.5,11.5,12.2,12.2,12.2,43.3,43.3,43.3,16.5,16.5,16.5,1028.4,1028.4,1028.4,79,79,79,64,64,64,90,90,90,1790849973
01.10 10:37,19.0,19.0,19.0,14.7,14.7,14.7,11.8,11.8,11.8,11.8,11.8,11.8,12.5,12.5,12.5,43.3,43.3,43.3,16.5,16.5,16.5,1028.5,1028.5,1028.5,77,77,77,20,20,20,45,45,45,1790851053
01.10 10:38,19.5,19.5,19.5,14.7,14.7,14.7,11.8,11.8,11.8,11.8,11.8,11.8,12.5,12.5,12.5,43.3,43.3,43.3,16.5,16.5,16.5,1028.4,1028.4,1028.4,77,77,77,90,90,90,45,45,45,1790851113
01.10 10:48,19.5,19.5,19.5,15.0,15.0,15.0,12.0,12.0,12.0,12.0,12.0,12.0,12.5,12.5,12.5,43.5,43.5,43.5,16.5,16.5,16.5,1028.4,1028.4,1028.4, 0, 0, 0,90,90,90,45,45,45,1790851713
01.10 10:49,19.5,19.5,19.5,15.0,15.0,15.0,12.0,12.0,12.0,12.0,12.0,12.0,12.5,12.5,12.5,43.5,43.5,43.5,16.5,16.5,16.5,1028.4,1028.4,1028.4,76,76,76,90,90,90,45,45,45,1790851773
01.10 10:55,19.5,19.5,19.5,15.0,15.0,15.0,12.0,12.0,12.0,12.0,12.0,12.0,12.8,12.8,12.8,43.7,43.7,43.7,16.5,16.5,16.5,1028.4,1028.4,1028.4,73,73,73,90,90,90,45,45,45,1790852133
01.10 11:00,20.0,20.0,20.0,15.3,15.3,15.3,12.2,12.2,12.2,12.2,12.2,12.2,12.8,12.8,12.8,43.7,43.7,43.7,16.5,16.5,16.5,1028.5,1028.5,1028.5,74,74,74,90,90,90,45,45,45,1790852433
01.10 11:11,20.5,20.5,20.5,15.3,15.3,15.3,12.2,12.2,12.2,12.2,12.2,12.2,13.0,13.0,13.0,43.7,43.7,43.7,16.5,16.5,16.5,1028.4,1028.4,1028.4,74,74,74,90,90,90,45,45,45,1790853093
01.10 11:13,20.5,20.5,20.5,15.3,15.3,15.3,12.5,12.5,12.5,12.5,12.5,12.5,13.0,13.0,13.0,43.7,43.7,43.7,16.5,16.5,16.5,1028.4,1028.4,1028.4, 0, 0, 0,90,90,90,45,45,45,1790853213
01.10 11:14,20.5,20.5,20.5,15.3,15.3,15.3,12.5,12.5,12.5,12.5,12.5,12.5,13.0,13.0,13.0,43.7,43.7,43.7,16.5,16.5,16.5,1028.4,1028.4,1028.4,73,73,73,90,90,90,45,45,45,1790853273
01.10 11:22,20.5,20.5,20.5,15.5,15.5,15.5,12.5,12.5,12.5,12.5,12.5,12.5,13.0,13.0,13.0,43.7,43.7,43.7,16.5,16.5,16.5,1028.4,1028.4,1028.4,70,70,70,90,90,90,45,45,45,1790853753
01.10 11:29,21.0,21.0,21.0,15.5,15.5,15.5,12.8,12.8,12.8,12.8,12.8,12.8,13.3,13.3,13.3,43.7,43.7,43.7,17.0,17.0,17.0,1028.3,1028.3,1028.3,72,72,72,90,90,90,45,45,45,1790854173
01.10 11:33,21.0,21.0,21.0,15.5,15.5,15.5,12.8,12.8,12.8,12.8,12.8,12.8,13.3,13.3,13.3,43.7,43.7,43.7,16.5,16.5,16.5,1028.4,1028.4,1028.4, 0, 0, 0,90,90,90,45,45,45,1790854413
01.10 11:34,21.0,21.0,21.0,15.5,15.5,15.5,12.8,12.8,12.8,12.8,12.8,12.8,13.3,13.3,13.3,43.7,43.7,43.7,16.5,16.5,16.5,1028.4,1028.4,1028.4,71,71,71,90,90,90,45,45,45,1790854473
01.10 11:48,21.5,21.5,21.5,15.8,15.8,15.8,13.0,13.0,13.0,13.0,13.0,13.0,13.5,13.5,13.5,44.2,44.2,44.2,16.5,16.5,16.5,1028.3,1028.3,1028.3,69,69,69,90,90,90,45,45,45,1790855313
01.10 11:59,22.0,22.0,22.0,15.8,15.8,15.8,13.3,13.3,13.3,13.3,13.3,13.3,13.8,13.8,13.8,44.7,44.7,44.7,16.5,16.5,16.5,1028.3,1028.3,1028.3,66,66,66,90,90,90,45,45,45,1790855973
01.10 12:03,22.0,22.0,22.0,15.8,15.8,15.8,13.3,13.3,13.3,13.3,13.3,13.3,13.8,13.8,13.8,44.7,44.7,44.7,17.0,17.0,17.0,1028.3,1028.3,1028.3,62,62,62,90,90,90,45,45,45,1790856213
01.10 12:10,22.0,22.0,22.0,16.0,16.0,16.0,13.5,13.5,13.5,13.5,13.5,13.5,13.8,13.8,13.8,45.2,45.2,45.2,17.0,17.0,17.0,1028.3,1028.3,1028.3,59,59,59,90,90,90,45,45,45,1790856633
01.10 12:13,22.5,22.5,22.5,16.0,16.0,16.0,13.5,13.5,13.5,13.5,13.5,13.5,14.0,14.0,14.0,45.2,45.2,45.2,17.0,17.0,17.0,1028.3,1028.3,1028.3,60,60,60,90,90,90,45,45,45,1790856813
01.10 12:14,22.5,22.5,22.5,16.0,16.0,16.0,13.5,13.5,13.5,13.5,13.5,13.5,14.0,14.0,14.0,45.2,45.2,45.2,17.0,17.0,17.0,1028.3,1028.3,1028.3,60,60,60,90,90,90,45,45,45,1790856873
01.10 12:20,23.0,23.0,23.0,16.0,16.0,16.0,13.5,13.5,13.5,13.5,13.5,13.5,14.0,14.0,14.0,45.5,45.5,45.5,17.0,17.0,17.0,1028.2,1028.2,1028.2,59,59,59,90,90,90,45,45,45,1790857233
01.10 12:28,22.5,22.5,22.5,16.0,16.0,16.0,13.8,13.8,13.8,13.8,13.8,13.8,14.3,14.3,14.3,46.2,46.2,46.2,17.0,17.0,17.0,1028.2,1028.2,1028.2, 0, 0, 0,90,90,90,45,45,45,1790857714
01.10 12:29,22.5,22.5,22.5,16.0,16.0,16.0,13.8,13.8,13.8,13.8,13.8,13.8,14.3,14.3,14.3,46.2,46.2,46.2,17.0,17.0,17.0,1028.2,1028.2,1028.2,57,57,57,90,90,90,45,45,45,1790857774
01.10 12:35,22.5,22.5,22.5,16.0,16.0,16.0,13.8,13.8,13.8,14.0,14.0,14.0,14.3,14.3,14.3,46.5,46.5,46.5,17.0,17.0,17.0,1028.2,1028.2,1028.2,58,58,58,90,90,90,45,45,45,1790858134
01.10 12:46,23.0,23.0,23.0,16.3,16.3,16.3,14.0,14.0,14.0,14.0,14.0,14.0,14.5,14.5,14.5,47.2,47.2,47.2,17.0,17.0,17.0,1028.1,1028.1,1028.1,57,57,57,90,90,90,45,45,45,1790858794
01.10 12:53,23.0,23.0,23.0,16.3,16.3,16.3,14.3,14.3,14.3,14.3,14.3,14.3,14.5,14.5,14.5,47.5,47.5,47.5,17.0,17.0,17.0,1028.0,1028.0,1028.0,57,57,57,90,90,90,45,45,45,1790859214
01.10 12:59,23.0,23.0,23.0,16.3,16.3,16.3,14.5,14.5,14.5,14.5,14.5,14.5,14.5,14.5,14.5,47.7,47.7,47.7,17.0,17.0,17.0,1028.0,1028.0,1028.0,56,56,56,90,90,90,45,45,45,1790859574
01.10 13:11,23.0,23.0,23.0,16.3,16.3,16.3,14.7,14.7,14.7,14.7,14.7,14.7,14.7,14.7,14.7,48.0,48.0,48.0,16.5,16.5,16.5,1027.9,1027.9,1027.9,55,55,55,90,90,90,45,45,45,1790860294
01.10 13:17,23.5,23.5,23.5,16.5,16.5,16.5,15.0,15.0,15.0,14.7,14.7,14.7,15.0,15.0,15.0,48.3,48.3,48.3,16.5,16.5,16.5,1027.8,1027.8,1027.8,56,56,56,90,90,90,45,45,45,1790860654
01.10 13:25,23.0,23.0,23.0,16.5,16.5,16.5,15.3,15.3,15.3,15.3,15.3,15.3,15.0,15.0,15.0,48.7,48.7,48.7,17.0,17.0,17.0,1027.8,1027.8,1027.8,54,54,54,90,90,90,45,45,45,1790861134
01.10 13:35,23.0,23.0,23.0,16.5,16.5,16.5,15.5,15.5,15.5,15.5,15.5,15.5,15.0,15.0,15.0,49.0,49.0,49.0,17.0,17.0,17.0,1027.8,1027.8,1027.8,54,54,54,90,90,90,45,45,45,1790861734
01.10 13:45,23.0,23.0,23.0,16.5,16.5,16.5,16.0,16.0,16.0,16.0,16.0,16.0,15.3,15.3,15.3,49.5,49.5,49.5,17.0,17.0,17.0,1027.8,1027.8,1027.8,53,53,53,90,90,90,45,45,45,1790862334
01.10 13:54,23.0,23.0,23.0,16.8,16.8,16.8,16.0,16.0,16.0,16.0,16.0,16.0,15.5,15.5,15.5,50.2,50.2,50.2,17.0,17.0,17.0,1027.7,1027.7,1027.7,53,53,53,90,90,90,45,45,45,1790862874
01.10 13:55,23.5,23.5,23.5,16.8,16.8,16.8,16.0,16.0,16.0,16.0,16.0,16.0,15.3,15.3,15.3,50.2,50.2,50.2,17.0,17.0,17.0,1027.8,1027.8,1027.8,53,53,53,90,90,90,45,45,45,1790862934
01.10 13:58,23.5,23.5,23.5,16.8,16.8,16.8,16.0,16.0,16.0,16.0,16.0,16.0,15.5,15.5,15.5,50.5,50.5,50.5,17.0,17.0,17.0,1027.7,1027.7,1027.7,51,51,51,90,90,90,45,45,45,1790863114
01.10 14:03,23.0,23.0,23.0,16.8,16.8,16.8,16.0,16.0,16.0,16.0,16.0,16.0,15.5,15.5,15.5,50.5,50.5,50.5,17.0,17.0,17.0,1027.7,1027.7,1027.7,52,52,52,90,90,90,45,45,45,1790863414
01.10 14:06,23.0,23.0,23.0,16.8,16.8,16.8,16.0,16.0,16.0,16.0,16.0,16.0,15.5,15.5,15.5,50.8,50.8,50.8,17.0,17.0,17.0,1027.6,1027.6,1027.6,52,52,52,90,90,90,45,45,45,1790863594
01.10 14:09,23.5,23.5,23.5,16.8,16.8,16.8,16.3,16.3,16.3,16.3,16.3,16.3,15.5,15.5,15.5,50.8,50.8,50.8,17.0,17.0,17.0,1027.6,1027.6,1027.6,54,54,54,90,90,90,45,45,45,1790863774
01.10 14:17,23.0,23.0,23.0,16.8,16.8,16.8,16.3,16.3,16.3,16.3,16.3,16.3,15.5,15.5,15.5,51.2,51.2,51.2,17.0,17.0,17.0,1027.5,1027.5,1027.5,51,51,51,90,90,90,45,45,45,1790864254
01.10 14:18,23.5,23.5,23.5,16.8,16.8,16.8,16.3,16.3,16.3,16.3,16.3,16.3,15.5,15.5,15.5,51.5,51.5,51.5,17.0,17.0,17.0,1027.6,1027.6,1027.6,53,53,53,90,90,90,45,45,45,1790864314
01.10 14:20,23.0,23.0,23.0,16.8,16.8,16.8,16.3,16.3,16.3,16.3,16.3,16.3,15.5,15.5,15.5,51.5,51.5,51.5,17.0,17.0,17.0,1027.5,1027.5,1027.5,52,52,52,90,90,90,45,45,45,1790864434
01.10 14:28,23.5,23.5,23.5,16.8,16.8,16.8,16.3,16.3,16.3,16.3,16.3,16.3,15.5,15.5,15.5,51.7,51.7,51.7,17.0,17.0,17.0,1027.4,1027.4,1027.4,52,52,52,90,90,90,45,45,45,1790864914
01.10 14:29,23.5,23.5,23.5,16.8,16.8,16.8,16.3,16.3,16.3,16.3,16.3,16.3,15.5,15.5,15.5,52.0,52.0,52.0,17.0,17.0,17.0,1027.5,1027.5,1027.5,54,54,54,90,90,90,45,45,45,1790864974
01.10 14:43,24.0,24.0,24.0,16.5,16.5,16.5,16.3,16.3,16.3,16.3,16.3,16.3,15.8,15.8,15.8,52.5,52.5,52.5,17.0,17.0,17.0,1027.4,1027.4,1027.4,56,56,56,90,90,90,45,45,45,1790865814
01.10 14:49,23.5,23.5,23.5,16.5,16.5,16.5,16.3,16.3,16.3,16.3,16.3,16.3,15.8,15.8,15.8,52.7,52.7,52.7,17.0,17.0,17.0,1027.4,1027.4,1027.4,57,57,57,90,90,90,45,45,45,1790866175
01.10 14:55,24.0,24.0,24.0,16.5,16.5,16.5,16.3,16.3,16.3,16.3,16.3,16.3,15.8,15.8,15.8,53.0,53.0,53.0,17.0,17.0,17.0,1027.3,1027.3,1027.3,56,56,56,90,90,90,45,45,45,1790866535
01.10 15:03,24.0,24.0,24.0,16.5,16.5,16.5,16.3,16.3,16.3,16.3,16.3,16.3,15.8,15.8,15.8,53.3,53.3,53.3,17.0,17.0,17.0,1027.2,1027.2,1027.2,53,53,53,90,90,90,45,45,45,1790867015
01.10 15:16,23.5,23.5,23.5,16.5,16.5,16.5,16.3,16.3,16.3,16.3,16.3,16.3,15.8,15.8,15.8,53.0,53.0,53.0,17.0,17.0,17.0,1027.2,1027.2,1027.2,53,53,53,90,90,90,45,45,45,1790867795
01.10 15:27,23.5,23.5,23.5,16.5,16.5,16.5,16.3,16.3,16.3,16.3,16.3,16.3,15.8,15.8,15.8,52.0,52.0,52.0,17.0,17.0,17.0,1027.2,1027.2,1027.2,51,51,51,90,90,90,45,45,45,1790868455
01.10 15:29,23.5,23.5,23.5,16.5,16.5,16.5,16.3,16.3,16.3,16.3,16.3,16.3,15.8,15.8,15.8,52.0,52.0,52.0,17.0,17.0,17.0,1027.1,1027.1,1027.1,51,51,51,90,90,90,45,45,45,1790868575
01.10 15:39,23.5,23.5,23.5,16.5,16.5,16.5,16.3,16.3,16.3,16.3,16.3,16.3,15.8,15.8,15.8,51.0,51.0,51.0,17.0,17.0,17.0,1027.1,1027.1,1027.1,52,52,52,90,90,90,45,45,45,1790869175
01.10 15:48,23.5,23.5,23.5,16.5,16.5,16.5,16.3,16.3,16.3,16.3,16.3,16.3,15.8,15.8,15.8,50.8,50.8,50.8,17.0,17.0,17.0,1027.0,1027.0,1027.0,53,53,53,90,90,90,45,45,45,1790869715
01.10 15:50,23.5,23.5,23.5,16.3,16.3,16.3,16.3,16.3,16.3,16.3,16.3,16.3,15.8,15.8,15.8,50.8,50.8,50.8,17.0,17.0,17.0,1027.1,1027.1,1027.1,52,52,52,90,90,90,45,45,45,1790869835
01.10 15:53,23.5,23.5,23.5,16.3,16.3,16.3,16.3,16.3,16.3,16.3,16.3,16.3,15.8,15.8,15.8,50.5,50.5,50.5,17.0,17.0,17.0,1027.0,1027.0,1027.0,52,52,52,90,90,90,45,45,45,1790870015
01.10 15:57,23.5,23.5,23.5,16.3,16.3,16.3,16.3,16.3,16.3,16.3,16.3,16.3,16.0,16.0,16.0,50.5,50.5,50.5,17.0,17.0,17.0,1027.0,1027.0,1027.0,55,55,55,90,90,90,45,45,45,1790870255
01.10 16:03,23.5,23.5,23.5,16.3,16.3,16.3,16.3,16.3,16.3,16.3,16.3,16.3,16.0,16.0,16.0,50.2,50.2,50.2,17.0,17.0,17.0,1027.0,1027.0,1027.0,58,58,58,90,90,90,45,45,45,1790870615
01.10 16:05,23.5,23.5,23.5,16.3,16.3,16.3,16.3,16.3,16.3,16.3,16.3,16.3,16.0,16.0,16.0,50.2,50.2,50.2,17.0,17.0,17.0,1027.0,1027.0,1027.0,55,55,55,90,90,90,45,45,45,1790870735
01.10 16:33,23.0,23.0,23.0,16.3,16.3,16.3,16.3,16.3,16.3,16.3,16.3,16.3,16.0,16.0,16.0,50.0,50.0,50.0,16.5,16.5,16.5,1027.0,1027.0,1027.0,57,57,57,90,90,90,45,45,45,1790872415
01.10 17:12,22.5,22.5,22.5,16.3,16.3,16.3,16.3,16.3,16.3,16.3,16.3,16.3,16.0,16.0,16.0,49.5,49.5,49.5,16.5,16.5,16.5,1027.0,1027.0,1027.0,61,61,61,90,90,90,45,45,45,1790874755
01.10 17:26,22.5,22.5,22.5,16.0,16.0,16.0,16.3,16.3,16.3,16.3,16.3,16.3,15.8,15.8,15.8,49.2,49.2,49.2,16.5,16.5,16.5,1027.1,1027.1,1027.1,61,61,61,90,90,90,45,45,45,1790875595
01.10 17:32,21.5,21.5,21.5,16.0,16.0,16.0,16.3,16.3,16.3,16.3,16.3,16.3,15.8,15.8,15.8,49.0,49.0,49.0,16.5,16.5,16.5,1027.1,1027.1,1027.1,62,62,62,90,90,90,45,45,45,1790875955
01.10 17:40,21.5,21.5,21.5,16.0,16.0,16.0,16.0,16.0,16.0,16.0,16.0,16.0,15.8,15.8,15.8,48.7,48.7,48.7,16.5,16.5,16.5,1027.1,1027.1,1027.1,65,65,65,90,90,90,45,45,45,1790876435
01.10 17:46,21.0,21.0,21.0,16.0,16.0,16.0,16.0,16.0,16.0,20.0,20.0,20.0,15.8,15.8,15.8,48.5,48.5,48.5,16.5,16.5,16.5,1027.1,1027.1,1027.1,65,65,65,90,90,90,45,45,45,1790876798
01.10 17:57,20.5,20.5,20.5,16.0,16.0,16.0,16.0,16.0,16.0,20.0,20.0,20.0,15.8,15.8,15.8,48.0,48.0,48.0,16.5,16.5,16.5,1027.1,1027.1,1027.1,69,69,69,90,90,90,45,45,45,1790877458
01.10 18:06,20.0,20.0,20.0,16.0,16.0,16.0,16.0,16.0,16.0,16.0,16.0,16.0,15.8,15.8,15.8,47.7,47.7,47.7,16.5,16.5,16.5,1027.1,1027.1,1027.1,68,68,68,90,90,90,45,45,45,1790877998
01.10 18:09,19.5,19.5,19.5,15.8,15.8,15.8,16.0,16.0,16.0,16.0,16.0,16.0,15.8,15.8,15.8,47.7,47.7,47.7,16.5,16.5,16.5,1027.1,1027.1,1027.1,72,72,72,90,90,90,45,45,45,1790878178
01.10 18:14,19.0,19.0,19.0,15.8,15.8,15.8,16.0,16.0,16.0,16.0,16.0,16.0,15.8,15.8,15.8,47.5,47.5,47.5,16.5,16.5,16.5,1027.2,1027.2,1027.2,75,75,75,90,90,90,45,45,45,1790878478
01.10 18:21,18.0,18.0,18.0,15.8,15.8,15.8,15.8,15.8,15.8,15.8,15.8,15.8,15.8,15.8,15.8,47.2,47.2,47.2,16.5,16.5,16.5,1027.2,1027.2,1027.2,77,77,77,90,90,90,45,45,45,1790878898
01.10 18:31,17.0,17.0,17.0,15.8,15.8,15.8,15.8,15.8,15.8,15.8,15.8,15.8,15.5,15.5,15.5,47.0,47.0,47.0,16.5,16.5,16.5,1027.2,1027.2,1027.2,79,79,79,90,90,90,45,45,45,1790879498
01.10 18:34,17.0,17.0,17.0,15.8,15.8,15.8,15.8,15.8,15.8,15.8,15.8,15.8,15.5,15.5,15.5,47.0,47.0,47.0,16.5,16.5,16.5,1027.3,1027.3,1027.3,79,79,79,90,90,90,45,45,45,1790879678
01.10 18:46,16.0,16.0,16.0,15.8,15.8,15.8,15.5,15.5,15.5,15.5,15.5,15.5,15.5,15.5,15.5,46.7,46.7,46.7,16.5,16.5,16.5,1027.3,1027.3,1027.3,81,81,81,90,90,90,45,45,45,1790880398
01.10 19:06,15.5,15.5,15.5,15.5,15.5,15.5,15.3,15.3,15.3,15.3,15.3,15.3,15.3,15.3,15.3,46.2,46.2,46.2,16.5,16.5,16.5,1027.3,1027.3,1027.3,84,84,84,90,90,90,45,45,45,1790881598
01.10 19:10,15.5,15.5,15.5,15.5,15.5,15.5,15.3,15.3,15.3,15.3,15.3,15.3,15.3,15.3,15.3,46.0,46.0,46.0,16.5,16.5,16.5,1027.3,1027.3,1027.3,84,84,84,90,90,90,45,45,45,1790881838
01.10 19:22,16.0,16.0,16.0,15.5,15.5,15.5,15.3,15.3,15.3,15.3,15.3,15.3,15.3,15.3,15.3,45.8,45.8,45.8,16.5,16.5,16.5,1027.4,1027.4,1027.4,84,84,84,90,90,90,45,45,45,1790882559
01.10 19:24,15.0,15.0,15.0,15.5,15.5,15.5,15.3,15.3,15.3,15.3,15.3,15.3,15.3,15.3,15.3,45.8,45.8,45.8,16.5,16.5,16.5,1027.4,1027.4,1027.4,85,85,85,90,90,90,45,45,45,1790882679
01.10 19:27,15.5,15.5,15.5,15.5,15.5,15.5,15.0,15.0,15.0,15.0,15.0,15.0,15.3,15.3,15.3,45.5,45.5,45.5,16.5,16.5,16.5,1027.4,1027.4,1027.4,85,85,85,90,90,90,45,45,45,1790882859
01.10 19:33,15.0,15.0,15.0,15.3,15.3,15.3,15.0,15.0,15.0,15.0,15.0,15.0,15.0,15.0,15.0,45.5,45.5,45.5,16.5,16.5,16.5,1027.5,1027.5,1027.5, 0, 0, 0,90,90,90,45,45,45,1790883219
01.10 19:34,15.0,15.0,15.0,15.5,15.5,15.5,15.0,15.0,15.0,15.0,15.0,15.0,15.0,15.0,15.0,45.5,45.5,45.5,16.5,16.5,16.5,1027.5,1027.5,1027.5,85,85,85,90,90,90,45,45,45,1790883279
01.10 19:45,15.0,15.0,15.0,15.3,15.3,15.3,15.0,15.0,15.0,15.0,15.0,15.0,15.0,15.0,15.0,45.2,45.2,45.2,16.5,16.5,16.5,1027.5,1027.5,1027.5,85,85,85,90,90,90,45,45,45,1790883939
01.10 20:09,15.0,15.0,15.0,15.3,15.3,15.3,14.7,14.7,14.7,15.0,15.0,15.0,14.7,14.7,14.7,44.7,44.7,44.7,16.5,16.5,16.5,1027.6,1027.6,1027.6,84,84,84,90,90,90,45,45,45,1790885379
01.10 20:14,15.0,15.0,15.0,15.3,15.3,15.3,14.7,14.7,14.7,14.7,14.7,14.7,14.7,14.7,14.7,44.7,44.7,44.7,16.5,16.5,16.5,1027.6,1027.6,1027.6,84,84,84,90,90,90,45,45,45,1790885679
01.10 20:24,15.5,15.5,15.5,15.3,15.3,15.3,14.7,14.7,14.7,14.7,14.7,14.7,14.7,14.7,14.7,44.5,44.5,44.5,16.5,16.5,16.5,1027.7,1027.7,1027.7,83,83,83,90,90,90,45,45,45,1790886279
01.10 20:40,15.5,15.5,15.5,15.0,15.0,15.0,14.7,14.7,14.7,14.7,14.7,14.7,14.5,14.5,14.5,44.2,44.2,44.2,16.5,16.5,16.5,1027.7,1027.7,1027.7,82,82,82,90,90,90,45,45,45,1790887239
01.10 20:44,15.5,15.5,15.5,15.0,15.0,15.0,14.7,14.7,14.7,14.7,14.7,14.7,14.5,14.5,14.5,44.2,44.2,44.2,16.5,16.5,16.5,1027.8,1027.8,1027.8, 0, 0, 0,90,90,90,45,45,45,1790887479
01.10 20:45,15.5,15.5,15.5,15.0,15.0,15.0,14.7,14.7,14.7,14.7,14.7,14.7,14.5,14.5,14.5,44.2,44.2,44.2,16.5,16.5,16.5,1027.8,1027.8,1027.8,82,82,82,90,90,90,45,45,45,1790887539
01.10 20:52,16.0,16.0,16.0,15.0,15.0,15.0,14.7,14.7,14.7,14.7,14.7,14.7,14.5,14.5,14.5,44.0,44.0,44.0,16.5,16.5,16.5,1027.9,1027.9,1027.9,82,82,82,90,90,90,45,45,45,1790887959
01.10 21:05,16.0,16.0,16.0,15.0,15.0,15.0,14.7,14.7,14.7,14.7,14.7,14.7,14.5,14.5,14.5,43.7,43.7,43.7,16.5,16.5,16.5,1027.9,1027.9,1027.9,82,82,82,90,90,90,45,45,45,1790888739
01.10 21:08,15.5,15.5,15.5,15.0,15.0,15.0,14.7,14.7,14.7,14.7,14.7,14.7,14.3,14.3,14.3,43.7,43.7,43.7,16.5,16.5,16.5,1028.0,1028.0,1028.0,82,82,82,90,90,90,45,45,45,1790888919
01.10 21:25,15.5,15.5,15.5,15.0,15.0,15.0,14.5,14.5,14.5,14.5,14.5,14.5,14.3,14.3,14.3,43.3,43.3,43.3,16.5,16.5,16.5,1028.0,1028.0,1028.0,82,82,82,90,90,90,45,45,45,1790889939
01.10 21:36,15.5,15.5,15.5,15.0,15.0,15.0,14.5,14.5,14.5,14.5,14.5,14.5,14.3,14.3,14.3,43.0,43.0,43.0,16.5,16.5,16.5,1028.1,1028.1,1028.1,83,83,83,90,90,90,45,45,45,1790890599
01.10 21:41,14.5,14.5,14.5,15.0,15.0,15.0,14.5,14.5,14.5,14.5,14.5,14.5,14.3,14.3,14.3,43.0,43.0,43.0,16.5,16.5,16.5,1028.1,1028.1,1028.1,84,84,84,90,90,90,45,45,45,1790890900
01.10 21:56,15.0,15.0,15.0,14.7,14.7,14.7,14.5,14.5,14.5,14.5,14.5,14.5,14.0,14.0,14.0,42.5,42.5,42.5,16.5,16.5,16.5,1028.2,1028.2,1028.2, 0, 0, 0,90,90,90,45,45,45,1790891800
01.10 21:57,15.0,15.0,15.0,14.7,14.7,14.7,14.5,14.5,14.5,14.5,14.5,14.5,14.0,14.0,14.0,42.5,42.5,42.5,16.5,16.5,16.5,1028.2,1028.2,1028.2,84,84,84,90,90,90,45,45,45,1790891860
01.10 22:05,14.5,14.5,14.5,14.7,14.7,14.7,14.3,14.3,14.3,14.3,14.3,14.3,14.0,14.0,14.0,42.2,42.2,42.2,16.5,16.5,16.5,1028.3,1028.3,1028.3,85,85,85,90,90,90,45,45,45,1790892340
01.10 22:22,13.5,13.5,13.5,14.7,14.7,14.7,14.3,14.3,14.3,14.3,14.3,14.3,13.8,13.8,13.8,41.7,41.7,41.7,16.5,16.5,16.5,1028.3,1028.3,1028.3,86,86,86,90,90,90,45,45,45,1790893360
01.10 22:34,13.0,13.0,13.0,14.5,14.5,14.5,14.3,14.3,14.3,14.3,14.3,14.3,13.8,13.8,13.8,41.2,41.2,41.2,16.5,16.5,16.5,1028.3,1028.3,1028.3,86,86,86,90,90,90,45,45,45,1790894080
01.10 22:48,13.0,13.0,13.0,14.5,14.5,14.5,14.0,14.0,14.0,14.0,14.0,14.0,13.5,13.5,13.5,41.0,41.0,41.0,16.5,16.5,16.5,1028.4,1028.4,1028.4,87,87,87,90,90,90,45,45,45,1790894920
01.10 22:54,12.5,12.5,12.5,14.5,14.5,14.5,14.0,14.0,14.0,14.0,14.0,14.0,13.5,13.5,13.5,40.8,40.8,40.8,16.5,16.5,16.5,1028.4,1028.4,1028.4,88,88,88,90,90,90,45,45,45,1790895280
01.10 23:13,12.5,12.5,12.5,14.5,14.5,14.5,14.0,14.0,14.0,14.0,14.0,14.0,13.5,13.5,13.5,40.5,40.5,40.5,16.5,16.5,16.5,1028.5,1028.5,1028.5,88,88,88,90,90,90,45,45,45,1790896420
01.10 23:27,11.5,11.5,11.5,14.3,14.3,14.3,13.8,13.8,13.8,13.8,13.8,13.8,13.3,13.3,13.3,40.2,40.2,40.2,16.5,16.5,16.5,1028.5,1028.5,1028.5,89,89,89,90,90,90,45,45,45,1790897260
01.10 23:32,12.0,12.0,12.0,14.3,14.3,14.3,13.8,13.8,13.8,13.8,13.8,13.8,13.3,13.3,13.3,40.0,40.0,40.0,16.5,16.5,16.5,1028.5,1028.5,1028.5,89,89,89,90,90,90,45,45,45,1790897560
01.10 23:39,12.0,12.0,12.0,14.3,14.3,14.3,13.8,13.8,13.8,13.8,13.8,13.8,13.3,13.3,13.3,39.7,39.7,39.7,16.5,16.5,16.5,1028.6,1028.6,1028.6,89,89,89,90,90,90,45,45,45,1790897980
01.10 23:42,12.0,12.0,12.0,14.3,14.3,14.3,13.8,13.8,13.8,13.8,13.8,13.8,13.3,13.3,13.3,39.7,39.7,39.7,16.5,16.5,16.5,1028.6,1028.6,1028.6,89,89,89,90,90,90,45,45,45,1790898160
01.10 23:55,12.0,12.0,12.0,14.3,14.3,14.3,13.5,13.5,13.5,13.5,13.5,13.5,13.0,13.0,13.0,39.5,39.5,39.5,16.5,16.5,16.5,1028.7,1028.7,1028.7,89,89,89,90,90,90,45,45,45,1790898941
02.10 00:05,12.0,12.0,12.0,14.3,14.3,14.3,13.5,13.5,13.5,13.5,13.5,13.5,13.0,13.0,13.0,39.5,39.5,39.5,16.5,16.5,16.5,1028.6,1028.6,1028.6,89,89,89,90,90,90,45,45,45,1790899541
02.10 00:18,11.5,11.5,11.5,14.0,14.0,14.0,13.5,13.5,13.5,13.5,13.5,13.5,13.0,13.0,13.0,39.2,39.2,39.2,16.5,16.5,16.5,1028.6,1028.6,1028.6,89,89,89,90,90,90,45,45,45,1790900321
02.10 00:28,12.0,12.0,12.0,14.0,14.0,14.0,13.5,13.5,13.5,13.5,13.5,13.5,12.8,12.8,12.8,39.0,39.0,39.0,16.5,16.5,16.5,1028.6,1028.6,1028.6,89,89,89,90,90,90,45,45,45,1790900921
02.10 00:46,12.0,12.0,12.0,14.0,14.0,14.0,13.3,13.3,13.3,13.3,13.3,13.3,12.8,12.8,12.8,38.7,38.7,38.7,16.5,16.5,16.5,1028.7,1028.7,1028.7,88,88,88,90,90,90,45,45,45,1790902001
02.10 00:48,12.0,12.0,12.0,14.0,14.0,14.0,13.3,13.3,13.3,13.3,13.3,13.3,12.8,12.8,12.8,38.7,38.7,38.7,16.5,16.5,16.5,1028.8,1028.8,1028.8,88,88,88,90,90,90,45,45,45,1790902121
02.10 00:50,12.0,12.0,12.0,14.0,14.0,14.0,13.3,13.3,13.3,13.3,13.3,13.3,12.8,12.8,12.8,38.5,38.5,38.5,16.5,16.5,16.5,1028.8,1028.8,1028.8,88,88,88,90,90,90,45,45,45,1790902241
02.10 01:05,11.5,11.5,11.5,14.0,14.0,14.0,13.3,13.3,13.3,13.3,13.3,13.3,12.8,12.8,12.8,38.2,38.2,38.2,16.5,16.5,16.5,1028.9,1028.9,1028.9,88,88,88,90,90,90,45,45,45,1790903141
02.10 01:19,11.5,11.5,11.5,14.0,14.0,14.0,13.0,13.0,13.0,13.0,13.0,13.0,12.5,12.5,12.5,38.0,38.0,38.0,16.5,16.5,16.5,1028.9,1028.9,1028.9,89,89,89,90,90,90,45,45,45,1790903981
02.10 01:55,11.0,11.0,11.0,13.8,13.8,13.8,12.8,12.8,12.8,12.8,12.8,12.8,12.2,12.2,12.2,37.2,37.2,37.2,16.5,16.5,16.5,1029.0,1029.0,1029.0,89,89,89,90,90,90,45,45,45,1790906141
02.10 02:17,11.0,11.0,11.0,13.8,13.8,13.8,12.5,12.5,12.5,12.5,12.5,12.5,12.0,12.0,12.0,36.7,36.7,36.7,16.5,16.5,16.5,1028.9,1028.9,1028.9, 0, 0, 0,90,90,90,45,45,45,1790907461
02.10 02:18,11.0,11.0,11.0,13.8,13.8,13.8,12.5,12.5,12.5,12.5,12.5,12.5,12.0,12.0,12.0,36.7,36.7,36.7,16.5,16.5,16.5,1028.9,1028.9,1028.9,89,89,89,90,90,90,45,45,45,1790907521
02.10 02:25,11.0,11.0,11.0,13.8,13.8,13.8,12.5,12.5,12.5,12.5,12.5,12.5,12.0,12.0,12.0,36.7,36.7,36.7,16.5,16.5,16.5,1028.9,1028.9,1028.9,89,89,89,90,90,90,45,45,45,1790907941
02.10 02:36,10.0,10.0,10.0,13.5,13.5,13.5,12.5,12.5,12.5,12.5,12.5,12.5,12.0,12.0,12.0,36.5,36.5,36.5,16.5,16.5,16.5,1028.8,1028.8,1028.8,89,89,89,90,90,90,45,45,45,1790908601
02.10 02:45,10.0,10.0,10.0,13.5,13.5,13.5,12.2,12.2,12.2,12.2,12.2,12.2,11.8,11.8,11.8,36.2,36.2,36.2,16.5,16.5,16.5,1028.9,1028.9,1028.9,90,90,90,90,90,90,45,45,45,1790909142
02.10 03:10,9.0,9.0,9.0,13.5,13.5,13.5,12.0,12.0,12.0,12.0,12.0,12.0,11.8,11.8,11.8,35.7,35.7,35.7,16.5,16.5,16.5,1028.9,1028.9,1028.9,90,90,90,90,90,90,45,45,45,1790910642
02.10 03:15,9.0,9.0,9.0,13.5,13.5,13.5,12.0,12.0,12.0,12.0,12.0,12.0,11.5,11.5,11.5,35.7,35.7,35.7,16.5,16.5,16.5,1029.0,1029.0,1029.0,90,90,90,90,90,90,45,45,45,1790910942
02.10 03:21,9.0,9.0,9.0,13.5,13.5,13.5,12.0,12.0,12.0,12.0,12.0,12.0,11.5,11.5,11.5,35.7,35.7,35.7,16.0,16.0,16.0,1028.9,1028.9,1028.9,91,91,91,90,90,90,45,45,45,1790911302
02.10 03:36,9.5,9.5,9.5,13.3,13.3,13.3,11.8,11.8,11.8,12.0,12.0,12.0,11.5,11.5,11.5,35.5,35.5,35.5,16.5,16.5,16.5,1029.0,1029.0,1029.0,91,91,91,90,90,90,45,45,45,1790912202
02.10 03:45,9.0,9.0,9.0,13.3,13.3,13.3,11.8,11.8,11.8,11.8,11.8,11.8,11.5,11.5,11.5,35.2,35.2,35.2,16.0,16.0,16.0,1029.0,1029.0,1029.0, 0, 0, 0,90,90,90,45,45,45,1790912742
02.10 03:46,9.0,9.0,9.0,13.3,13.3,13.3,11.8,11.8,11.8,11.8,11.8,11.8,11.3,11.3,11.3,35.2,35.2,35.2,16.0,16.0,16.0,1029.0,1029.0,1029.0,91,91,91,90,90,90,45,45,45,1790912802
02.10 04:11,9.0,9.0,9.0,13.3,13.3,13.3,11.5,11.5,11.5,11.5,11.5,11.5,11.3,11.3,11.3,34.7,34.7,34.7,16.0,16.0,16.0,1029.0,1029.0,1029.0,91,91,91,90,90,90,45,45,45,1790914302
02.10 04:31,8.0,8.0,8.0,13.0,13.0,13.0,11.3,11.3,11.3,11.3,11.3,11.3,11.0,11.0,11.0,34.5,34.5,34.5,16.0,16.0,16.0,1029.0,1029.0,1029.0,91,91,91,90,90,90,45,45,45,1790915502
02.10 04:44,9.0,9.0,9.0,13.0,13.0,13.0,11.3,11.3,11.3,11.3,11.3,11.3,10.8,10.8,10.8,34.2,34.2,34.2,16.0,16.0,16.0,1029.0,1029.0,1029.0,92,92,92,90,90,90,45,45,45,1790916282
02.10 04:48,9.0,9.0,9.0,13.0,13.0,13.0,11.3,11.3,11.3,11.3,11.3,11.3,10.8,10.8,10.8,34.2,34.2,34.2,16.0,16.0,16.0,1029.1,1029.1,1029.1,92,92,92,90,90,90,45,45,45,1790916522
02.10 04:55,9.0,9.0,9.0,13.0,13.0,13.0,11.3,11.3,11.3,11.3,11.3,11.3,10.8,10.8,10.8,34.0,34.0,34.0,16.0,16.0,16.0,1029.1,1029.1,1029.1, 0, 0, 0,90,90,90,45,45,45,1790916942
02.10 04:56,8.5,8.5,8.5,13.0,13.0,13.0,11.3,11.3,11.3,11.3,11.3,11.3,10.8,10.8,10.8,34.0,34.0,34.0,16.0,16.0,16.0,1029.1,1029.1,1029.1,92,92,92,90,90,90,45,45,45,1790917002
02.10 05:25,8.5,8.5,8.5,13.0,13.0,13.0,11.0,11.0,11.0,11.0,11.0,11.0,10.5,10.5,10.5,33.7,33.7,33.7,16.0,16.0,16.0,1029.1,1029.1,1029.1,91,91,91,90,90,90,45,45,45,1790918743
02.10 05:59,8.5,8.5,8.5,12.8,12.8,12.8,10.5,10.5,10.5,10.5,10.5,10.5,10.3,10.3,10.3,33.0,33.0,33.0,16.0,16.0,16.0,1029.2,1029.2,1029.2,92,92,92,90,90,90,45,45,45,1790920783
02.10 06:07,8.0,8.0,8.0,12.8,12.8,12.8,10.5,10.5,10.5,10.5,10.5,10.5,10.3,10.3,10.3,33.0,33.0,33.0,16.0,16.0,16.0,1029.3,1029.3,1029.3,91,91,91,90,90,90,45,45,45,1790921263
02.10 06:16,8.0,8.0,8.0,12.8,12.8,12.8,10.5,10.5,10.5,10.5,10.5,10.5,10.3,10.3,10.3,33.0,33.0,33.0,16.0,16.0,16.0,1029.3,1029.3,1029.3,92,92,92,90,90,90,45,45,45,1790921803
02.10 06:22,8.0,8.0,8.0,12.8,12.8,12.8,10.5,10.5,10.5,10.3,10.3,10.3,10.0,10.0,10.0,32.7,32.7,32.7,16.0,16.0,16.0,1029.4,1029.4,1029.4,92,92,92,90,90,90,45,45,45,1790922163
02.10 06:25,8.0,8.0,8.0,12.8,12.8,12.8,10.3,10.3,10.3,10.3,10.3,10.3,10.0,10.0,10.0,32.7,32.7,32.7,16.0,16.0,16.0,1029.5,1029.5,1029.5,92,92,92,90,90,90,45,45,45,1790922343
02.10 06:30,7.5,7.5,7.5,12.8,12.8,12.8,10.3,10.3,10.3,10.3,10.3,10.3,10.0,10.0,10.0,32.7,32.7,32.7,16.0,16.0,16.0,1029.5,1029.5,1029.5,91,91,91,90,90,90,45,45,45,1790922643
02.10 06:39,7.5,7.5,7.5,12.8,12.8,12.8,10.3,10.3,10.3,10.3,10.3,10.3,10.0,10.0,10.0,32.7,32.7,32.7,16.0,16.0,16.0,1029.5,1029.5,1029.5,92,92,92,90,90,90,45,45,45,1790923183
02.10 06:44,8.0,8.0,8.0,12.8,12.8,12.8,10.3,10.3,10.3,10.3,10.3,10.3,10.0,10.0,10.0,32.7,32.7,32.7,16.0,16.0,16.0,1029.5,1029.5,1029.5,92,92,92,90,90,90,45,45,45,1790923483
02.10 06:55,7.5,7.5,7.5,12.5,12.5,12.5,10.0,10.0,10.0,10.0,10.0,10.0,9.8,9.8,9.8,32.5,32.5,32.5,16.0,16.0,16.0,1029.5,1029.5,1029.5, 0, 0, 0,90,90,90,45,45,45,1790924143
02.10 06:56,8.0,8.0,8.0,12.5,12.5,12.5,10.0,10.0,10.0,10.0,10.0,10.0,9.8,9.8,9.8,32.5,32.5,32.5,16.0,16.0,16.0,1029.5,1029.5,1029.5,92,92,92,90,90,90,45,45,45,1790924203
02.10 07:04,8.0,8.0,8.0,12.5,12.5,12.5,10.0,10.0,10.0,10.0,10.0,10.0,9.8,9.8,9.8,32.5,32.5,32.5,16.0,16.0,16.0,1029.6,1029.6,1029.6,92,92,92,90,90,90,45,45,45,1790924683
02.10 07:08,8.0,8.0,8.0,12.5,12.5,12.5,10.0,10.0,10.0,10.0,10.0,10.0,9.8,9.8,9.8,32.2,32.2,32.2,16.0,16.0,16.0,1029.6,1029.6,1029.6,92,92,92,90,90,90,45,45,45,1790924923
02.10 07:26,8.5,8.5,8.5,12.5,12.5,12.5,9.8,9.8,9.8,9.8,9.8,9.8,9.8,9.8,9.8,32.2,32.2,32.2,16.0,16.0,16.0,1029.7,1029.7,1029.7,93,93,93,90,90,90,45,45,45,1790926003
02.10 07:35,9.0,9.0,9.0,12.5,12.5,12.5,9.8,9.8,9.8,9.8,9.8,9.8,9.8,9.8,9.8,32.2,32.2,32.2,16.0,16.0,16.0,1029.8,1029.8,1029.8,94,94,94,90,90,90,45,45,45,1790926543
02.10 07:41,9.5,9.5,9.5,12.5,12.5,12.5,9.8,9.8,9.8,9.8,9.8,9.8,9.8,9.8,9.8,32.5,32.5,32.5,16.0,16.0,16.0,1029.8,1029.8,1029.8,94,94,94,90,90,90,45,45,45,1790926903
02.10 07:49,10.5,10.5,10.5,12.5,12.5,12.5,9.8,9.8,9.8,9.8,9.8,9.8,9.8,9.8,9.8,33.2,33.2,33.2,16.0,16.0,16.0,1029.9,1029.9,1029.9,94,94,94,90,90,90,45,45,45,1790927383
02.10 07:59,11.0,11.0,11.0,12.5,12.5,12.5,9.8,9.8,9.8,9.8,9.8,9.8,9.8,9.8,9.8,34.2,34.2,34.2,16.0,16.0,16.0,1029.9,1029.9,1029.9,94,94,94,90,90,90,45,45,45,1790927983
02.10 08:04,11.0,11.0,11.0,12.8,12.8,12.8,9.8,9.8,9.8,9.8,9.8,9.8,9.8,9.8,9.8,34.5,34.5,34.5,16.0,16.0,16.0,1029.9,1029.9,1029.9,95,95,95,90,90,90,45,45,45,1790928283
02.10 08:05,11.0,11.0,11.0,12.8,12.8,12.8,9.8,9.8,9.8,9.8,9.8,9.8,9.8,9.8,9.8,34.5,34.5,34.5,16.0,16.0,16.0,1029.9,1029.9,1029.9, 0, 0, 0,90,90,90,45,45,45,1790928343
02.10 08:06,11.5,11.5,11.5,12.8,12.8,12.8,9.8,9.8,9.8,9.8,9.8,9.8,9.8,9.8,9.8,34.7,34.7,34.7,16.0,16.0,16.0,1030.0,1030.0,1030.0,95,95,95,90,90,90,45,45,45,1790928403
02.10 08:10,12.0,12.0,12.0,12.8,12.8,12.8,9.8,9.8,9.8,9.8,9.8,9.8,9.8,9.8,9.8,35.0,35.0,35.0,16.0,16.0,16.0,1030.0,1030.0,1030.0,94,94,94,90,90,90,45,45,45,1790928643
02.10 08:13,12.0,12.0,12.0,12.8,12.8,12.8,9.8,9.8,9.8,9.8,9.8,9.8,9.8,9.8,9.8,35.0,35.0,35.0,16.5,16.5,16.5,1030.1,1030.1,1030.1,94,94,94,90,90,90,45,45,45,1790928823
02.10 08:23,12.5,12.5,12.5,12.8,12.8,12.8,9.8,9.8,9.8,9.8,9.8,9.8,10.0,10.0,10.0,35.5,35.5,35.5,16.5,16.5,16.5,1030.1,1030.1,1030.1,91,91,91,90,90,90,45,45,45,1790929424
02.10 08:24,12.5,12.5,12.5,12.8,12.8,12.8,9.8,9.8,9.8,9.8,9.8,9.8,10.0,10.0,10.0,35.5,35.5,35.5,16.5,16.5,16.5,1030.1,1030.1,1030.1, 0, 0, 0,90,90,90,45,45,45,1790929484
02.10 08:25,13.0,13.0,13.0,12.8,12.8,12.8,9.8,9.8,9.8,9.8,9.8,9.8,10.0,10.0,10.0,35.5,35.5,35.5,16.5,16.5,16.5,1030.1,1030.1,1030.1,90,90,90,90,90,90,45,45,45,1790929544
02.10 08:27,13.0,13.0,13.0,12.8,12.8,12.8,9.8,9.8,9.8,9.8,9.8,9.8,10.0,10.0,10.0,35.5,35.5,35.5,16.5,16.5,16.5,1030.1,1030.1,1030.1, 0, 0, 0,90,90,90,45,45,45,1790929664
02.10 08:28,13.0,13.0,13.0,12.8,12.8,12.8,9.8,9.8,9.8,9.8,9.8,9.8,10.0,10.0,10.0,35.5,35.5,35.5,16.5,16.5,16.5,1030.1,1030.1,1030.1,89,89,89,90,90,90,45,45,45,1790929724
02.10 08:33,14.0,14.0,14.0,12.8,12.8,12.8,9.8,9.8,9.8,9.8,9.8,9.8,10.0,10.0,10.0,35.5,35.5,35.5,16.5,16.5,16.5,1030.1,1030.1,1030.1,87,87,87,90,90,90,45,45,45,1790930024
02.10 08:43,14.5,14.5,14.5,12.8,12.8,12.8,10.0,10.0,10.0,10.0,10.0,10.0,10.0,10.0,10.0,35.7,35.7,35.7,16.5,16.5,16.5,1030.2,1030.2,1030.2,85,85,85,90,90,90,45,45,45,1790930624
02.10 08:48,15.0,15.0,15.0,13.0,13.0,13.0,9.8,9.8,9.8,9.8,9.8,9.8,10.3,10.3,10.3,36.0,36.0,36.0,16.5,16.5,16.5,1030.2,1030.2,1030.2,84,84,84,90,90,90,45,45,45,1790930924
02.10 08:59,15.0,15.0,15.0,13.0,13.0,13.0,10.0,10.0,10.0,10.0,10.0,10.0,10.3,10.3,10.3,36.7,36.7,36.7,16.5,16.5,16.5,1030.2,1030.2,1030.2,82,82,82,90,90,90,45,45,45,1790931584
02.10 09:09,16.0,16.0,16.0,13.0,13.0,13.0,10.0,10.0,10.0,10.0,10.0,10.0,10.3,10.3,10.3,37.2,37.2,37.2,16.5,16.5,16.5,1030.2,1030.2,1030.2,81,81,81,90,90,90,45,45,45,1790932184
02.10 09:22,16.0,16.0,16.0,13.3,13.3,13.3,10.0,10.0,10.0,10.0,10.0,10.0,10.5,10.5,10.5,37.7,37.7,37.7,16.5,16.5,16.5,1030.2,1030.2,1030.2,80,80,80,90,90,90,45,45,45,1790932964
02.10 09:30,16.5,16.5,16.5,13.3,13.3,13.3,10.0,10.0,10.0,10.0,10.0,10.0,10.5,10.5,10.5,38.0,38.0,38.0,16.0,16.0,16.0,1030.3,1030.3,1030.3,79,79,79,90,90,90,45,45,45,1790933444
02.10 09:32,17.0,17.0,17.0,13.3,13.3,13.3,10.0,10.0,10.0,10.0,10.0,10.0,10.5,10.5,10.5,38.0,38.0,38.0,16.0,16.0,16.0,1030.3,1030.3,1030.3, 0, 0, 0,90,90,90,45,45,45,1790933564
02.10 09:33,17.0,17.0,17.0,13.3,13.3,13.3,10.0,10.0,10.0,10.0,10.0,10.0,10.5,10.5,10.5,38.0,38.0,38.0,16.0,16.0,16.0,1030.3,1030.3,1030.3,79,79,79,90,90,90,45,45,45,1790933624
02.10 09:40,17.0,17.0,17.0,13.3,13.3,13.3,10.0,10.0,10.0,10.0,10.0,10.0,10.5,10.5,10.5,38.0,38.0,38.0,16.0,16.0,16.0,1030.4,1030.4,1030.4,78,78,78,90,90,90,45,45,45,1790934044
02.10 09:55,18.0,18.0,18.0,13.5,13.5,13.5,10.3,10.3,10.3,10.3,10.3,10.3,10.8,10.8,10.8,38.0,38.0,38.0,16.0,16.0,16.0,1030.4,1030.4,1030.4,77,77,77,90,90,90,45,45,45,1790934944
02.10 10:11,18.5,18.5,18.5,13.8,13.8,13.8,10.3,10.3,10.3,10.3,10.3,10.3,11.0,11.0,11.0,39.0,39.0,39.0,16.0,16.0,16.0,1030.4,1030.4,1030.4,76,76,76,90,90,90,45,45,45,1790935904
02.10 10:16,19.0,19.0,19.0,14.0,14.0,14.0,10.3,10.3,10.3,10.5,10.5,10.5,11.0,11.0,11.0,39.2,39.2,39.2,16.0,16.0,16.0,1030.5,1030.5,1030.5,75,75,75,90,90,90,45,45,45,1790936204
02.10 10:26,19.0,19.0,19.0,14.3,14.3,14.3,10.5,10.5,10.5,10.5,10.5,10.5,11.3,11.3,11.3,40.0,40.0,40.0,16.0,16.0,16.0,1030.5,1030.5,1030.5,71,71,71,0,0,0,90,90,90,1790936804
02.10 10:33,20.0,20.0,20.0,14.3,14.3,14.3,10.8,10.8,10.8,10.8,10.8,10.8,11.5,11.5,11.5,40.5,40.5,40.5,16.0,16.0,16.0,1030.5,1030.5,1030.5,70,70,70,0,0,0,90,90,90,1790937224
02.10 10:36,19.5,19.5,19.5,14.3,14.3,14.3,10.8,10.8,10.8,10.8,10.8,10.8,11.5,11.5,11.5,40.8,40.8,40.8,16.0,16.0,16.0,1030.5,1030.5,1030.5, 0, 0, 0,0,0,0,90,90,90,1790937404
02.10 10:37,20.0,20.0,20.0,14.5,14.5,14.5,10.8,10.8,10.8,10.8,10.8,10.8,11.5,11.5,11.5,40.8,40.8,40.8,16.0,16.0,16.0,1030.5,1030.5,1030.5,69,69,69,0,0,0,90,90,90,1790937464
02.10 10:45,20.5,20.5,20.5,14.5,14.5,14.5,11.0,11.0,11.0,11.0,11.0,11.0,11.8,11.8,11.8,41.2,41.2,41.2,16.0,16.0,16.0,1030.5,1030.5,1030.5,70,70,70,0,0,0,90,90,90,1790937944
02.10 10:47,20.0,20.0,20.0,14.5,14.5,14.5,11.0,11.0,11.0,11.0,11.0,11.0,11.8,11.8,11.8,41.5,41.5,41.5,16.0,16.0,16.0,1030.5,1030.5,1030.5,67,67,67,0,0,0,90,90,90,1790938064
02.10 10:56,20.5,20.5,20.5,14.7,14.7,14.7,11.0,11.0,11.0,11.0,11.0,11.0,11.8,11.8,11.8,42.0,42.0,42.0,16.0,16.0,16.0,1030.5,1030.5,1030.5,66,66,66,0,0,0,90,90,90,1790938604
02.10 11:00,20.5,20.5,20.5,14.7,14.7,14.7,11.3,11.3,11.3,11.3,11.3,11.3,12.0,12.0,12.0,42.2,42.2,42.2,16.0,16.0,16.0,1030.5,1030.5,1030.5,65,65,65,0,0,0,90,90,90,1790938844
02.10 11:14,20.5,20.5,20.5,15.0,15.0,15.0,11.5,11.5,11.5,11.5,11.5,11.5,12.2,12.2,12.2,43.0,43.0,43.0,16.5,16.5,16.5,1030.4,1030.4,1030.4,63,63,63,0,0,0,90,90,90,1790939685
02.10 11:25,21.0,21.0,21.0,15.3,15.3,15.3,11.8,11.8,11.8,11.8,11.8,11.8,12.5,12.5,12.5,43.5,43.5,43.5,16.5,16.5,16.5,1030.4,1030.4,1030.4,63,63,63,0,0,0,90,90,90,1790940345
02.10 11:29,21.5,21.5,21.5,15.3,15.3,15.3,11.8,11.8,11.8,11.8,11.8,11.8,12.5,12.5,12.5,44.0,44.0,44.0,16.5,16.5,16.5,1030.3,1030.3,1030.3,62,62,62,0,0,0,90,90,90,1790940585
02.10 11:41,22.0,22.0,22.0,15.5,15.5,15.5,12.0,12.0,12.0,12.0,12.0,12.0,12.8,12.8,12.8,44.7,44.7,44.7,16.5,16.5,16.5,1030.3,1030.3,1030.3,59,59,59,0,0,0,90,90,90,1790941305
02.10 11:45,22.0,22.0,22.0,15.5,15.5,15.5,12.0,12.0,12.0,12.0,12.0,12.0,12.8,12.8,12.8,45.0,45.0,45.0,16.5,16.5,16.5,1030.2,1030.2,1030.2,59,59,59,0,0,0,90,90,90,1790941545
02.10 11:57,22.0,22.0,22.0,15.5,15.5,15.5,12.2,12.2,12.2,12.2,12.2,12.2,13.0,13.0,13.0,45.2,45.2,45.2,16.0,16.0,16.0,1030.2,1030.2,1030.2,57,57,57,0,0,0,90,90,90,1790942265
02.10 12:32,22.5,22.5,22.5,15.8,15.8,15.8,13.0,13.0,13.0,13.0,13.0,13.0,13.8,13.8,13.8,45.8,45.8,45.8,16.0,16.0,16.0,1030.1,1030.1,1030.1,56,56,56,0,0,0,90,90,90,1790944365
02.10 12:35,22.5,22.5,22.5,16.0,16.0,16.0,13.0,13.0,13.0,13.0,13.0,13.0,13.8,13.8,13.8,45.8,45.8,45.8,16.0,16.0,16.0,1030.1,1030.1,1030.1,56,56,56,0,0,0,90,90,90,1790944545
02.10 12:38,23.0,23.0,23.0,16.0,16.0,16.0,13.3,13.3,13.3,13.3,13.3,13.3,13.8,13.8,13.8,46.0,46.0,46.0,16.0,16.0,16.0,1030.0,1030.0,1030.0, 0, 0, 0,0,0,0,90,90,90,1790944725
02.10 12:39,23.0,23.0,23.0,16.0,16.0,16.0,13.3,13.3,13.3,13.3,13.3,13.3,13.8,13.8,13.8,46.0,46.0,46.0,16.0,16.0,16.0,1030.0,1030.0,1030.0,57,57,57,0,0,0,90,90,90,1790944785
02.10 12:43,23.0,23.0,23.0,16.0,16.0,16.0,13.3,13.3,13.3,13.3,13.3,13.3,13.8,13.8,13.8,46.2,46.2,46.2,16.0,16.0,16.0,1030.1,1030.1,1030.1,54,54,54,0,0,0,90,90,90,1790945025
02.10 12:46,23.0,23.0,23.0,16.0,16.0,16.0,13.5,13.5,13.5,13.5,13.5,13.5,14.0,14.0,14.0,46.5,46.5,46.5,16.0,16.0,16.0,1030.0,1030.0,1030.0,54,54,54,0,0,0,90,90,90,1790945205
02.10 12:54,23.0,23.0,23.0,16.0,16.0,16.0,13.5,13.5,13.5,13.5,13.5,13.5,14.0,14.0,14.0,46.7,46.7,46.7,16.0,16.0,16.0,1029.9,1029.9,1029.9,53,53,53,0,0,0,90,90,90,1790945685
02.10 12:57,23.0,23.0,23.0,16.0,16.0,16.0,13.8,13.8,13.8,13.8,13.8,13.8,14.0,14.0,14.0,47.0,47.0,47.0,16.0,16.0,16.0,1029.8,1029.8,1029.8,52,52,52,0,0,0,90,90,90,1790945865
02.10 13:01,23.0,23.0,23.0,16.3,16.3,16.3,13.8,13.8,13.8,13.8,13.8,13.8,14.3,14.3,14.3,47.0,47.0,47.0,16.0,16.0,16.0,1029.8,1029.8,1029.8,52,52,52,0,0,0,90,90,90,1790946105
02.10 13:09,24.0,24.0,24.0,16.3,16.3,16.3,14.0,14.0,14.0,14.0,14.0,14.0,14.3,14.3,14.3,47.5,47.5,47.5,16.0,16.0,16.0,1029.8,1029.8,1029.8,53,53,53,0,0,0,90,90,90,1790946585
02.10 13:16,24.0,24.0,24.0,16.3,16.3,16.3,14.3,14.3,14.3,14.3,14.3,14.3,14.5,14.5,14.5,47.7,47.7,47.7,16.0,16.0,16.0,1029.7,1029.7,1029.7,51,51,51,0,0,0,90,90,90,1790947005
02.10 13:28,24.0,24.0,24.0,16.5,16.5,16.5,14.7,14.7,14.7,14.7,14.7,14.7,14.5,14.5,14.5,48.0,48.0,48.0,16.0,16.0,16.0,1029.7,1029.7,1029.7,52,52,52,0,0,0,90,90,90,1790947725
02.10 13:33,23.5,23.5,23.5,16.5,16.5,16.5,15.3,15.3,15.3,15.3,15.3,15.3,14.7,14.7,14.7,48.3,48.3,48.3,16.0,16.0,16.0,1029.6,1029.6,1029.6,50,50,50,0,0,0,90,90,90,1790948025
02.10 13:41,23.5,23.5,23.5,16.5,16.5,16.5,15.8,15.8,15.8,15.8,15.8,15.8,14.7,14.7,14.7,48.3,48.3,48.3,16.0,16.0,16.0,1029.5,1029.5,1029.5,52,52,52,0,0,0,90,90,90,1790948505
02.10 13:44,23.5,23.5,23.5,16.5,16.5,16.5,15.8,15.8,15.8,15.8,15.8,15.8,14.7,14.7,14.7,48.3,48.3,48.3,16.0,16.0,16.0,1029.6,1029.6,1029.6, 0, 0, 0,0,0,0,90,90,90,1790948685
02.10 13:45,23.5,23.5,23.5,16.5,16.5,16.5,15.8,15.8,15.8,15.8,15.8,15.8,14.7,14.7,14.7,48.3,48.3,48.3,16.0,16.0,16.0,1029.5,1029.5,1029.5,51,51,51,0,0,0,90,90,90,1790948745
02.10 13:53,23.0,23.0,23.0,16.5,16.5,16.5,15.8,15.8,15.8,15.8,15.8,15.8,15.0,15.0,15.0,48.5,48.5,48.5,16.0,16.0,16.0,1029.5,1029.5,1029.5,51,51,51,0,0,0,90,90,90,1790949225
02.10 14:07,23.5,23.5,23.5,16.5,16.5,16.5,15.8,15.8,15.8,15.8,15.8,15.8,15.0,15.0,15.0,48.7,48.7,48.7,16.0,16.0,16.0,1029.4,1029.4,1029.4,50,50,50,0,0,0,90,90,90,1790950065
02.10 14:15,23.5,23.5,23.5,16.5,16.5,16.5,15.8,15.8,15.8,15.8,15.8,15.8,15.3,15.3,15.3,49.0,49.0,49.0,16.0,16.0,16.0,1029.4,1029.4,1029.4,51,51,51,0,0,0,90,90,90,1790950546
02.10 14:25,23.5,23.5,23.5,16.5,16.5,16.5,15.8,15.8,15.8,15.8,15.8,15.8,15.3,15.3,15.3,49.5,49.5,49.5,16.0,16.0,16.0,1029.3,1029.3,1029.3,51,51,51,0,0,0,90,90,90,1790951146
02.10 14:36,23.5,23.5,23.5,16.5,16.5,16.5,16.0,16.0,16.0,15.8,15.8,15.8,15.3,15.3,15.3,49.7,49.7,49.7,16.0,16.0,16.0,1029.2,1029.2,1029.2,52,52,52,0,0,0,90,90,90,1790951806
02.10 14:47,24.0,24.0,24.0,16.5,16.5,16.5,16.0,16.0,16.0,16.0,16.0,16.0,15.3,15.3,15.3,50.0,50.0,50.0,16.0,16.0,16.0,1029.2,1029.2,1029.2, 0, 0, 0,0,0,0,90,90,90,1790952466
02.10 14:48,24.0,24.0,24.0,16.5,16.5,16.5,16.0,16.0,16.0,16.0,16.0,16.0,15.5,15.5,15.5,50.2,50.2,50.2,16.0,16.0,16.0,1029.2,1029.2,1029.2,50,50,50,0,0,0,90,90,90,1790952526
02.10 14:58,23.5,23.5,23.5,16.3,16.3,16.3,16.0,16.0,16.0,16.0,16.0,16.0,15.5,15.5,15.5,50.5,50.5,50.5,16.0,16.0,16.0,1029.2,1029.2,1029.2,50,50,50,0,0,0,90,90,90,1790953126
02.10 15:06,24.0,24.0,24.0,16.3,16.3,16.3,16.0,16.0,16.0,16.0,16.0,16.0,15.5,15.5,15.5,50.8,50.8,50.8,16.0,16.0,16.0,1029.1,1029.1,1029.1,50,50,50,0,0,0,90,90,90,1790953606
02.10 15:12,24.0,24.0,24.0,16.3,16.3,16.3,16.0,16.0,16.0,16.0,16.0,16.0,15.5,15.5,15.5,50.8,50.8,50.8,16.0,16.0,16.0,1029.1,1029.1,1029.1,50,50,50,0,0,0,90,90,90,1790953966
02.10 15:15,24.0,24.0,24.0,16.3,16.3,16.3,16.0,16.0,16.0,16.0,16.0,16.0,15.5,15.5,15.5,51.0,51.0,51.0,16.0,16.0,16.0,1029.0,1029.0,1029.0,50,50,50,0,0,0,90,90,90,1790954146
02.10 15:20,24.0,24.0,24.0,16.3,16.3,16.3,16.0,16.0,16.0,16.0,16.0,16.0,15.5,15.5,15.5,50.8,50.8,50.8,16.0,16.0,16.0,1029.0,1029.0,1029.0,51,51,51,0,0,0,90,90,90,1790954446
02.10 15:31,24.0,24.0,24.0,16.3,16.3,16.3,16.0,16.0,16.0,16.0,16.0,16.0,15.5,15.5,15.5,49.7,49.7,49.7,16.0,16.0,16.0,1029.0,1029.0,1029.0,51,51,51,0,0,0,90,90,90,1790955106
02.10 15:38,23.5,23.5,23.5,16.3,16.3,16.3,16.0,16.0,16.0,16.0,16.0,16.0,15.5,15.5,15.5,49.5,49.5,49.5,16.0,16.0,16.0,1028.9,1028.9,1028.9,51,51,51,0,0,0,90,90,90,1790955526
02.10 15:56,23.5,23.5,23.5,16.3,16.3,16.3,16.0,16.0,16.0,16.0,16.0,16.0,15.5,15.5,15.5,48.5,48.5,48.5,16.0,16.0,16.0,1028.8,1028.8,1028.8,51,51,51,0,0,0,90,90,90,1790956606
02.10 16:43,23.0,23.0,23.0,16.0,16.0,16.0,15.8,15.8,15.8,15.8,15.8,15.8,15.5,15.5,15.5,48.0,48.0,48.0,16.5,16.5,16.5,1028.8,1028.8,1028.8,52,52,52,0,0,0,90,90,90,1790959426
02.10 16:55,22.5,22.5,22.5,16.0,16.0,16.0,15.8,15.8,15.8,15.8,15.8,15.8,15.5,15.5,15.5,47.7,47.7,47.7,16.5,16.5,16.5,1028.8,1028.8,1028.8,55,55,55,0,0,0,90,90,90,1790960146
02.10 17:17,22.5,22.5,22.5,15.8,15.8,15.8,15.8,15.8,15.8,15.8,15.8,15.8,15.5,15.5,15.5,47.7,47.7,47.7,16.5,16.5,16.5,1028.8,1028.8,1028.8,58,58,58,0,0,0,90,90,90,1790961467
02.10 17:27,22.0,22.0,22.0,15.8,15.8,15.8,15.8,15.8,15.8,15.8,15.8,15.8,15.5,15.5,15.5,47.5,47.5,47.5,16.5,16.5,16.5,1028.8,1028.8,1028.8,61,61,61,0,0,0,90,90,90,1790962067
02.10 17:48,21.5,21.5,21.5,15.5,15.5,15.5,15.5,15.5,15.5,15.5,15.5,15.5,15.3,15.3,15.3,46.7,46.7,46.7,16.0,16.0,16.0,1028.8,1028.8,1028.8,64,64,64,0,0,0,90,90,90,1790963321
02.10 17:55,20.5,20.5,20.5,15.5,15.5,15.5,15.5,15.5,15.5,15.5,15.5,15.5,15.3,15.3,15.3,46.5,46.5,46.5,16.0,16.0,16.0,1028.8,1028.8,1028.8,66,66,66,0,0,0,90,90,90,1790963741
02.10 18:00,20.0,20.0,20.0,15.5,15.5,15.5,15.5,15.5,15.5,15.5,15.5,15.5,15.3,15.3,15.3,46.2,46.2,46.2,16.0,16.0,16.0,1028.9,1028.9,1028.9,68,68,68,0,0,0,90,90,90,1790964041
02.10 18:09,19.5,19.5,19.5,15.5,15.5,15.5,15.3,15.3,15.3,15.3,15.3,15.3,15.3,15.3,15.3,45.8,45.8,45.8,16.0,16.0,16.0,1028.8,1028.8,1028.8,71,71,71,0,0,0,90,90,90,1790964581
02.10 18:17,17.5,17.5,17.5,15.3,15.3,15.3,15.3,15.3,15.3,15.3,15.3,15.3,15.0,15.0,15.0,45.5,45.5,45.5,16.0,16.0,16.0,1028.9,1028.9,1028.9,75,75,75,0,0,0,90,90,90,1790965061
02.10 18:21,17.5,17.5,17.5,15.3,15.3,15.3,15.3,15.3,15.3,15.3,15.3,15.3,15.0,15.0,15.0,45.5,45.5,45.5,16.0,16.0,16.0,1028.8,1028.8,1028.8,77,77,77,0,0,0,90,90,90,1790965301
02.10 18:30,17.5,17.5,17.5,15.3,15.3,15.3,15.0,15.0,15.0,15.0,15.0,15.0,15.0,15.0,15.0,45.0,45.0,45.0,16.0,16.0,16.0,1028.9,1028.9,1028.9,77,77,77,0,0,0,90,90,90,1790965841
02.10 18:35,17.0,17.0,17.0,15.3,15.3,15.3,15.0,15.0,15.0,15.0,15.0,15.0,14.7,14.7,14.7,45.0,45.0,45.0,16.0,16.0,16.0,1028.9,1028.9,1028.9,78,78,78,0,0,0,90,90,90,1790966141
02.10 18:41,17.0,17.0,17.0,15.3,15.3,15.3,14.7,14.7,14.7,15.0,15.0,15.0,14.7,14.7,14.7,44.7,44.7,44.7,16.0,16.0,16.0,1029.0,1029.0,1029.0,79,79,79,0,0,0,90,90,90,1790966501
02.10 18:46,17.0,17.0,17.0,15.0,15.0,15.0,14.7,14.7,14.7,14.7,14.7,14.7,14.7,14.7,14.7,44.7,44.7,44.7,16.0,16.0,16.0,1029.0,1029.0,1029.0,80,80,80,0,0,0,90,90,90,1790966801
02.10 18:52,16.5,16.5,16.5,15.0,15.0,15.0,14.7,14.7,14.7,14.7,14.7,14.7,14.7,14.7,14.7,44.5,44.5,44.5,16.0,16.0,16.0,1029.1,1029.1,1029.1, 0, 0, 0,0,0,0,90,90,90,1790967161
02.10 18:53,16.5,16.5,16.5,15.0,15.0,15.0,14.7,14.7,14.7,14.7,14.7,14.7,14.7,14.7,14.7,44.5,44.5,44.5,16.0,16.0,16.0,1029.1,1029.1,1029.1,81,81,81,0,0,0,90,90,90,1790967221
02.10 19:02,16.0,16.0,16.0,15.0,15.0,15.0,14.5,14.5,14.5,14.5,14.5,14.5,14.5,14.5,14.5,44.2,44.2,44.2,16.0,16.0,16.0,1029.0,1029.0,1029.0,82,82,82,0,0,0,90,90,90,1790967761
02.10 19:11,15.5,15.5,15.5,15.0,15.0,15.0,14.5,14.5,14.5,14.5,14.5,14.5,14.5,14.5,14.5,44.0,44.0,44.0,16.0,16.0,16.0,1028.9,1028.9,1028.9,83,83,83,0,0,0,90,90,90,1790968301
02.10 19:29,14.5,14.5,14.5,14.7,14.7,14.7,14.3,14.3,14.3,14.3,14.3,14.3,14.3,14.3,14.3,43.7,43.7,43.7,16.0,16.0,16.0,1028.9,1028.9,1028.9,84,84,84,0,0,0,90,90,90,1790969381
02.10 19:51,14.5,14.5,14.5,14.5,14.5,14.5,14.0,14.0,14.0,14.0,14.0,14.0,14.0,14.0,14.0,42.7,42.7,42.7,16.0,16.0,16.0,1028.9,1028.9,1028.9,85,85,85,0,0,0,90,90,90,1790970702
02.10 20:08,14.0,14.0,14.0,14.5,14.5,14.5,13.8,13.8,13.8,13.8,13.8,13.8,13.8,13.8,13.8,42.2,42.2,42.2,16.0,16.0,16.0,1028.9,1028.9,1028.9,86,86,86,0,0,0,90,90,90,1790971722
02.10 20:15,14.0,14.0,14.0,14.5,14.5,14.5,13.8,13.8,13.8,13.8,13.8,13.8,13.8,13.8,13.8,42.0,42.0,42.0,16.0,16.0,16.0,1029.0,1029.0,1029.0,86,86,86,0,0,0,90,90,90,1790972142
02.10 20:30,13.5,13.5,13.5,14.3,14.3,14.3,13.8,13.8,13.8,13.8,13.8,13.8,13.5,13.5,13.5,41.5,41.5,41.5,16.0,16.0,16.0,1028.9,1028.9,1028.9,86,86,86,0,0,0,90,90,90,1790973042
02.10 20:38,13.0,13.0,13.0,14.3,14.3,14.3,13.5,13.5,13.5,13.5,13.5,13.5,13.3,13.3,13.3,41.2,41.2,41.2,16.0,16.0,16.0,1028.9,1028.9,1028.9,87,87,87,0,0,0,90,90,90,1790973522
02.10 20:47,12.5,12.5,12.5,14.3,14.3,14.3,13.5,13.5,13.5,13.5,13.5,13.5,13.3,13.3,13.3,40.8,40.8,40.8,16.0,16.0,16.0,1028.8,1028.8,1028.8,87,87,87,0,0,0,90,90,90,1790974062
02.10 21:12,12.0,12.0,12.0,14.0,14.0,14.0,13.3,13.3,13.3,13.3,13.3,13.3,13.0,13.0,13.0,40.0,40.0,40.0,16.0,16.0,16.0,1028.9,1028.9,1028.9,88,88,88,0,0,0,90,90,90,1790975562
02.10 21:39,12.0,12.0,12.0,14.0,14.0,14.0,13.3,13.3,13.3,13.3,13.3,13.3,12.8,12.8,12.8,39.2,39.2,39.2,16.0,16.0,16.0,1028.8,1028.8,1028.8,88,88,88,0,0,0,90,90,90,1790977182
02.10 21:43,11.5,11.5,11.5,13.8,13.8,13.8,13.3,13.3,13.3,13.3,13.3,13.3,12.8,12.8,12.8,39.2,39.2,39.2,16.0,16.0,16.0,1028.7,1028.7,1028.7,88,88,88,0,0,0,90,90,90,1790977422
02.10 22:16,11.0,11.0,11.0,13.8,13.8,13.8,13.0,13.0,13.0,13.0,13.0,13.0,12.2,12.2,12.2,38.2,38.2,38.2,16.0,16.0,16.0,1028.7,1028.7,1028.7,89,89,89,0,0,0,90,90,90,1790979402
02.10 22:28,11.0,11.0,11.0,13.8,13.8,13.8,12.8,12.8,12.8,12.8,12.8,12.8,12.2,12.2,12.2,38.0,38.0,38.0,16.0,16.0,16.0,1028.7,1028.7,1028.7,89,89,89,0,0,0,90,90,90,1790980122
02.10 22:33,11.0,11.0,11.0,13.5,13.5,13.5,12.8,12.8,12.8,12.8,12.8,12.8,12.2,12.2,12.2,38.0,38.0,38.0,16.0,16.0,16.0,1028.6,1028.6,1028.6,89,89,89,0,0,0,90,90,90,1790980422
02.10 22:49,10.0,10.0,10.0,13.5,13.5,13.5,12.5,12.5,12.5,12.5,12.5,12.5,12.0,12.0,12.0,37.5,37.5,37.5,16.0,16.0,16.0,1028.6,1028.6,1028.6,89,89,89,0,0,0,90,90,90,1790981382
02.10 22:57,10.0,10.0,10.0,13.5,13.5,13.5,12.5,12.5,12.5,12.5,12.5,12.5,12.0,12.0,12.0,37.2,37.2,37.2,16.0,16.0,16.0,1028.7,1028.7,1028.7,89,89,89,0,0,0,90,90,90,1790981862
02.10 23:06,9.5,9.5,9.5,13.5,13.5,13.5,12.5,12.5,12.5,12.5,12.5,12.5,12.0,12.0,12.0,37.2,37.2,37.2,16.0,16.0,16.0,1028.7,1028.7,1028.7,90,90,90,0,0,0,90,90,90,1790982403
02.10 23:31,9.5,9.5,9.5,13.3,13.3,13.3,12.2,12.2,12.2,12.2,12.2,12.2,11.8,11.8,11.8,36.5,36.5,36.5,16.0,16.0,16.0,1028.8,1028.8,1028.8,90,90,90,0,0,0,90,90,90,1790983903
02.10 23:35,10.0,10.0,10.0,13.3,13.3,13.3,12.2,12.2,12.2,12.2,12.2,12.2,11.8,11.8,11.8,36.5,36.5,36.5,16.0,16.0,16.0,1028.8,1028.8,1028.8, 0, 0, 0,0,0,0,90,90,90,1790984143
02.10 23:36,9.5,9.5,9.5,13.3,13.3,13.3,12.2,12.2,12.2,12.2,12.2,12.2,11.8,11.8,11.8,36.2,36.2,36.2,16.0,16.0,16.0,1028.8,1028.8,1028.8,90,90,90,0,0,0,90,90,90,1790984203
02.10 23:53,10.0,10.0,10.0,13.3,13.3,13.3,12.0,12.0,12.0,12.0,12.0,12.0,11.5,11.5,11.5,36.0,36.0,36.0,16.0,16.0,16.0,1028.9,1028.9,1028.9,90,90,90,0,0,0,90,90,90,1790985223
02.10 23:56,9.5,9.5,9.5,13.3,13.3,13.3,12.0,12.0,12.0,12.0,12.0,12.0,11.5,11.5,11.5,35.7,35.7,35.7,16.0,16.0,16.0,1028.9,1028.9,1028.9,90,90,90,0,0,0,90,90,90,1790985403
03.10 00:20,9.0,9.0,9.0,13.3,13.3,13.3,11.8,11.8,11.8,11.8,11.8,11.8,11.3,11.3,11.3,35.2,35.2,35.2,16.0,16.0,16.0,1029.0,1029.0,1029.0,90,90,90,0,0,0,90,90,90,1790986843
03.10 00:28,9.5,9.5,9.5,13.0,13.0,13.0,11.8,11.8,11.8,11.8,11.8,11.8,11.3,11.3,11.3,35.2,35.2,35.2,16.0,16.0,16.0,1029.0,1029.0,1029.0,90,90,90,0,0,0,90,90,90,1790987323
03.10 01:00,9.0,9.0,9.0,13.0,13.0,13.0,11.5,11.5,11.5,11.5,11.5,11.5,11.0,11.0,11.0,34.5,34.5,34.5,16.0,16.0,16.0,1029.0,1029.0,1029.0, 0, 0, 0,0,0,0,90,90,90,1790989243
03.10 01:01,9.0,9.0,9.0,13.0,13.0,13.0,11.5,11.5,11.5,11.5,11.5,11.5,11.0,11.0,11.0,34.2,34.2,34.2,16.0,16.0,16.0,1029.0,1029.0,1029.0,90,90,90,0,0,0,90,90,90,1790989303
03.10 01:18,8.5,8.5,8.5,13.0,13.0,13.0,11.3,11.3,11.3,11.3,11.3,11.3,10.8,10.8,10.8,34.0,34.0,34.0,16.0,16.0,16.0,1029.0,1029.0,1029.0,91,91,91,0,0,0,90,90,90,1790990323
03.10 01:40,8.5,8.5,8.5,12.8,12.8,12.8,11.0,11.0,11.0,11.0,11.0,11.0,10.8,10.8,10.8,33.5,33.5,33.5,16.0,16.0,16.0,1028.9,1028.9,1028.9,90,90,90,0,0,0,90,90,90,1790991644
03.10 01:52,8.5,8.5,8.5,12.8,12.8,12.8,10.8,10.8,10.8,10.8,10.8,10.8,10.5,10.5,10.5,33.2,33.2,33.2,16.0,16.0,16.0,1028.8,1028.8,1028.8,90,90,90,0,0,0,90,90,90,1790992364
03.10 02:04,8.0,8.0,8.0,12.8,12.8,12.8,10.8,10.8,10.8,10.8,10.8,10.8,10.5,10.5,10.5,33.0,33.0,33.0,16.0,16.0,16.0,1028.8,1028.8,1028.8,90,90,90,0,0,0,90,90,90,1790993084
03.10 02:07,8.0,8.0,8.0,12.8,12.8,12.8,10.8,10.8,10.8,10.8,10.8,10.8,10.5,10.5,10.5,33.0,33.0,33.0,16.0,16.0,16.0,1028.8,1028.8,1028.8, 0, 0, 0,0,0,0,90,90,90,1790993264
03.10 02:08,8.0,8.0,8.0,12.8,12.8,12.8,10.8,10.8,10.8,10.8,10.8,10.8,10.5,10.5,10.5,33.0,33.0,33.0,16.0,16.0,16.0,1028.8,1028.8,1028.8,90,90,90,0,0,0,90,90,90,1790993324
03.10 02:13,8.0,8.0,8.0,12.8,12.8,12.8,10.8,10.8,10.8,10.8,10.8,10.8,10.3,10.3,10.3,33.0,33.0,33.0,16.0,16.0,16.0,1028.7,1028.7,1028.7,90,90,90,0,0,0,90,90,90,1790993624
03.10 02:37,8.0,8.0,8.0,12.5,12.5,12.5,10.5,10.5,10.5,10.5,10.5,10.5,10.3,10.3,10.3,32.5,32.5,32.5,16.0,16.0,16.0,1028.6,1028.6,1028.6,91,91,91,0,0,0,90,90,90,1790995064
03.10 02:42,8.0,8.0,8.0,12.5,12.5,12.5,10.5,10.5,10.5,10.5,10.5,10.5,10.0,10.0,10.0,32.2,32.2,32.2,16.0,16.0,16.0,1028.6,1028.6,1028.6,90,90,90,0,0,0,90,90,90,1790995364
03.10 02:58,7.5,7.5,7.5,12.5,12.5,12.5,10.3,10.3,10.3,10.3,10.3,10.3,10.0,10.0,10.0,32.0,32.0,32.0,16.0,16.0,16.0,1028.5,1028.5,1028.5,90,90,90,0,0,0,90,90,90,1790996324
03.10 03:04,7.5,7.5,7.5,12.5,12.5,12.5,10.3,10.3,10.3,10.3,10.3,10.3,10.0,10.0,10.0,31.8,31.8,31.8,15.5,15.5,15.5,1028.5,1028.5,1028.5, 0, 0, 0,0,0,0,90,90,90,1790996684
03.10 03:05,7.5,7.5,7.5,12.5,12.5,12.5,10.3,10.3,10.3,10.3,10.3,10.3,10.0,10.0,10.0,31.8,31.8,31.8,15.5,15.5,15.5,1028.5,1028.5,1028.5,90,90,90,0,0,0,90,90,90,1790996744
03.10 03:08,7.5,7.5,7.5,12.5,12.5,12.5,10.3,10.3,10.3,10.3,10.3,10.3,9.8,9.8,9.8,31.8,31.8,31.8,15.5,15.5,15.5,1028.4,1028.4,1028.4,90,90,90,0,0,0,90,90,90,1790996924
03.10 03:37,7.5,7.5,7.5,12.2,12.2,12.2,9.8,9.8,9.8,9.8,9.8,9.8,9.8,9.8,9.8,31.2,31.2,31.2,15.5,15.5,15.5,1028.4,1028.4,1028.4,90,90,90,0,0,0,90,90,90,1790998664
03.10 03:46,7.5,7.5,7.5,12.2,12.2,12.2,9.8,9.8,9.8,9.8,9.8,9.8,9.5,9.5,9.5,31.0,31.0,31.0,15.5,15.5,15.5,1028.4,1028.4,1028.4,90,90,90,0,0,0,90,90,90,1790999204
03.10 03:55,7.5,7.5,7.5,12.2,12.2,12.2,9.5,9.5,9.5,9.5,9.5,9.5,9.5,9.5,9.5,31.0,31.0,31.0,15.5,15.5,15.5,1028.4,1028.4,1028.4,90,90,90,0,0,0,90,90,90,1790999744
03.10 04:05,7.0,7.0,7.0,12.2,12.2,12.2,9.5,9.5,9.5,9.5,9.5,9.5,9.5,9.5,9.5,30.8,30.8,30.8,15.5,15.5,15.5,1028.3,1028.3,1028.3,90,90,90,0,0,0,90,90,90,1791000344
03.10 04:12,7.0,7.0,7.0,12.2,12.2,12.2,9.5,9.5,9.5,9.5,9.5,9.5,9.3,9.3,9.3,30.8,30.8,30.8,15.5,15.5,15.5,1028.3,1028.3,1028.3,90,90,90,0,0,0,90,90,90,1791000764
03.10 05:00,6.5,6.5,6.5,12.0,12.0,12.0,9.0,9.0,9.0,9.0,9.0,9.0,9.0,9.0,9.0,29.8,29.8,29.8,15.5,15.5,15.5,1028.3,1028.3,1028.3,90,90,90,0,0,0,90,90,90,1791003644
03.10 05:07,6.5,6.5,6.5,12.0,12.0,12.0,9.0,9.0,9.0,9.0,9.0,9.0,9.0,9.0,9.0,29.8,29.8,29.8,15.5,15.5,15.5,1028.3,1028.3,1028.3,90,90,90,0,0,0,90,90,90,1791004064
03.10 05:23,6.5,6.5,6.5,12.0,12.0,12.0,8.8,8.8,8.8,8.8,8.8,8.8,8.8,8.8,8.8,29.5,29.5,29.5,15.5,15.5,15.5,1028.3,1028.3,1028.3,91,91,91,0,0,0,90,90,90,1791005024
03.10 05:31,6.5,6.5,6.5,12.0,12.0,12.0,8.8,8.8,8.8,8.8,8.8,8.8,8.8,8.8,8.8,29.5,29.5,29.5,15.5,15.5,15.5,1028.3,1028.3,1028.3,91,91,91,0,0,0,90,90,90,1791005505
03.10 05:37,6.5,6.5,6.5,12.0,12.0,12.0,8.5,8.5,8.5,8.5,8.5,8.5,8.8,8.8,8.8,29.3,29.3,29.3,15.5,15.5,15.5,1028.3,1028.3,1028.3, 0, 0, 0,0,0,0,90,90,90,1791005865
03.10 05:38,6.5,6.5,6.5,12.0,12.0,12.0,8.5,8.5,8.5,8.5,8.5,8.5,8.8,8.8,8.8,29.3,29.3,29.3,15.5,15.5,15.5,1028.3,1028.3,1028.3,90,90,90,0,0,0,90,90,90,1791005925
03.10 05:41,6.5,6.5,6.5,12.0,12.0,12.0,8.5,8.5,8.5,8.5,8.5,8.5,8.8,8.8,8.8,29.3,29.3,29.3,15.5,15.5,15.5,1028.3,1028.3,1028.3, 0, 0, 0,0,0,0,90,90,90,1791006105
03.10 05:42,6.5,6.5,6.5,12.0,12.0,12.0,8.5,8.5,8.5,8.5,8.5,8.5,8.8,8.8,8.8,29.3,29.3,29.3,15.5,15.5,15.5,1028.3,1028.3,1028.3,91,91,91,0,0,0,90,90,90,1791006165
03.10 05:55,6.0,6.0,6.0,11.8,11.8,11.8,8.5,8.5,8.5,8.5,8.5,8.5,8.5,8.5,8.5,29.0,29.0,29.0,15.5,15.5,15.5,1028.2,1028.2,1028.2,91,91,91,0,0,0,90,90,90,1791006945
03.10 06:00,6.0,6.0,6.0,11.8,11.8,11.8,8.5,8.5,8.5,8.5,8.5,8.5,8.5,8.5,8.5,29.0,29.0,29.0,15.5,15.5,15.5,1028.2,1028.2,1028.2,90,90,90,0,0,0,90,90,90,1791007245
03.10 06:22,6.5,6.5,6.5,11.8,11.8,11.8,8.3,8.3,8.3,8.3,8.3,8.3,8.3,8.3,8.3,28.5,28.5,28.5,15.5,15.5,15.5,1028.2,1028.2,1028.2, 0, 0, 0,0,0,0,90,90,90,1791008565
03.10 06:23,6.5,6.5,6.5,11.8,11.8,11.8,8.3,8.3,8.3,8.3,8.3,8.3,8.3,8.3,8.3,28.5,28.5,28.5,15.5,15.5,15.5,1028.2,1028.2,1028.2,90,90,90,0,0,0,90,90,90,1791008625
03.10 06:26,6.5,6.5,6.5,11.8,11.8,11.8,8.3,8.3,8.3,8.3,8.3,8.3,8.3,8.3,8.3,28.5,28.5,28.5,15.5,15.5,15.5,1028.2,1028.2,1028.2, 0, 0, 0,0,0,0,90,90,90,1791008805
03.10 06:27,6.5,6.5,6.5,11.8,11.8,11.8,8.3,8.3,8.3,8.3,8.3,8.3,8.3,8.3,8.3,28.5,28.5,28.5,15.5,15.5,15.5,1028.2,1028.2,1028.2,90,90,90,0,0,0,90,90,90,1791008865
03.10 06:42,6.5,6.5,6.5,11.8,11.8,11.8,8.0,8.0,8.0,8.0,8.0,8.0,8.3,8.3,8.3,28.3,28.3,28.3,15.5,15.5,15.5,1028.3,1028.3,1028.3,91,91,91,0,0,0,90,90,90,1791009765
03.10 06:53,6.5,6.5,6.5,11.8,11.8,11.8,8.0,8.0,8.0,8.0,8.0,8.0,8.3,8.3,8.3,28.3,28.3,28.3,15.5,15.5,15.5,1028.3,1028.3,1028.3,91,91,91,0,0,0,90,90,90,1791010425
03.10 07:02,6.5,6.5,6.5,11.8,11.8,11.8,8.0,8.0,8.0,8.0,8.0,8.0,8.0,8.0,8.0,28.3,28.3,28.3,15.5,15.5,15.5,1028.4,1028.4,1028.4,91,91,91,0,0,0,90,90,90,1791010965
03.10 07:04,6.5,6.5,6.5,11.8,11.8,11.8,8.0,8.0,8.0,8.0,8.0,8.0,8.0,8.0,8.0,28.3,28.3,28.3,15.5,15.5,15.5,1028.4,1028.4,1028.4, 0, 0, 0,0,0,0,90,90,90,1791011085
03.10 07:05,6.5,6.5,6.5,11.8,11.8,11.8,8.0,8.0,8.0,8.0,8.0,8.0,8.0,8.0,8.0,28.3,28.3,28.3,15.5,15.5,15.5,1028.4,1028.4,1028.4,91,91,91,0,0,0,90,90,90,1791011145
03.10 07:08,6.5,6.5,6.5,11.8,11.8,11.8,8.0,8.0,8.0,8.0,8.0,8.0,8.0,8.0,8.0,28.3,28.3,28.3,15.5,15.5,15.5,1028.4,1028.4,1028.4, 0, 0, 0,0,0,0,90,90,90,1791011325
03.10 07:09,6.5,6.5,6.5,11.8,11.8,11.8,8.0,8.0,8.0,8.0,8.0,8.0,8.0,8.0,8.0,28.3,28.3,28.3,15.5,15.5,15.5,1028.4,1028.4,1028.4,91,91,91,0,0,0,90,90,90,1791011385
03.10 07:19,7.0,7.0,7.0,11.5,11.5,11.5,7.7,7.7,7.7,7.7,7.7,7.7,8.0,8.0,8.0,28.3,28.3,28.3,15.5,15.5,15.5,1028.4,1028.4,1028.4, 0, 0, 0,0,0,0,90,90,90,1791011985
03.10 07:20,6.5,6.5,6.5,11.8,11.8,11.8,7.7,7.7,7.7,7.7,7.7,7.7,8.0,8.0,8.0,28.3,28.3,28.3,15.5,15.5,15.5,1028.4,1028.4,1028.4,92,92,92,0,0,0,90,90,90,1791012045
03.10 07:27,7.5,7.5,7.5,11.5,11.5,11.5,7.7,7.7,7.7,7.7,7.7,7.7,8.0,8.0,8.0,28.3,28.3,28.3,15.5,15.5,15.5,1028.4,1028.4,1028.4,92,92,92,0,0,0,90,90,90,1791012465
03.10 07:33,7.5,7.5,7.5,11.5,11.5,11.5,7.7,7.7,7.7,7.7,7.7,7.7,8.0,8.0,8.0,28.3,28.3,28.3,15.5,15.5,15.5,1028.5,1028.5,1028.5,92,92,92,0,0,0,90,90,90,1791012825
03.10 07:48,8.5,8.5,8.5,11.8,11.8,11.8,7.7,7.7,7.7,7.7,7.7,7.7,8.0,8.0,8.0,28.7,28.7,28.7,15.5,15.5,15.5,1028.5,1028.5,1028.5,93,93,93,0,0,0,90,90,90,1791013725
03.10 07:56,8.5,8.5,8.5,11.8,11.8,11.8,7.7,7.7,7.7,7.7,7.7,7.7,8.0,8.0,8.0,29.5,29.5,29.5,15.5,15.5,15.5,1028.5,1028.5,1028.5,93,93,93,0,0,0,90,90,90,1791014205
03.10 08:04,9.5,9.5,9.5,11.8,11.8,11.8,7.7,7.7,7.7,7.7,7.7,7.7,8.0,8.0,8.0,30.0,30.0,30.0,15.5,15.5,15.5,1028.5,1028.5,1028.5,93,93,93,0,0,0,90,90,90,1791014685
03.10 08:08,9.5,9.5,9.5,11.8,11.8,11.8,7.7,7.7,7.7,7.7,7.7,7.7,8.0,8.0,8.0,30.3,30.3,30.3,15.5,15.5,15.5,1028.5,1028.5,1028.5, 0, 0, 0,0,0,0,90,90,90,1791014925
03.10 08:09,9.0,9.0,9.0,11.8,11.8,11.8,7.7,7.7,7.7,7.7,7.7,7.7,8.3,8.3,8.3,30.3,30.3,30.3,15.5,15.5,15.5,1028.5,1028.5,1028.5,93,93,93,0,0,0,90,90,90,1791014985
03.10 08:22,10.0,10.0,10.0,11.8,11.8,11.8,7.7,7.7,7.7,7.7,7.7,7.7,8.3,8.3,8.3,30.8,30.8,30.8,15.5,15.5,15.5,1028.5,1028.5,1028.5,94,94,94,0,0,0,90,90,90,1791015765
03.10 08:25,10.0,10.0,10.0,11.8,11.8,11.8,7.7,7.7,7.7,7.7,7.7,7.7,8.3,8.3,8.3,30.8,30.8,30.8,15.5,15.5,15.5,1028.6,1028.6,1028.6,94,94,94,0,0,0,90,90,90,1791015945
03.10 08:28,10.5,10.5,10.5,11.8,11.8,11.8,7.7,7.7,7.7,7.7,7.7,7.7,8.3,8.3,8.3,30.8,30.8,30.8,15.5,15.5,15.5,1028.6,1028.6,1028.6,94,94,94,0,0,0,90,90,90,1791016125
03.10 08:38,11.0,11.0,11.0,11.8,11.8,11.8,7.7,7.7,7.7,7.7,7.7,7.7,8.3,8.3,8.3,30.8,30.8,30.8,15.5,15.5,15.5,1028.6,1028.6,1028.6,94,94,94,0,0,0,90,90,90,1791016725
03.10 08:47,11.0,11.0,11.0,11.8,11.8,11.8,7.7,7.7,7.7,7.7,7.7,7.7,8.5,8.5,8.5,30.5,30.5,30.5,15.5,15.5,15.5,1028.6,1028.6,1028.6,94,94,94,0,0,0,90,90,90,1791017265
03.10 08:55,12.0,12.0,12.0,12.0,12.0,12.0,7.7,7.7,7.7,7.7,7.7,7.7,8.5,8.5,8.5,30.5,30.5,30.5,15.5,15.5,15.5,1028.6,1028.6,1028.6,94,94,94,0,0,0,90,90,90,1791017745
03.10 09:04,12.5,12.5,12.5,12.0,12.0,12.0,8.0,8.0,8.0,8.0,8.0,8.0,8.5,8.5,8.5,30.8,30.8,30.8,15.5,15.5,15.5,1028.7,1028.7,1028.7,94,94,94,0,0,0,90,90,90,1791018286
03.10 09:06,12.5,12.5,12.5,12.0,12.0,12.0,8.0,8.0,8.0,8.0,8.0,8.0,8.5,8.5,8.5,30.8,30.8,30.8,15.5,15.5,15.5,1028.7,1028.7,1028.7,94,94,94,0,0,0,90,90,90,1791018406
03.10 09:12,13.0,13.0,13.0,12.0,12.0,12.0,8.0,8.0,8.0,8.0,8.0,8.0,8.8,8.8,8.8,31.0,31.0,31.0,15.5,15.5,15.5,1028.8,1028.8,1028.8,93,93,93,0,0,0,90,90,90,1791018766
03.10 09:18,13.0,13.0,13.0,12.0,12.0,12.0,8.0,8.0,8.0,8.0,8.0,8.0,8.8,8.8,8.8,31.2,31.2,31.2,15.5,15.5,15.5,1028.7,1028.7,1028.7,93,93,93,0,0,0,90,90,90,1791019126
03.10 09:28,13.5,13.5,13.5,12.0,12.0,12.0,8.0,8.0,8.0,8.0,8.0,8.0,8.8,8.8,8.8,31.8,31.8,31.8,15.5,15.5,15.5,1028.8,1028.8,1028.8,91,91,91,0,0,0,90,90,90,1791019726
03.10 09:39,14.5,14.5,14.5,12.2,12.2,12.2,8.0,8.0,8.0,8.0,8.0,8.0,9.0,9.0,9.0,32.5,32.5,32.5,15.5,15.5,15.5,1028.7,1028.7,1028.7,90,90,90,0,0,0,90,90,90,1791020386
03.10 09:49,14.5,14.5,14.5,12.2,12.2,12.2,8.3,8.3,8.3,8.3,8.3,8.3,9.0,9.0,9.0,32.7,32.7,32.7,15.5,15.5,15.5,1028.8,1028.8,1028.8, 0, 0, 0,0,0,0,90,90,90,1791020986
03.10 09:50,14.5,14.5,14.5,12.2,12.2,12.2,8.3,8.3,8.3,8.3,8.3,8.3,9.0,9.0,9.0,33.0,33.0,33.0,15.5,15.5,15.5,1028.8,1028.8,1028.8,89,89,89,0,0,0,90,90,90,1791021046
03.10 09:59,15.5,15.5,15.5,12.5,12.5,12.5,8.3,8.3,8.3,8.3,8.3,8.3,9.0,9.0,9.0,33.2,33.2,33.2,15.5,15.5,15.5,1028.7,1028.7,1028.7,88,88,88,0,0,0,90,90,90,1791021586
03.10 10:21,16.5,16.5,16.5,12.8,12.8,12.8,8.8,8.8,8.8,8.8,8.8,8.8,9.5,9.5,9.5,33.5,33.5,33.5,15.5,15.5,15.5,1028.7,1028.7,1028.7,86,86,86,0,0,0,90,90,90,1791022906
03.10 10:36,17.0,17.0,17.0,13.0,13.0,13.0,9.0,9.0,9.0,9.0,9.0,9.0,9.8,9.8,9.8,34.2,34.2,34.2,15.5,15.5,15.5,1028.7,1028.7,1028.7,83,83,83,0,0,0,90,90,90,1791023806
03.10 10:43,18.0,18.0,18.0,13.3,13.3,13.3,9.0,9.0,9.0,9.0,9.0,9.0,10.0,10.0,10.0,34.7,34.7,34.7,15.5,15.5,15.5,1028.7,1028.7,1028.7,83,83,83,0,0,0,90,90,90,1791024226
03.10 10:56,18.5,18.5,18.5,13.5,13.5,13.5,9.3,9.3,9.3,9.3,9.3,9.3,10.3,10.3,10.3,35.7,35.7,35.7,15.5,15.5,15.5,1028.7,1028.7,1028.7,81,81,81,0,0,0,90,90,90,1791025006
03.10 10:57,18.5,18.5,18.5,13.5,13.5,13.5,9.5,9.5,9.5,9.5,9.5,9.5,10.3,10.3,10.3,35.7,35.7,35.7,15.5,15.5,15.5,1028.7,1028.7,1028.7,81,81,81,0,0,0,90,90,90,1791025066
03.10 11:07,19.0,19.0,19.0,13.8,13.8,13.8,9.5,9.5,9.5,9.5,9.5,9.5,10.5,10.5,10.5,36.7,36.7,36.7,15.5,15.5,15.5,1028.6,1028.6,1028.6,80,80,80,0,0,0,90,90,90,1791025666
03.10 11:09,19.0,19.0,19.0,13.8,13.8,13.8,9.5,9.5,9.5,9.5,9.5,9.5,10.5,10.5,10.5,36.7,36.7,36.7,15.5,15.5,15.5,1028.6,1028.6,1028.6,80,80,80,0,0,0,90,90,90,1791025786
03.10 11:11,19.0,19.0,19.0,14.0,14.0,14.0,9.8,9.8,9.8,9.8,9.8,9.8,10.5,10.5,10.5,37.0,37.0,37.0,15.5,15.5,15.5,1028.5,1028.5,1028.5,80,80,80,0,0,0,90,90,90,1791025906
03.10 11:21,19.5,19.5,19.5,14.0,14.0,14.0,10.0,10.0,10.0,10.0,10.0,10.0,10.8,10.8,10.8,37.7,37.7,37.7,15.5,15.5,15.5,1028.4,1028.4,1028.4,79,79,79,0,0,0,90,90,90,1791026506
03.10 11:29,19.5,19.5,19.5,14.3,14.3,14.3,10.0,10.0,10.0,10.0,10.0,10.0,11.0,11.0,11.0,38.5,38.5,38.5,15.5,15.5,15.5,1028.4,1028.4,1028.4,77,77,77,0,0,0,90,90,90,1791026986
03.10 11:33,20.0,20.0,20.0,14.3,14.3,14.3,10.3,10.3,10.3,10.3,10.3,10.3,11.0,11.0,11.0,38.7,38.7,38.7,15.5,15.5,15.5,1028.3,1028.3,1028.3,76,76,76,0,0,0,90,90,90,1791027226
03.10 11:36,20.5,20.5,20.5,14.3,14.3,14.3,10.3,10.3,10.3,10.3,10.3,10.3,11.0,11.0,11.0,39.0,39.0,39.0,15.5,15.5,15.5,1028.3,1028.3,1028.3,77,77,77,0,0,0,90,90,90,1791027406
03.10 11:45,20.5,20.5,20.5,14.5,14.5,14.5,10.5,10.5,10.5,10.5,10.5,10.5,11.3,11.3,11.3,40.0,40.0,40.0,15.5,15.5,15.5,1028.3,1028.3,1028.3,76,76,76,0,0,0,90,90,90,1791027946
03.10 11:51,20.5,20.5,20.5,14.5,14.5,14.5,10.5,10.5,10.5,10.5,10.5,10.5,11.5,11.5,11.5,40.5,40.5,40.5,15.5,15.5,15.5,1028.3,1028.3,1028.3,76,76,76,93,93,93,90,90,90,1791028306
03.10 12:03,21.5,21.5,21.5,14.5,14.5,14.5,10.8,10.8,10.8,10.8,10.8,10.8,11.8,11.8,11.8,41.2,41.2,41.2,15.5,15.5,15.5,1028.2,1028.2,1028.2,75,75,75,93,93,93,90,90,90,1791029027
03.10 12:08,21.5,21.5,21.5,14.7,14.7,14.7,11.0,11.0,11.0,11.0,11.0,11.0,11.8,11.8,11.8,41.5,41.5,41.5,15.5,15.5,15.5,1028.2,1028.2,1028.2,74,74,74,93,93,93,90,90,90,1791029327
03.10 12:11,21.5,21.5,21.5,14.7,14.7,14.7,11.0,11.0,11.0,11.0,11.0,11.0,11.8,11.8,11.8,41.5,41.5,41.5,15.5,15.5,15.5,1028.1,1028.1,1028.1,73,73,73,93,93,93,90,90,90,1791029507
03.10 12:20,21.5,21.5,21.5,14.7,14.7,14.7,11.3,11.3,11.3,11.3,11.3,11.3,12.0,12.0,12.0,42.2,42.2,42.2,15.5,15.5,15.5,1028.1,1028.1,1028.1,71,71,71,93,93,93,90,90,90,1791030047
03.10 12:25,21.5,21.5,21.5,15.0,15.0,15.0,11.3,11.3,11.3,11.5,11.5,11.5,12.0,12.0,12.0,42.5,42.5,42.5,15.5,15.5,15.5,1028.0,1028.0,1028.0,70,70,70,93,93,93,90,90,90,1791030347
03.10 12:29,22.0,22.0,22.0,15.0,15.0,15.0,11.5,11.5,11.5,11.5,11.5,11.5,12.2,12.2,12.2,42.7,42.7,42.7,15.5,15.5,15.5,1028.0,1028.0,1028.0,68,68,68,93,93,93,90,90,90,1791030587
03.10 12:32,22.0,22.0,22.0,15.0,15.0,15.0,11.5,11.5,11.5,11.5,11.5,11.5,12.2,12.2,12.2,42.7,42.7,42.7,15.5,15.5,15.5,1027.9,1027.9,1027.9,69,69,69,93,93,93,90,90,90,1791030767
03.10 12:39,22.5,22.5,22.5,15.0,15.0,15.0,11.8,11.8,11.8,11.8,11.8,11.8,12.5,12.5,12.5,43.3,43.3,43.3,15.5,15.5,15.5,1027.8,1027.8,1027.8,65,65,65,93,93,93,90,90,90,1791031187
03.10 12:45,22.5,22.5,22.5,15.0,15.0,15.0,11.8,11.8,11.8,11.8,11.8,11.8,12.5,12.5,12.5,43.5,43.5,43.5,15.5,15.5,15.5,1027.8,1027.8,1027.8,61,61,61,93,93,93,90,90,90,1791031547
03.10 12:48,22.5,22.5,22.5,15.3,15.3,15.3,12.0,12.0,12.0,12.0,12.0,12.0,12.5,12.5,12.5,43.5,43.5,43.5,15.5,15.5,15.5,1027.8,1027.8,1027.8,64,64,64,93,93,93,90,90,90,1791031727
03.10 12:53,22.5,22.5,22.5,15.3,15.3,15.3,12.0,12.0,12.0,12.0,12.0,12.0,12.8,12.8,12.8,43.5,43.5,43.5,15.5,15.5,15.5,1027.8,1027.8,1027.8,61,61,61,93,93,93,90,90,90,1791032027
03.10 13:02,22.5,22.5,22.5,15.3,15.3,15.3,12.5,12.5,12.5,12.5,12.5,12.5,12.8,12.8,12.8,43.7,43.7,43.7,15.5,15.5,15.5,1027.7,1027.7,1027.7,62,62,62,93,93,93,90,90,90,1791032567
03.10 13:08,23.0,23.0,23.0,15.3,15.3,15.3,12.5,12.5,12.5,12.5,12.5,12.5,13.0,13.0,13.0,44.0,44.0,44.0,15.5,15.5,15.5,1027.7,1027.7,1027.7,61,61,61,93,93,93,90,90,90,1791032927
03.10 13:17,22.5,22.5,22.5,15.5,15.5,15.5,13.0,13.0,13.0,13.0,13.0,13.0,13.3,13.3,13.3,44.2,44.2,44.2,15.5,15.5,15.5,1027.6,1027.6,1027.6,60,60,60,93,93,93,90,90,90,1791033467
03.10 13:25,23.0,23.0,23.0,15.5,15.5,15.5,13.5,13.5,13.5,13.5,13.5,13.5,13.3,13.3,13.3,44.7,44.7,44.7,15.5,15.5,15.5,1027.6,1027.6,1027.6,63,63,63,93,93,93,90,90,90,1791033947
03.10 13:29,23.0,23.0,23.0,15.5,15.5,15.5,13.8,13.8,13.8,13.8,13.8,13.8,13.3,13.3,13.3,44.7,44.7,44.7,15.5,15.5,15.5,1027.5,1027.5,1027.5,62,62,62,93,93,93,90,90,90,1791034187
03.10 13:33,23.5,23.5,23.5,15.5,15.5,15.5,14.3,14.3,14.3,14.3,14.3,14.3,13.5,13.5,13.5,45.0,45.0,45.0,15.5,15.5,15.5,1027.5,1027.5,1027.5,62,62,62,93,93,93,90,90,90,1791034427
03.10 13:41,23.5,23.5,23.5,15.5,15.5,15.5,14.7,14.7,14.7,14.7,14.7,14.7,13.5,13.5,13.5,45.2,45.2,45.2,15.5,15.5,15.5,1027.4,1027.4,1027.4,62,62,62,93,93,93,90,90,90,1791034907
03.10 13:49,23.0,23.0,23.0,15.8,15.8,15.8,14.7,14.7,14.7,14.7,14.7,14.7,13.8,13.8,13.8,45.8,45.8,45.8,15.5,15.5,15.5,1027.3,1027.3,1027.3,62,62,62,93,93,93,90,90,90,1791035387
03.10 13:59,23.5,23.5,23.5,15.8,15.8,15.8,14.7,14.7,14.7,14.7,14.7,14.7,13.8,13.8,13.8,46.2,46.2,46.2,16.0,16.0,16.0,1027.3,1027.3,1027.3,60,60,60,93,93,93,90,90,90,1791035987
03.10 14:12,24.0,24.0,24.0,15.8,15.8,15.8,14.7,14.7,14.7,14.7,14.7,14.7,14.0,14.0,14.0,47.0,47.0,47.0,16.0,16.0,16.0,1027.2,1027.2,1027.2,62,62,62,93,93,93,90,90,90,1791036767
03.10 14:19,24.0,24.0,24.0,15.8,15.8,15.8,14.7,14.7,14.7,14.7,14.7,14.7,14.0,14.0,14.0,47.2,47.2,47.2,16.5,16.5,16.5,1027.2,1027.2,1027.2,60,60,60,93,93,93,90,90,90,1791037187
03.10 14:23,24.0,24.0,24.0,15.8,15.8,15.8,14.7,14.7,14.7,14.7,14.7,14.7,14.0,14.0,14.0,47.5,47.5,47.5,16.5,16.5,16.5,1027.1,1027.1,1027.1,62,62,62,93,93,93,90,90,90,1791037427
03.10 14:27,24.0,24.0,24.0,15.8,15.8,15.8,14.7,14.7,14.7,14.7,14.7,14.7,14.3,14.3,14.3,47.7,47.7,47.7,16.5,16.5,16.5,1027.1,1027.1,1027.1,59,59,59,93,93,93,90,90,90,1791037667
03.10 14:35,24.5,24.5,24.5,15.8,15.8,15.8,14.7,14.7,14.7,14.7,14.7,14.7,14.3,14.3,14.3,48.0,48.0,48.0,16.0,16.0,16.0,1027.0,1027.0,1027.0,62,62,62,93,93,93,90,90,90,1791038147
03.10 14:42,24.0,24.0,24.0,15.8,15.8,15.8,14.7,14.7,14.7,14.7,14.7,14.7,14.3,14.3,14.3,48.5,48.5,48.5,16.0,16.0,16.0,1027.0,1027.0,1027.0,61,61,61,93,93,93,90,90,90,1791038567
03.10 14:47,24.0,24.0,24.0,15.8,15.8,15.8,14.7,14.7,14.7,14.7,14.7,14.7,14.3,14.3,14.3,48.7,48.7,48.7,16.0,16.0,16.0,1026.9,1026.9,1026.9,61,61,61,93,93,93,90,90,90,1791038867
03.10 14:50,24.5,24.5,24.5,15.8,15.8,15.8,14.7,14.7,14.7,14.7,14.7,14.7,14.3,14.3,14.3,48.7,48.7,48.7,16.0,16.0,16.0,1026.8,1026.8,1026.8,62,62,62,93,93,93,90,90,90,1791039047
03.10 14:52,23.5,23.5,23.5,15.8,15.8,15.8,14.7,14.7,14.7,14.7,14.7,14.7,14.3,14.3,14.3,48.7,48.7,48.7,16.0,16.0,16.0,1026.8,1026.8,1026.8,58,58,58,93,93,93,90,90,90,1791039167
03.10 14:58,24.0,24.0,24.0,15.8,15.8,15.8,14.7,14.7,14.7,14.7,14.7,14.7,14.5,14.5,14.5,49.0,49.0,49.0,16.0,16.0,16.0,1026.7,1026.7,1026.7,59,59,59,93,93,93,90,90,90,1791039528
03.10 15:06,24.5,24.5,24.5,15.8,15.8,15.8,15.0,15.0,15.0,14.7,14.7,14.7,14.5,14.5,14.5,49.2,49.2,49.2,16.0,16.0,16.0,1026.7,1026.7,1026.7,60,60,60,93,93,93,90,90,90,1791040008
03.10 15:08,24.5,24.5,24.5,15.8,15.8,15.8,15.0,15.0,15.0,15.0,15.0,15.0,14.5,14.5,14.5,49.2,49.2,49.2,16.0,16.0,16.0,1026.7,1026.7,1026.7,60,60,60,79,79,79,90,90,90,1791040128
03.10 15:12,24.5,24.5,24.5,15.8,15.8,15.8,14.7,14.7,14.7,15.0,15.0,15.0,14.5,14.5,14.5,49.2,49.2,49.2,16.0,16.0,16.0,1026.6,1026.6,1026.6,60,60,60,79,79,79,90,90,90,1791040368
03.10 15:15,24.5,24.5,24.5,15.8,15.8,15.8,15.0,15.0,15.0,15.0,15.0,15.0,14.5,14.5,14.5,49.2,49.2,49.2,15.5,15.5,15.5,1026.6,1026.6,1026.6, 0, 0, 0,79,79,79,90,90,90,1791040548
03.10 15:16,24.5,24.5,24.5,15.8,15.8,15.8,15.0,15.0,15.0,15.0,15.0,15.0,14.5,14.5,14.5,49.2,49.2,49.2,16.0,16.0,16.0,1026.6,1026.6,1026.6,60,60,60,79,79,79,90,90,90,1791040608
03.10 15:22,24.5,24.5,24.5,15.5,15.5,15.5,15.0,15.0,15.0,15.0,15.0,15.0,14.5,14.5,14.5,49.0,49.0,49.0,16.0,16.0,16.0,1026.5,1026.5,1026.5,59,59,59,73,73,73,90,90,90,1791040968
03.10 15:23,24.5,24.5,24.5,15.5,15.5,15.5,15.0,15.0,15.0,15.0,15.0,15.0,14.5,14.5,14.5,48.7,48.7,48.7,16.0,16.0,16.0,1026.5,1026.5,1026.5,59,59,59,122,122,122,90,90,90,1791041028
03.10 15:27,24.0,24.0,24.0,15.5,15.5,15.5,15.0,15.0,15.0,15.0,15.0,15.0,14.5,14.5,14.5,48.5,48.5,48.5,16.0,16.0,16.0,1026.5,1026.5,1026.5,57,57,57,122,122,122,90,90,90,1791041268
03.10 15:35,24.5,24.5,24.5,15.5,15.5,15.5,15.0,15.0,15.0,15.0,15.0,15.0,14.5,14.5,14.5,47.7,47.7,47.7,15.5,15.5,15.5,1026.4,1026.4,1026.4,59,59,59,126,126,126,90,90,90,1791041748
03.10 15:42,24.5,24.5,24.5,15.5,15.5,15.5,15.0,15.0,15.0,15.0,15.0,15.0,14.5,14.5,14.5,47.2,47.2,47.2,15.5,15.5,15.5,1026.4,1026.4,1026.4,59,59,59,126,126,126,90,90,90,1791042168
03.10 15:43,24.5,24.5,24.5,15.5,15.5,15.5,15.0,15.0,15.0,15.0,15.0,15.0,14.5,14.5,14.5,47.2,47.2,47.2,15.5,15.5,15.5,1026.4,1026.4,1026.4,59,59,59,68,68,68,90,90,90,1791042228
03.10 15:44,24.5,24.5,24.5,15.5,15.5,15.5,15.0,15.0,15.0,15.0,15.0,15.0,14.5,14.5,14.5,47.2,47.2,47.2,15.5,15.5,15.5,1026.4,1026.4,1026.4,59,59,59,0,0,0,90,90,90,1791042288
03.10 15:47,24.5,24.5,24.5,15.5,15.5,15.5,15.0,15.0,15.0,15.0,15.0,15.0,14.5,14.5,14.5,47.0,47.0,47.0,15.5,15.5,15.5,1026.3,1026.3,1026.3, 0, 0, 0,0,0,0,90,90,90,1791042468
03.10 15:48,24.5,24.5,24.5,15.5,15.5,15.5,15.0,15.0,15.0,15.0,15.0,15.0,14.5,14.5,14.5,47.0,47.0,47.0,15.5,15.5,15.5,1026.3,1026.3,1026.3,60,60,60,0,0,0,90,90,90,1791042528
03.10 16:05,24.5,24.5,24.5,15.5,15.5,15.5,15.0,15.0,15.0,15.0,15.0,15.0,14.7,14.7,14.7,46.5,46.5,46.5,15.5,15.5,15.5,1026.3,1026.3,1026.3,61,61,61,0,0,0,90,90,90,1791043548
03.10 16:16,24.5,24.5,24.5,15.5,15.5,15.5,15.0,15.0,15.0,15.0,15.0,15.0,14.7,14.7,14.7,46.7,46.7,46.7,15.5,15.5,15.5,1026.2,1026.2,1026.2,62,62,62,0,0,0,90,90,90,1791044208
03.10 16:22,24.5,24.5,24.5,15.5,15.5,15.5,15.0,15.0,15.0,15.0,15.0,15.0,14.7,14.7,14.7,46.5,46.5,46.5,15.5,15.5,15.5,1026.2,1026.2,1026.2,63,63,63,0,0,0,90,90,90,1791044568
03.10 16:28,24.0,24.0,24.0,15.5,15.5,15.5,15.0,15.0,15.0,15.0,15.0,15.0,14.7,14.7,14.7,46.2,46.2,46.2,15.5,15.5,15.5,1026.1,1026.1,1026.1,64,64,64,0,0,0,90,90,90,1791044928
03.10 16:36,24.0,24.0,24.0,15.5,15.5,15.5,15.0,15.0,15.0,15.0,15.0,15.0,14.7,14.7,14.7,46.2,46.2,46.2,15.5,15.5,15.5,1026.1,1026.1,1026.1,62,62,62,61,61,61,90,90,90,1791045408
03.10 16:47,23.5,23.5,23.5,15.5,15.5,15.5,15.0,15.0,15.0,15.0,15.0,15.0,14.7,14.7,14.7,46.0,46.0,46.0,15.5,15.5,15.5,1026.0,1026.0,1026.0,63,63,63,61,61,61,90,90,90,1791046068
03.10 16:59,23.5,23.5,23.5,15.5,15.5,15.5,15.0,15.0,15.0,15.0,15.0,15.0,14.7,14.7,14.7,46.0,46.0,46.0,15.5,15.5,15.5,1026.0,1026.0,1026.0,65,65,65,61,61,61,90,90,90,1791046788
03.10 17:07,37.5,37.5,37.5,15.3,15.3,15.3,15.0,15.0,15.0,15.0,15.0,15.0,14.7,14.7,14.7,45.8,45.8,45.8,15.5,15.5,15.5,1025.9,1025.9,1025.9,66,66,66,61,61,61,90,90,90,1791047268
03.10 17:18,37.5,37.5,37.5,15.3,15.3,15.3,15.0,15.0,15.0,15.0,15.0,15.0,14.7,14.7,14.7,45.8,45.8,45.8,15.5,15.5,15.5,1025.9,1025.9,1025.9,70,70,70,61,61,61,90,90,90,1791047928
03.10 17:24,37.5,37.5,37.5,15.3,15.3,15.3,15.0,15.0,15.0,15.0,15.0,15.0,14.7,14.7,14.7,45.5,45.5,45.5,15.5,15.5,15.5,1025.9,1025.9,1025.9,73,73,73,61,61,61,90,90,90,1791048288
03.10 17:41,37.5,37.5,37.5,15.0,15.0,15.0,14.7,14.7,14.7,14.7,14.7,14.7,14.7,14.7,14.7,45.2,45.2,45.2,15.5,15.5,15.5,1026.0,1026.0,1026.0,77,77,77,61,61,61,90,90,90,1791049308
03.10 17:45,37.5,37.5,37.5,15.0,15.0,15.0,14.7,14.7,14.7,14.7,14.7,14.7,14.5,14.5,14.5,45.0,45.0,45.0,15.5,15.5,15.5,1026.0,1026.0,1026.0, 0, 0, 0,61,61,61,90,90,90,1791049548
03.10 17:46,37.5,37.5,37.5,15.0,15.0,15.0,14.7,14.7,14.7,14.7,14.7,14.7,14.5,14.5,14.5,45.0,45.0,45.0,15.5,15.5,15.5,1026.0,1026.0,1026.0,78,78,78,61,61,61,90,90,90,1791049602
03.10 18:04,37.5,37.5,37.5,15.0,15.0,15.0,14.7,14.7,14.7,14.7,14.7,14.7,14.5,14.5,14.5,44.2,44.2,44.2,15.5,15.5,15.5,1026.0,1026.0,1026.0,79,79,79,61,61,61,90,90,90,1791050683
03.10 18:07,20.5,20.5,20.5,14.7,14.7,14.7,14.7,14.7,14.7,14.7,14.7,14.7,14.5,14.5,14.5,44.2,44.2,44.2,15.5,15.5,15.5,1026.1,1026.1,1026.1,79,79,79,61,61,61,90,90,90,1791050863
03.10 18:19,19.5,19.5,19.5,14.7,14.7,14.7,14.5,14.5,14.5,14.5,14.5,14.5,14.5,14.5,14.5,43.7,43.7,43.7,15.5,15.5,15.5,1026.1,1026.1,1026.1,81,81,81,61,61,61,90,90,90,1791051583
03.10 18:26,18.5,18.5,18.5,14.7,14.7,14.7,14.5,14.5,14.5,14.5,14.5,14.5,14.3,14.3,14.3,43.5,43.5,43.5,15.5,15.5,15.5,1026.1,1026.1,1026.1,83,83,83,61,61,61,90,90,90,1791052003
03.10 18:39,18.5,18.5,18.5,14.5,14.5,14.5,14.3,14.3,14.3,14.3,14.3,14.3,14.3,14.3,14.3,43.3,43.3,43.3,15.5,15.5,15.5,1026.1,1026.1,1026.1,83,83,83,61,61,61,90,90,90,1791052783
03.10 18:46,17.5,17.5,17.5,14.5,14.5,14.5,14.3,14.3,14.3,14.3,14.3,14.3,14.3,14.3,14.3,43.3,43.3,43.3,15.5,15.5,15.5,1026.0,1026.0,1026.0,84,84,84,61,61,61,90,90,90,1791053203
03.10 18:53,17.0,17.0,17.0,14.5,14.5,14.5,14.3,14.3,14.3,14.3,14.3,14.3,14.3,14.3,14.3,43.0,43.0,43.0,15.5,15.5,15.5,1026.0,1026.0,1026.0,85,85,85,61,61,61,90,90,90,1791053623
03.10 18:59,17.5,17.5,17.5,14.5,14.5,14.5,14.3,14.3,14.3,14.3,14.3,14.3,14.0,14.0,14.0,42.7,42.7,42.7,15.5,15.5,15.5,1026.0,1026.0,1026.0,85,85,85,61,61,61,90,90,90,1791053983
03.10 19:16,17.0,17.0,17.0,14.3,14.3,14.3,14.0,14.0,14.0,14.0,14.0,14.0,14.0,14.0,14.0,41.7,41.7,41.7,15.5,15.5,15.5,1026.1,1026.1,1026.1, 0, 0, 0,61,61,61,90,90,90,1791055003
03.10 19:17,17.0,17.0,17.0,14.3,14.3,14.3,14.0,14.0,14.0,14.0,14.0,14.0,14.0,14.0,14.0,41.7,41.7,41.7,15.5,15.5,15.5,1026.0,1026.0,1026.0,86,86,86,61,61,61,90,90,90,1791055063
03.10 19:24,17.0,17.0,17.0,14.3,14.3,14.3,13.8,13.8,13.8,13.8,13.8,13.8,13.8,13.8,13.8,41.2,41.2,41.2,15.5,15.5,15.5,1026.0,1026.0,1026.0, 0, 0, 0,61,61,61,90,90,90,1791055483
03.10 19:25,17.0,17.0,17.0,14.3,14.3,14.3,13.8,13.8,13.8,13.8,13.8,13.8,13.8,13.8,13.8,41.0,41.0,41.0,15.5,15.5,15.5,1026.0,1026.0,1026.0,86,86,86,61,61,61,90,90,90,1791055543
03.10 19:28,17.0,17.0,17.0,14.3,14.3,14.3,13.8,13.8,13.8,13.8,13.8,13.8,13.8,13.8,13.8,40.8,40.8,40.8,15.5,15.5,15.5,1026.0,1026.0,1026.0,87,87,87,61,61,61,90,90,90,1791055723
03.10 19:39,16.0,16.0,16.0,14.3,14.3,14.3,13.8,13.8,13.8,13.8,13.8,13.8,13.8,13.8,13.8,39.7,39.7,39.7,15.5,15.5,15.5,1026.0,1026.0,1026.0,87,87,87,61,61,61,90,90,90,1791056383
03.10 19:43,37.5,37.5,37.5,14.3,14.3,14.3,13.8,13.8,13.8,13.8,13.8,13.8,13.8,13.8,13.8,39.5,39.5,39.5,15.5,15.5,15.5,1026.0,1026.0,1026.0,87,87,87,61,61,61,90,90,90,1791056623
03.10 19:53,37.5,37.5,37.5,14.0,14.0,14.0,13.5,13.5,13.5,13.5,13.5,13.5,13.5,13.5,13.5,38.7,38.7,38.7,15.5,15.5,15.5,1026.1,1026.1,1026.1,88,88,88,61,61,61,90,90,90,1791057223
03.10 20:05,37.5,37.5,37.5,14.0,14.0,14.0,13.5,13.5,13.5,13.5,13.5,13.5,13.5,13.5,13.5,37.7,37.7,37.7,15.5,15.5,15.5,1026.0,1026.0,1026.0,89,89,89,61,61,61,90,90,90,1791057943
03.10 20:17,26.0,26.0,26.0,14.0,14.0,14.0,13.3,13.3,13.3,13.3,13.3,13.3,13.3,13.3,13.3,37.0,37.0,37.0,15.5,15.5,15.5,1026.1,1026.1,1026.1,89,89,89,61,61,61,90,90,90,1791058663
03.10 20:18,-16.0,-16.0,-16.0,14.0,14.0,14.0,13.3,13.3,13.3,13.3,13.3,13.3,13.3,13.3,13.3,37.0,37.0,37.0,15.5,15.5,15.5,1026.0,1026.0,1026.0,89,89,89,61,61,61,90,90,90,1791058723
03.10 20:26,-16.0,-16.0,-16.0,14.0,14.0,14.0,13.3,13.3,13.3,13.3,13.3,13.3,13.3,13.3,13.3,36.2,36.2,36.2,15.5,15.5,15.5,1026.0,1026.0,1026.0, 0, 0, 0,61,61,61,90,90,90,1791059203
03.10 20:27,-16.0,-16.0,-16.0,14.0,14.0,14.0,13.3,13.3,13.3,13.3,13.3,13.3,13.3,13.3,13.3,36.2,36.2,36.2,15.5,15.5,15.5,1026.0,1026.0,1026.0,89,89,89,61,61,61,90,90,90,1791059263
03.10 20:41,-16.0,-16.0,-16.0,13.8,13.8,13.8,13.0,13.0,13.0,13.0,13.0,13.0,13.0,13.0,13.0,35.2,35.2,35.2,15.5,15.5,15.5,1026.0,1026.0,1026.0,89,89,89,61,61,61,90,90,90,1791060103
03.10 20:48,14.5,14.5,14.5,42.0,42.0,42.0,13.0,13.0,13.0,13.0,13.0,13.0,13.0,13.0,13.0,35.0,35.0,35.0,15.5,15.5,15.5,1026.0,1026.0,1026.0,90,90,90,61,61,61,90,90,90,1791060523
03.10 20:49,14.5,14.5,14.5,13.8,13.8,13.8,13.0,13.0,13.0,13.0,13.0,13.0,13.0,13.0,13.0,34.7,34.7,34.7,15.5,15.5,15.5,1026.0,1026.0,1026.0,90,90,90,61,61,61,90,90,90,1791060583
